<?xml version="1.0" encoding="UTF-8" ?>
<Dialogue date="2009-03-26" > 
<turn mode="chat" speaker="george" end_time="8:26:17 PM" turn_no="2" dialog_act="" comm_act_type="" link_to="" pos="" pos_count="" pos_origin="" topic="" polarity="">good evening!</turn>
<turn mode="chat" speaker="rachael" end_time="8:26:26 PM" turn_no="3" dialog_act="" comm_act_type="" link_to="" pos="" pos_count="" pos_origin="" topic="" polarity="">Hello!</turn>
<turn mode="chat" speaker="rachael" end_time="8:26:48 PM" turn_no="4" dialog_act="" comm_act_type="" link_to="" pos="" pos_count="" pos_origin="" topic="" polarity="">I'm sure someone else is supposed to be here/</turn>
<turn mode="chat" speaker="george" end_time="8:27:24 PM" turn_no="5" dialog_act="" comm_act_type="" link_to="" pos="" pos_count="" pos_origin="" topic="" polarity="">i think several people are</turn>
<turn mode="chat" speaker="rachael" end_time="8:28:11 PM" turn_no="6" dialog_act="" comm_act_type="" link_to="" pos="" pos_count="" pos_origin="" topic="" polarity="">Well, we're just the punctual ones.</turn>
<turn mode="chat" speaker="george" end_time="8:28:45 PM" turn_no="7" dialog_act="" comm_act_type="" link_to="" pos="" pos_count="" pos_origin="" topic="" polarity="">hello</turn>
<turn mode="chat" speaker="amy" end_time="8:28:59 PM" turn_no="8" dialog_act="" comm_act_type="" link_to="" pos="" pos_count="" pos_origin="" topic="" polarity="">Hey everyone</turn>
<turn mode="chat" speaker="george" end_time="8:29:24 PM" turn_no="9" dialog_act="" comm_act_type="" link_to="" pos="" pos_count="" pos_origin="" topic="" polarity="">i got tapped to "lead" the chat tonight :)</turn>
<turn mode="chat" speaker="amy" end_time="8:29:38 PM" turn_no="10" dialog_act="" comm_act_type="" link_to="" pos="" pos_count="" pos_origin="" topic="" polarity="">Oh ok, i was just wondering about that</turn>
<turn mode="chat" speaker="rachael" end_time="8:29:42 PM" turn_no="11" dialog_act="" comm_act_type="" link_to="" pos="" pos_count="" pos_origin="" topic="" polarity="">Hi amy.  What's the topic, george?</turn>
<turn mode="chat" speaker="amy" end_time="8:29:48 PM" turn_no="12" dialog_act="" comm_act_type="" link_to="" pos="" pos_count="" pos_origin="" topic="" polarity="">This is my first attendance</turn>
<turn mode="chat" speaker="george" end_time="8:30:16 PM" turn_no="13" dialog_act="" comm_act_type="" link_to="" pos="" pos_count="" pos_origin="" topic="" polarity="">i was thinking of economic topics...starting with bernie madoff ^_^</turn>
<turn mode="chat" speaker="amy" end_time="8:30:41 PM" turn_no="14" dialog_act="" comm_act_type="" link_to="" pos="" pos_count="" pos_origin="" topic="" polarity="">l i have general knowledge but nothing too specific</turn>
<turn mode="chat" speaker="rachael" end_time="8:31:27 PM" turn_no="15" dialog_act="" comm_act_type="" link_to="" pos="" pos_count="" pos_origin="" topic="" polarity="">There's a great Woody Allen story in the New Yorker this week about two men, reincarnated as lobsters, attaching Bernie Madoff.</turn>
<turn mode="chat" speaker="george" end_time="8:31:34 PM" turn_no="16" dialog_act="" comm_act_type="" link_to="" pos="" pos_count="" pos_origin="" topic="" polarity="">do you know what a ponzi scheme is?</turn>
<turn mode="chat" speaker="rachael" end_time="8:32:08 PM" turn_no="17" dialog_act="" comm_act_type="" link_to="" pos="" pos_count="" pos_origin="" topic="" polarity="">I meant attacking.  He outPonzied Ponzi.</turn>
<turn mode="chat" speaker="amy" end_time="8:32:08 PM" turn_no="18" dialog_act="" comm_act_type="" link_to="" pos="" pos_count="" pos_origin="" topic="" polarity="">i have heard that term ponzi recentlybut cant recall what itis, so no</turn>
<turn mode="chat" speaker="george" end_time="8:32:38 PM" turn_no="19" dialog_act="" comm_act_type="" link_to="" pos="" pos_count="" pos_origin="" topic="" polarity="">hehe rachael</turn>
<turn mode="chat" speaker="george" end_time="8:33:13 PM" turn_no="20" dialog_act="" comm_act_type="" link_to="" pos="" pos_count="" pos_origin="" topic="" polarity="">ok, here's how a ponzi scheme works...i tell you that if you let me handle your investments, i'll give you great returns</turn>
<turn mode="chat" speaker="george" end_time="8:33:34 PM" turn_no="21" dialog_act="" comm_act_type="" link_to="" pos="" pos_count="" pos_origin="" topic="" polarity="">so you hand over your money and i go eat well</turn>
<turn mode="chat" speaker="amy" end_time="8:33:40 PM" turn_no="22" dialog_act="" comm_act_type="" link_to="" pos="" pos_count="" pos_origin="" topic="" polarity="">i do know that it is horible that so many people were so affected-  by one person with no ethics</turn>
<turn mode="chat" speaker="rachael" end_time="8:34:02 PM" turn_no="23" dialog_act="" comm_act_type="" link_to="" pos="" pos_count="" pos_origin="" topic="" polarity="">In a Ponzi scheme, I would convince george to invest $5 by promising him $10.  Then I would get you to invest $10 and give that $10 to george.  I'd keep doing this until I went to jail.</turn>
<turn mode="chat" speaker="george" end_time="8:34:05 PM" turn_no="24" dialog_act="" comm_act_type="" link_to="" pos="" pos_count="" pos_origin="" topic="" polarity="">then when you want to cash out your investments, i take money from somebody else much in a similar situation to yours, and pay you with their money</turn>
<turn mode="chat" speaker="amy" end_time="8:34:28 PM" turn_no="25" dialog_act="" comm_act_type="" link_to="" pos="" pos_count="" pos_origin="" topic="" polarity="">got it</turn>
<turn mode="chat" speaker="george" end_time="8:35:01 PM" turn_no="26" dialog_act="" comm_act_type="" link_to="" pos="" pos_count="" pos_origin="" topic="" polarity="">so basically to keep it running, you need new investors constantly</turn>
<turn mode="chat" speaker="amy" end_time="8:35:26 PM" turn_no="27" dialog_act="" comm_act_type="" link_to="" pos="" pos_count="" pos_origin="" topic="" polarity="">and why do people turn the other way afer they hand over their money?</turn>
<turn mode="chat" speaker="rachael" end_time="8:35:34 PM" turn_no="28" dialog_act="" comm_act_type="" link_to="" pos="" pos_count="" pos_origin="" topic="" polarity="">I understand his wife is still socking away money and living in their Park Ave. penthouse.</turn>
<turn mode="chat" speaker="george" end_time="8:35:42 PM" turn_no="29" dialog_act="" comm_act_type="" link_to="" pos="" pos_count="" pos_origin="" topic="" polarity="">madoff's problem was that he didn't have enough money to pay people that needed the money as the economy tanked</turn>
<turn mode="chat" speaker="amy" end_time="8:35:57 PM" turn_no="30" dialog_act="" comm_act_type="" link_to="" pos="" pos_count="" pos_origin="" topic="" polarity="">or did he provide falsified papers to "prove" he was helping their financial situations?</turn>
<turn mode="chat" speaker="rachael" end_time="8:36:07 PM" turn_no="31" dialog_act="" comm_act_type="" link_to="" pos="" pos_count="" pos_origin="" topic="" polarity="">Well, they got statements that showed that their money was growing.</turn>
<turn mode="chat" speaker="george" end_time="8:36:23 PM" turn_no="32" dialog_act="" comm_act_type="" link_to="" pos="" pos_count="" pos_origin="" topic="" polarity="">yes, the ponzi scheme is fraud...statements were falsified</turn>
<turn mode="chat" speaker="george" end_time="8:36:49 PM" turn_no="33" dialog_act="" comm_act_type="" link_to="" pos="" pos_count="" pos_origin="" topic="" polarity="">ok so here's where i find it gets interesting...</turn>
<turn mode="chat" speaker="rachael" end_time="8:37:07 PM" turn_no="34" dialog_act="" comm_act_type="" link_to="" pos="" pos_count="" pos_origin="" topic="" polarity="">It sounds as though running a Ponzi scheme is more work than actual investing, but, of course, the crook keeps th emoney.</turn>
<turn mode="chat" speaker="george" end_time="8:37:11 PM" turn_no="35" dialog_act="" comm_act_type="" link_to="" pos="" pos_count="" pos_origin="" topic="" polarity="">apparently some charity got bankrupted by madoff's ponzi scheme</turn>
<turn mode="chat" speaker="amy" end_time="8:37:38 PM" turn_no="36" dialog_act="" comm_act_type="" link_to="" pos="" pos_count="" pos_origin="" topic="" polarity="">yes rachael- i was wondering that too!  why even bother</turn>
<turn mode="chat" speaker="amy" end_time="8:38:05 PM" turn_no="37" dialog_act="" comm_act_type="" link_to="" pos="" pos_count="" pos_origin="" topic="" polarity="">oh no-  do u know what charity?</turn>
<turn mode="chat" speaker="george" end_time="8:38:07 PM" turn_no="38" dialog_act="" comm_act_type="" link_to="" pos="" pos_count="" pos_origin="" topic="" polarity="">if we could show that people starved to death because a charity was unable to sustain their services due to madoff, should he be held accountable for their deaths?</turn>
<turn mode="chat" speaker="rachael" end_time="8:38:12 PM" turn_no="39" dialog_act="" comm_act_type="" link_to="" pos="" pos_count="" pos_origin="" topic="" polarity="">Friends of ours know the Madoff accountant, who has a two-erson accounting firm in New City.  He's been arrested.  His daughter goes to the local highschool and is humiliated.</turn>
<turn mode="chat" speaker="rachael" end_time="8:38:26 PM" turn_no="40" dialog_act="" comm_act_type="" link_to="" pos="" pos_count="" pos_origin="" topic="" polarity="">*two-person</turn>
<turn mode="chat" speaker="amy" end_time="8:38:39 PM" turn_no="41" dialog_act="" comm_act_type="" link_to="" pos="" pos_count="" pos_origin="" topic="" polarity="">very embarassing and beyond for anyone connected to him</turn>
<turn mode="chat" speaker="amy" end_time="8:38:53 PM" turn_no="42" dialog_act="" comm_act_type="" link_to="" pos="" pos_count="" pos_origin="" topic="" polarity="">interesting george....</turn>
<turn mode="chat" speaker="george" end_time="8:39:30 PM" turn_no="43" dialog_act="" comm_act_type="" link_to="" pos="" pos_count="" pos_origin="" topic="" polarity="">ok i'll look up the charity, there's many other entities that got ripped off as well, and the effects no doubtedly trickled down</turn>
<turn mode="chat" speaker="amy" end_time="8:39:45 PM" turn_no="44" dialog_act="" comm_act_type="" link_to="" pos="" pos_count="" pos_origin="" topic="" polarity="">my initial reaction to your questions is no</turn>
<turn mode="chat" speaker="george" end_time="8:40:31 PM" turn_no="45" dialog_act="" comm_act_type="" link_to="" pos="" pos_count="" pos_origin="" topic="" polarity="">hmm can't seem to paste in here</turn>
<turn mode="chat" speaker="rachael" end_time="8:40:48 PM" turn_no="46" dialog_act="" comm_act_type="" link_to="" pos="" pos_count="" pos_origin="" topic="" polarity="">I don't think he'd be legally liable, because there are other charities, and you could just as well hold the bankrupt chariry liable for not finding new funding, which sounds farfetched.  I think some colleges have been affected too, and may charities.</turn>
<turn mode="chat" speaker="george" end_time="8:40:48 PM" turn_no="47" dialog_act="" comm_act_type="" link_to="" pos="" pos_count="" pos_origin="" topic="" polarity="">Spielberg charity (Wunderkinder foundation)</turn>
<turn mode="chat" speaker="amy" end_time="8:40:57 PM" turn_no="48" dialog_act="" comm_act_type="" link_to="" pos="" pos_count="" pos_origin="" topic="" polarity="">but there is definitely ehtical issues about the whole thing.....to me it sounds like madoff might even have some kind of power issue/control/arrogant.....dare i say similar to spitzer...</turn>
<turn mode="chat" speaker="george" end_time="8:41:14 PM" turn_no="49" dialog_act="" comm_act_type="" link_to="" pos="" pos_count="" pos_origin="" topic="" polarity="">Mortimer b. zuckerman, a charitable trust</turn>
<turn mode="chat" speaker="george" end_time="8:41:24 PM" turn_no="50" dialog_act="" comm_act_type="" link_to="" pos="" pos_count="" pos_origin="" topic="" polarity="">a jewish charity</turn>
<turn mode="chat" speaker="rachael" end_time="8:41:32 PM" turn_no="51" dialog_act="" comm_act_type="" link_to="" pos="" pos_count="" pos_origin="" topic="" polarity="">A lot of Jewish charities and institutions trusted him, I gather.</turn>
<turn mode="chat" speaker="george" end_time="8:42:12 PM" turn_no="52" dialog_act="" comm_act_type="" link_to="" pos="" pos_count="" pos_origin="" topic="" polarity="">yea, i can't say for sure anybody starved to death because of him, but it definitely had an impact on many people</turn>
<turn mode="chat" speaker="george" end_time="8:42:34 PM" turn_no="53" dialog_act="" comm_act_type="" link_to="" pos="" pos_count="" pos_origin="" topic="" polarity="">indirectly that is</turn>
<turn mode="chat" speaker="amy" end_time="8:42:40 PM" turn_no="54" dialog_act="" comm_act_type="" link_to="" pos="" pos_count="" pos_origin="" topic="" polarity="">in normal cirumstances, which is how i try to understand the situation.....</turn>
<turn mode="chat" speaker="amy" end_time="8:42:53 PM" turn_no="55" dialog_act="" comm_act_type="" link_to="" pos="" pos_count="" pos_origin="" topic="" polarity="">a consumer is under the idea of "buyer beware".....</turn>
<turn mode="chat" speaker="rachael" end_time="8:43:00 PM" turn_no="56" dialog_act="" comm_act_type="" link_to="" pos="" pos_count="" pos_origin="" topic="" polarity="">Madoff vs Spitzer sounds full of potential.  Two very entitled guys!</turn>
<turn mode="chat" speaker="george" end_time="8:43:34 PM" turn_no="57" dialog_act="" comm_act_type="" link_to="" pos="" pos_count="" pos_origin="" topic="" polarity="">yea, what was that animated show?  celebrity showdown?</turn>
<turn mode="chat" speaker="amy" end_time="8:43:37 PM" turn_no="58" dialog_act="" comm_act_type="" link_to="" pos="" pos_count="" pos_origin="" topic="" polarity="">but if something really goes wrong there is the opportunity to sue, or take legal action to get your money back...i'm thinking along  the lines of purchasing a defective product for example</turn>
<turn mode="chat" speaker="amy" end_time="8:43:49 PM" turn_no="59" dialog_act="" comm_act_type="" link_to="" pos="" pos_count="" pos_origin="" topic="" polarity="">lol  i like the vs</turn>
<turn mode="chat" speaker="george" end_time="8:44:07 PM" turn_no="60" dialog_act="" comm_act_type="" link_to="" pos="" pos_count="" pos_origin="" topic="" polarity="">well, there is an inherent risk with all investments, but this is outright fraud</turn>
<turn mode="chat" speaker="rachael" end_time="8:44:10 PM" turn_no="61" dialog_act="" comm_act_type="" link_to="" pos="" pos_count="" pos_origin="" topic="" polarity="">There are stories about elderly people who have had to sell their houses and start working again, because of Madoff.  They're being allowed to redo their taxes to adjust for earnings they thought theyhad, but didn't.</turn>
<turn mode="chat" speaker="amy" end_time="8:44:16 PM" turn_no="62" dialog_act="" comm_act_type="" link_to="" pos="" pos_count="" pos_origin="" topic="" polarity="">in this case, there is no where to get help to plead yourcase....the $ is just gone</turn>
<turn mode="chat" speaker="george" end_time="8:44:53 PM" turn_no="63" dialog_act="" comm_act_type="" link_to="" pos="" pos_count="" pos_origin="" topic="" polarity="">also, his wife has millions in her name...does anybody doubt some if not all of it came from his investors?</turn>
<turn mode="chat" speaker="george" end_time="8:45:02 PM" turn_no="64" dialog_act="" comm_act_type="" link_to="" pos="" pos_count="" pos_origin="" topic="" polarity="">as well as his sons</turn>
<turn mode="chat" speaker="amy" end_time="8:45:10 PM" turn_no="65" dialog_act="" comm_act_type="" link_to="" pos="" pos_count="" pos_origin="" topic="" polarity="">very sad   this will definitely turn many lives upside down and have riple effects for a long time</turn>
<turn mode="chat" speaker="rachael" end_time="8:45:14 PM" turn_no="66" dialog_act="" comm_act_type="" link_to="" pos="" pos_count="" pos_origin="" topic="" polarity="">People will recover some, but apparently the authorities are having trouble finding the money.</turn>
<turn mode="chat" speaker="george" end_time="8:45:19 PM" turn_no="67" dialog_act="" comm_act_type="" link_to="" pos="" pos_count="" pos_origin="" topic="" polarity="">and he's made donations to politicians</turn>
<turn mode="chat" speaker="rachael" end_time="8:45:32 PM" turn_no="68" dialog_act="" comm_act_type="" link_to="" pos="" pos_count="" pos_origin="" topic="" polarity="">Spitzer, Masybe?!?</turn>
<turn mode="chat" speaker="amy" end_time="8:45:38 PM" turn_no="69" dialog_act="" comm_act_type="" link_to="" pos="" pos_count="" pos_origin="" topic="" polarity="">lol</turn>
<turn mode="chat" speaker="rachael" end_time="8:45:47 PM" turn_no="70" dialog_act="" comm_act_type="" link_to="" pos="" pos_count="" pos_origin="" topic="" polarity="">*maybe.  My typing is terrible this evening.</turn>
<turn mode="chat" speaker="amy" end_time="8:45:56 PM" turn_no="71" dialog_act="" comm_act_type="" link_to="" pos="" pos_count="" pos_origin="" topic="" polarity="">i gotcha</turn>
<turn mode="chat" speaker="george" end_time="8:45:58 PM" turn_no="72" dialog_act="" comm_act_type="" link_to="" pos="" pos_count="" pos_origin="" topic="" polarity="">haha you're a big spitzer fan, aren't you!</turn>
<turn mode="chat" speaker="amy" end_time="8:46:42 PM" turn_no="73" dialog_act="" comm_act_type="" link_to="" pos="" pos_count="" pos_origin="" topic="" polarity="">what do you guys think would be best for madoff's punishment--   jailtime??</turn>
<turn mode="chat" speaker="rachael" end_time="8:46:42 PM" turn_no="74" dialog_act="" comm_act_type="" link_to="" pos="" pos_count="" pos_origin="" topic="" polarity="">A disappointed Spitzer fan,  I voted for him and thought he would be a great governor.</turn>
<turn mode="chat" speaker="amy" end_time="8:47:08 PM" turn_no="75" dialog_act="" comm_act_type="" link_to="" pos="" pos_count="" pos_origin="" topic="" polarity="">i mean, in my mind it seems he shouldnt have the opportunity to sit around, but rather he should work for the $ he lost</turn>
<turn mode="chat" speaker="george" end_time="8:47:17 PM" turn_no="76" dialog_act="" comm_act_type="" link_to="" pos="" pos_count="" pos_origin="" topic="" polarity="">imo, madoff's sons and wife should start from scratch and have their belongings distributed to the victims</turn>
<turn mode="chat" speaker="rachael" end_time="8:47:24 PM" turn_no="77" dialog_act="" comm_act_type="" link_to="" pos="" pos_count="" pos_origin="" topic="" polarity="">Having his wife reduced to poverty while he sits in jail would be the best punishment for him.</turn>
<turn mode="chat" speaker="amy" end_time="8:47:27 PM" turn_no="78" dialog_act="" comm_act_type="" link_to="" pos="" pos_count="" pos_origin="" topic="" polarity="">this is just ideally speaking not reality of course</turn>
<turn mode="chat" speaker="george" end_time="8:47:44 PM" turn_no="79" dialog_act="" comm_act_type="" link_to="" pos="" pos_count="" pos_origin="" topic="" polarity="">yes, i agree rachael- as well as his sons</turn>
<turn mode="chat" speaker="rachael" end_time="8:48:05 PM" turn_no="80" dialog_act="" comm_act_type="" link_to="" pos="" pos_count="" pos_origin="" topic="" polarity="">I think reality is what, 150 years, according to the papers?  He'll be sentenced in June.</turn>
<turn mode="chat" speaker="amy" end_time="8:48:14 PM" turn_no="81" dialog_act="" comm_act_type="" link_to="" pos="" pos_count="" pos_origin="" topic="" polarity="">i also voted for him, spitz, rachael and felt betrayed</turn>
<turn mode="chat" speaker="amy" end_time="8:48:32 PM" turn_no="82" dialog_act="" comm_act_type="" link_to="" pos="" pos_count="" pos_origin="" topic="" polarity="">yeah some high # like that which makes no sense</turn>
<turn mode="chat" speaker="george" end_time="8:48:35 PM" turn_no="83" dialog_act="" comm_act_type="" link_to="" pos="" pos_count="" pos_origin="" topic="" polarity="">ok so we can see how ponzi schemes have a ripple effect...now what if i told you there's way bigger ponzi schemes going on!</turn>
<turn mode="chat" speaker="amy" end_time="8:48:51 PM" turn_no="84" dialog_act="" comm_act_type="" link_to="" pos="" pos_count="" pos_origin="" topic="" polarity="">i totally believe it!  and know it</turn>
<turn mode="chat" speaker="rachael" end_time="8:48:52 PM" turn_no="85" dialog_act="" comm_act_type="" link_to="" pos="" pos_count="" pos_origin="" topic="" polarity="">I would be upset!</turn>
<turn mode="chat" speaker="rachael" end_time="8:49:09 PM" turn_no="86" dialog_act="" comm_act_type="" link_to="" pos="" pos_count="" pos_origin="" topic="" polarity="">Tell us all!</turn>
<turn mode="chat" speaker="amy" end_time="8:49:18 PM" turn_no="87" dialog_act="" comm_act_type="" link_to="" pos="" pos_count="" pos_origin="" topic="" polarity="">and what happened to spitzer....well he was just caught</turn>
<turn mode="chat" speaker="george" end_time="8:49:23 PM" turn_no="88" dialog_act="" comm_act_type="" link_to="" pos="" pos_count="" pos_origin="" topic="" polarity="">uh oh, i'm going to make you upset rachael!</turn>
<turn mode="chat" speaker="rachael" end_time="8:49:45 PM" turn_no="89" dialog_act="" comm_act_type="" link_to="" pos="" pos_count="" pos_origin="" topic="" polarity="">Go on!</turn>
<turn mode="chat" speaker="amy" end_time="8:49:58 PM" turn_no="90" dialog_act="" comm_act_type="" link_to="" pos="" pos_count="" pos_origin="" topic="" polarity="">she seems ager!</turn>
<turn mode="chat" speaker="amy" end_time="8:50:00 PM" turn_no="91" dialog_act="" comm_act_type="" link_to="" pos="" pos_count="" pos_origin="" topic="" polarity="">eager!</turn>
<turn mode="chat" speaker="rachael" end_time="8:50:18 PM" turn_no="92" dialog_act="" comm_act_type="" link_to="" pos="" pos_count="" pos_origin="" topic="" polarity="">No, just ready...</turn>
<turn mode="chat" speaker="george" end_time="8:50:54 PM" turn_no="93" dialog_act="" comm_act_type="" link_to="" pos="" pos_count="" pos_origin="" topic="" polarity="">i believe we're something like 14 trillion dollars in debt now right?</turn>
<turn mode="chat" speaker="rachael" end_time="8:51:10 PM" turn_no="94" dialog_act="" comm_act_type="" link_to="" pos="" pos_count="" pos_origin="" topic="" polarity="">Hmm...</turn>
<turn mode="chat" speaker="george" end_time="8:51:23 PM" turn_no="95" dialog_act="" comm_act_type="" link_to="" pos="" pos_count="" pos_origin="" topic="" polarity="">well, the US has about 50 billion in reserves</turn>
<turn mode="chat" speaker="george" end_time="8:51:45 PM" turn_no="96" dialog_act="" comm_act_type="" link_to="" pos="" pos_count="" pos_origin="" topic="" polarity="">they raise money two ways...one by selling treasury bonds</turn>
<turn mode="chat" speaker="george" end_time="8:51:57 PM" turn_no="97" dialog_act="" comm_act_type="" link_to="" pos="" pos_count="" pos_origin="" topic="" polarity="">(well excluding taxes)</turn>
<turn mode="chat" speaker="george" end_time="8:52:10 PM" turn_no="98" dialog_act="" comm_act_type="" link_to="" pos="" pos_count="" pos_origin="" topic="" polarity="">the other by firing up the printing press</turn>
<turn mode="chat" speaker="rachael" end_time="8:52:29 PM" turn_no="99" dialog_act="" comm_act_type="" link_to="" pos="" pos_count="" pos_origin="" topic="" polarity="">Let me guess..</turn>
<turn mode="chat" speaker="george" end_time="8:52:38 PM" turn_no="100" dialog_act="" comm_act_type="" link_to="" pos="" pos_count="" pos_origin="" topic="" polarity="">wow...i'm not sure i started in the right place</turn>
<turn mode="chat" speaker="george" end_time="8:52:56 PM" turn_no="101" dialog_act="" comm_act_type="" link_to="" pos="" pos_count="" pos_origin="" topic="" polarity="">it goes back to the average consumer, house buyer, etc</turn>
<turn mode="chat" speaker="george" end_time="8:53:25 PM" turn_no="102" dialog_act="" comm_act_type="" link_to="" pos="" pos_count="" pos_origin="" topic="" polarity="">but yea, one of the largest buyers of treasury bonds...is China!</turn>
<turn mode="chat" speaker="rachael" end_time="8:53:42 PM" turn_no="103" dialog_act="" comm_act_type="" link_to="" pos="" pos_count="" pos_origin="" topic="" polarity="">We're a fully owned subsidiary?</turn>
<turn mode="chat" speaker="george" end_time="8:53:46 PM" turn_no="104" dialog_act="" comm_act_type="" link_to="" pos="" pos_count="" pos_origin="" topic="" polarity="">so they are borrowing money to throw at bailing out AIG, citi, etc</turn>
<turn mode="chat" speaker="george" end_time="8:54:12 PM" turn_no="105" dialog_act="" comm_act_type="" link_to="" pos="" pos_count="" pos_origin="" topic="" polarity="">you mean owned by china?</turn>
<turn mode="chat" speaker="george" end_time="8:54:30 PM" turn_no="106" dialog_act="" comm_act_type="" link_to="" pos="" pos_count="" pos_origin="" topic="" polarity="">not quite there yet, but headed in that direction</turn>
<turn mode="chat" speaker="rachael" end_time="8:54:30 PM" turn_no="107" dialog_act="" comm_act_type="" link_to="" pos="" pos_count="" pos_origin="" topic="" polarity="">yes.</turn>
<turn mode="chat" speaker="george" end_time="8:55:05 PM" turn_no="108" dialog_act="" comm_act_type="" link_to="" pos="" pos_count="" pos_origin="" topic="" polarity="">here's the thing...china buys our treasury bonds...we throw that money into a black hole..not use it to increase our productivity</turn>
<turn mode="chat" speaker="george" end_time="8:55:18 PM" turn_no="109" dialog_act="" comm_act_type="" link_to="" pos="" pos_count="" pos_origin="" topic="" polarity="">then to pay them back we have to borrow more money</turn>
<turn mode="chat" speaker="george" end_time="8:55:34 PM" turn_no="110" dialog_act="" comm_act_type="" link_to="" pos="" pos_count="" pos_origin="" topic="" polarity="">or fire up the printing press and create more money out of thin air</turn>
<turn mode="chat" speaker="amy" end_time="8:55:39 PM" turn_no="111" dialog_act="" comm_act_type="" link_to="" pos="" pos_count="" pos_origin="" topic="" polarity="">if you know this, then why havent others disputed it</turn>
<turn mode="chat" speaker="rachael" end_time="8:55:52 PM" turn_no="112" dialog_act="" comm_act_type="" link_to="" pos="" pos_count="" pos_origin="" topic="" polarity="">from China!  And then we borrow more to buy more products from China!</turn>
<turn mode="chat" speaker="george" end_time="8:56:06 PM" turn_no="113" dialog_act="" comm_act_type="" link_to="" pos="" pos_count="" pos_origin="" topic="" polarity="">but when we print money, that's inflation...devaluing the dollar reduces the return of treasury bonds</turn>
<turn mode="chat" speaker="george" end_time="8:56:25 PM" turn_no="114" dialog_act="" comm_act_type="" link_to="" pos="" pos_count="" pos_origin="" topic="" polarity="">yes, that's the other thing rachael...we buy their products more than they buy ours</turn>
<turn mode="chat" speaker="rachael" end_time="8:56:58 PM" turn_no="115" dialog_act="" comm_act_type="" link_to="" pos="" pos_count="" pos_origin="" topic="" polarity="">I realized the past few days that I don't really know what devaluing the dollar means.</turn>
<turn mode="chat" speaker="george" end_time="8:57:03 PM" turn_no="116" dialog_act="" comm_act_type="" link_to="" pos="" pos_count="" pos_origin="" topic="" polarity="">amy- politicians should be aware of this.  look up ron paul and the speeches he has been giving.  and how he's ignored</turn>
<turn mode="chat" speaker="george" end_time="8:57:59 PM" turn_no="117" dialog_act="" comm_act_type="" link_to="" pos="" pos_count="" pos_origin="" topic="" polarity="">when the fed prints money, that increases the money supply.  let's say $100 exists in a micro economy</turn>
<turn mode="chat" speaker="amy" end_time="8:58:02 PM" turn_no="118" dialog_act="" comm_act_type="" link_to="" pos="" pos_count="" pos_origin="" topic="" polarity="">i'm sure morhigher ups than not know whats going on but nobody wants to expose- cause change....well maybe over the next few yrs</turn>
<turn mode="chat" speaker="george" end_time="8:58:17 PM" turn_no="119" dialog_act="" comm_act_type="" link_to="" pos="" pos_count="" pos_origin="" topic="" polarity="">if i decide to print another $100, our money just got its value halved</turn>
<turn mode="chat" speaker="george" end_time="8:58:45 PM" turn_no="120" dialog_act="" comm_act_type="" link_to="" pos="" pos_count="" pos_origin="" topic="" polarity="">we now have $200 representing a $100 economy</turn>
<turn mode="chat" speaker="george" end_time="8:59:03 PM" turn_no="121" dialog_act="" comm_act_type="" link_to="" pos="" pos_count="" pos_origin="" topic="" polarity="">goods we buy have to increase in price since our money is worth less</turn>
<turn mode="chat" speaker="rachael" end_time="8:59:12 PM" turn_no="122" dialog_act="" comm_act_type="" link_to="" pos="" pos_count="" pos_origin="" topic="" polarity="">OK. I see.</turn>
<turn mode="chat" speaker="rachael" end_time="8:59:33 PM" turn_no="123" dialog_act="" comm_act_type="" link_to="" pos="" pos_count="" pos_origin="" topic="" polarity="">So even our original $100 buys less that it used to.</turn>
<turn mode="chat" speaker="rachael" end_time="8:59:39 PM" turn_no="124" dialog_act="" comm_act_type="" link_to="" pos="" pos_count="" pos_origin="" topic="" polarity="">*than</turn>
<turn mode="chat" speaker="amy" end_time="8:59:45 PM" turn_no="125" dialog_act="" comm_act_type="" link_to="" pos="" pos_count="" pos_origin="" topic="" polarity="">i have been seeing more about buying local-   regarding food mostly</turn>
<turn mode="chat" speaker="george" end_time="8:59:58 PM" turn_no="126" dialog_act="" comm_act_type="" link_to="" pos="" pos_count="" pos_origin="" topic="" polarity="">so here's the thing...china is seeing that the amount of debt we've accumulated is so large that it's getting less likely we'll be able to pay it back</turn>
<turn mode="chat" speaker="amy" end_time="9:00:14 PM" turn_no="127" dialog_act="" comm_act_type="" link_to="" pos="" pos_count="" pos_origin="" topic="" polarity="">but that is a good start-   to inform and educate people so this cycle we've created can be reduced somehow in the future</turn>
<turn mode="chat" speaker="george" end_time="9:00:24 PM" turn_no="128" dialog_act="" comm_act_type="" link_to="" pos="" pos_count="" pos_origin="" topic="" polarity="">and when we print money, their interest gets devalued from the treasury bonds</turn>
<turn mode="chat" speaker="rachael" end_time="9:00:48 PM" turn_no="129" dialog_act="" comm_act_type="" link_to="" pos="" pos_count="" pos_origin="" topic="" polarity="">So if they stop buying our treasury bonds, what happens?</turn>
<turn mode="chat" speaker="george" end_time="9:01:11 PM" turn_no="130" dialog_act="" comm_act_type="" link_to="" pos="" pos_count="" pos_origin="" topic="" polarity="">hehe...then the bond market bubble collapses</turn>
<turn mode="chat" speaker="rachael" end_time="9:01:26 PM" turn_no="131" dialog_act="" comm_act_type="" link_to="" pos="" pos_count="" pos_origin="" topic="" polarity="">What does that mean?</turn>
<turn mode="chat" speaker="george" end_time="9:01:31 PM" turn_no="132" dialog_act="" comm_act_type="" link_to="" pos="" pos_count="" pos_origin="" topic="" polarity="">that's when you see the true economic disaster looming over our heads materialize</turn>
<turn mode="chat" speaker="amy" end_time="9:01:36 PM" turn_no="133" dialog_act="" comm_act_type="" link_to="" pos="" pos_count="" pos_origin="" topic="" polarity="">would that be a good thing for the long term?</turn>
<turn mode="chat" speaker="george" end_time="9:01:45 PM" turn_no="134" dialog_act="" comm_act_type="" link_to="" pos="" pos_count="" pos_origin="" topic="" polarity="">that means the federal government runs out of borrowed money</turn>
<turn mode="chat" speaker="george" end_time="9:02:00 PM" turn_no="135" dialog_act="" comm_act_type="" link_to="" pos="" pos_count="" pos_origin="" topic="" polarity="">they are going to print more money nonstop to keep things going</turn>
<turn mode="chat" speaker="amy" end_time="9:02:03 PM" turn_no="136" dialog_act="" comm_act_type="" link_to="" pos="" pos_count="" pos_origin="" topic="" polarity="">i seems inevitable sometimes-  get worse before it gets better</turn>
<turn mode="chat" speaker="george" end_time="9:02:12 PM" turn_no="137" dialog_act="" comm_act_type="" link_to="" pos="" pos_count="" pos_origin="" topic="" polarity="">so you know your 401k that they aren't allowed to touch?</turn>
<turn mode="chat" speaker="george" end_time="9:02:34 PM" turn_no="138" dialog_act="" comm_act_type="" link_to="" pos="" pos_count="" pos_origin="" topic="" polarity="">they're going to extract the value from them by devaluing the $</turn>
<turn mode="chat" speaker="rachael" end_time="9:02:47 PM" turn_no="139" dialog_act="" comm_act_type="" link_to="" pos="" pos_count="" pos_origin="" topic="" polarity="">OH!</turn>
<turn mode="chat" speaker="george" end_time="9:02:59 PM" turn_no="140" dialog_act="" comm_act_type="" link_to="" pos="" pos_count="" pos_origin="" topic="" polarity="">you've saved $100, right?  well it's going to be worth $50 when they print more money and use it</turn>
<turn mode="chat" speaker="george" end_time="9:03:27 PM" turn_no="141" dialog_act="" comm_act_type="" link_to="" pos="" pos_count="" pos_origin="" topic="" polarity="">and that will collapse the final bubble, the value of the dollar itself</turn>
<turn mode="chat" speaker="george" end_time="9:04:11 PM" turn_no="142" dialog_act="" comm_act_type="" link_to="" pos="" pos_count="" pos_origin="" topic="" polarity="">at that point, we'll need wheelbarrows to cart our money around just to buy a loaf of bread...just like good ole zimbabwe</turn>
<turn mode="chat" speaker="rachael" end_time="9:05:00 PM" turn_no="143" dialog_act="" comm_act_type="" link_to="" pos="" pos_count="" pos_origin="" topic="" polarity="">I some blind faith in the system and our "leaders" that it won't happen, but Maybe I'm just in denial.</turn>
<turn mode="chat" speaker="george" end_time="9:05:11 PM" turn_no="144" dialog_act="" comm_act_type="" link_to="" pos="" pos_count="" pos_origin="" topic="" polarity="">hehe i wish that was just a doomsday paranoia, but you can look up the numbers and see yourself</turn>
<turn mode="chat" speaker="amy" end_time="9:05:13 PM" turn_no="145" dialog_act="" comm_act_type="" link_to="" pos="" pos_count="" pos_origin="" topic="" polarity="">with the knowledge you have george, because you seem to udnerstand economics...what is your opinion-  will it collapse or do you have faith things will turn?</turn>
<turn mode="chat" speaker="george" end_time="9:05:46 PM" turn_no="146" dialog_act="" comm_act_type="" link_to="" pos="" pos_count="" pos_origin="" topic="" polarity="">unfortunately every time you look at the news, it's more bad news</turn>
<turn mode="chat" speaker="rachael" end_time="9:06:18 PM" turn_no="147" dialog_act="" comm_act_type="" link_to="" pos="" pos_count="" pos_origin="" topic="" polarity="">Do you have the feeling that Geithner et al are sort of helpless?</turn>
<turn mode="chat" speaker="george" end_time="9:06:19 PM" turn_no="148" dialog_act="" comm_act_type="" link_to="" pos="" pos_count="" pos_origin="" topic="" polarity="">prices of houses should be lower, markets are attempting to readjust downwards, but the government is interfering</turn>
<turn mode="chat" speaker="amy" end_time="9:06:40 PM" turn_no="149" dialog_act="" comm_act_type="" link_to="" pos="" pos_count="" pos_origin="" topic="" polarity="">i do know that people dont understand things until they are personally affected...maybe now that some of this is hitting home....people will begin to take the opportunity to educate themselves and others around them</turn>
<turn mode="chat" speaker="george" end_time="9:07:23 PM" turn_no="150" dialog_act="" comm_act_type="" link_to="" pos="" pos_count="" pos_origin="" topic="" polarity="">have you heard of peter schiff?</turn>
<turn mode="chat" speaker="amy" end_time="9:07:29 PM" turn_no="151" dialog_act="" comm_act_type="" link_to="" pos="" pos_count="" pos_origin="" topic="" polarity="">no</turn>
<turn mode="chat" speaker="george" end_time="9:07:40 PM" turn_no="152" dialog_act="" comm_act_type="" link_to="" pos="" pos_count="" pos_origin="" topic="" polarity="">that's a good place to start learning about this mess, look him up on youtube</turn>
<turn mode="chat" speaker="rachael" end_time="9:07:58 PM" turn_no="153" dialog_act="" comm_act_type="" link_to="" pos="" pos_count="" pos_origin="" topic="" polarity="">I am personally affected!  My retirement plan at work has lost so much money that I'm taking our extra life insurance just in case sonething happens to me.  Of course I have to pay for that insurance.</turn>
<turn mode="chat" speaker="amy" end_time="9:08:40 PM" turn_no="154" dialog_act="" comm_act_type="" link_to="" pos="" pos_count="" pos_origin="" topic="" polarity="">my b-friend has been let go....4 months and no bite anywhere</turn>
<turn mode="chat" speaker="george" end_time="9:08:47 PM" turn_no="155" dialog_act="" comm_act_type="" link_to="" pos="" pos_count="" pos_origin="" topic="" polarity="">but yea, the government is basically running a big ponzi scheme</turn>
<turn mode="chat" speaker="amy" end_time="9:08:56 PM" turn_no="156" dialog_act="" comm_act_type="" link_to="" pos="" pos_count="" pos_origin="" topic="" polarity="">it is certainly affecting most in some way</turn>
<turn mode="chat" speaker="rachael" end_time="9:08:58 PM" turn_no="157" dialog_act="" comm_act_type="" link_to="" pos="" pos_count="" pos_origin="" topic="" polarity="">The IRS is hiring - not a joke.</turn>
<turn mode="chat" speaker="amy" end_time="9:09:32 PM" turn_no="158" dialog_act="" comm_act_type="" link_to="" pos="" pos_count="" pos_origin="" topic="" polarity="">hmm  i'll have to check out their career site</turn>
<turn mode="chat" speaker="george" end_time="9:09:35 PM" turn_no="159" dialog_act="" comm_act_type="" link_to="" pos="" pos_count="" pos_origin="" topic="" polarity="">amy, the "optimists" are saying it's going to bottom out at the end of the year</turn>
<turn mode="chat" speaker="george" end_time="9:09:58 PM" turn_no="160" dialog_act="" comm_act_type="" link_to="" pos="" pos_count="" pos_origin="" topic="" polarity="">they think it will improve starting next year, i hope so</turn>
<turn mode="chat" speaker="rachael" end_time="9:10:05 PM" turn_no="161" dialog_act="" comm_act_type="" link_to="" pos="" pos_count="" pos_origin="" topic="" polarity="">But "bottom out" doesn't sound good.</turn>
<turn mode="chat" speaker="george" end_time="9:10:23 PM" turn_no="162" dialog_act="" comm_act_type="" link_to="" pos="" pos_count="" pos_origin="" topic="" polarity="">but to be honest, i am not sure we can avoid a hyperinflationary depression</turn>
<turn mode="chat" speaker="rachael" end_time="9:10:55 PM" turn_no="163" dialog_act="" comm_act_type="" link_to="" pos="" pos_count="" pos_origin="" topic="" polarity="">Ok, what's a hyperinflationary depression?  What would it mean?</turn>
<turn mode="chat" speaker="amy" end_time="9:11:02 PM" turn_no="164" dialog_act="" comm_act_type="" link_to="" pos="" pos_count="" pos_origin="" topic="" polarity="">when things get bad in life, it seems itas to be really bad to turn back around-  justan observation and not from an econmic perspective</turn>
<turn mode="chat" speaker="george" end_time="9:11:04 PM" turn_no="165" dialog_act="" comm_act_type="" link_to="" pos="" pos_count="" pos_origin="" topic="" polarity="">maybe just a high inflation not hyperinflation</turn>
<turn mode="chat" speaker="george" end_time="9:11:31 PM" turn_no="166" dialog_act="" comm_act_type="" link_to="" pos="" pos_count="" pos_origin="" topic="" polarity="">hyperinflation means inflation has gotten out of control and one day a loaf of bread will be $100, the next day it might be $200</turn>
<turn mode="chat" speaker="rachael" end_time="9:11:53 PM" turn_no="167" dialog_act="" comm_act_type="" link_to="" pos="" pos_count="" pos_origin="" topic="" polarity="">I'm more comfortable with $2.99.</turn>
<turn mode="chat" speaker="amy" end_time="9:12:05 PM" turn_no="168" dialog_act="" comm_act_type="" link_to="" pos="" pos_count="" pos_origin="" topic="" polarity="">but no one would buy it for high prices</turn>
<turn mode="chat" speaker="rachael" end_time="9:12:17 PM" turn_no="169" dialog_act="" comm_act_type="" link_to="" pos="" pos_count="" pos_origin="" topic="" polarity="">And how does hyperinflation combine with depression?</turn>
<turn mode="chat" speaker="george" end_time="9:12:53 PM" turn_no="170" dialog_act="" comm_act_type="" link_to="" pos="" pos_count="" pos_origin="" topic="" polarity="">well, let me see if i can get the definition of depression right...it's categorized by a high double digit unemployment</turn>
<turn mode="chat" speaker="george" end_time="9:13:05 PM" turn_no="171" dialog_act="" comm_act_type="" link_to="" pos="" pos_count="" pos_origin="" topic="" polarity="">scarcity of goods</turn>
<turn mode="chat" speaker="george" end_time="9:13:32 PM" turn_no="172" dialog_act="" comm_act_type="" link_to="" pos="" pos_count="" pos_origin="" topic="" polarity="">big contraction in GDP...let me look it up real quick :P</turn>
<turn mode="chat" speaker="rachael" end_time="9:14:10 PM" turn_no="173" dialog_act="" comm_act_type="" link_to="" pos="" pos_count="" pos_origin="" topic="" polarity="">But amy, if that's what food cost, what would we do?</turn>
<turn mode="chat" speaker="george" end_time="9:14:20 PM" turn_no="174" dialog_act="" comm_act_type="" link_to="" pos="" pos_count="" pos_origin="" topic="" polarity="">shrinking output and investment, numerous bankruptcies, restriction of credit, devaluations</turn>
<turn mode="chat" speaker="rachael" end_time="9:14:43 PM" turn_no="175" dialog_act="" comm_act_type="" link_to="" pos="" pos_count="" pos_origin="" topic="" polarity="">Haven't you just described what's going on now?</turn>
<turn mode="chat" speaker="george" end_time="9:15:08 PM" turn_no="176" dialog_act="" comm_act_type="" link_to="" pos="" pos_count="" pos_origin="" topic="" polarity="">yea, pretty much...but what's going on now is still being referred to as a "recession"</turn>
<turn mode="chat" speaker="amy" end_time="9:15:11 PM" turn_no="177" dialog_act="" comm_act_type="" link_to="" pos="" pos_count="" pos_origin="" topic="" polarity="">it would have to come down in price so the sellers could make something off it.  if we dont have mone then we only buy whats necessary right?</turn>
<turn mode="chat" speaker="george" end_time="9:15:28 PM" turn_no="178" dialog_act="" comm_act_type="" link_to="" pos="" pos_count="" pos_origin="" topic="" polarity="">it can get much much worse if those last two bubbles in the bond market and $ collapse</turn>
<turn mode="chat" speaker="george" end_time="9:15:51 PM" turn_no="179" dialog_act="" comm_act_type="" link_to="" pos="" pos_count="" pos_origin="" topic="" polarity="">amy- sellers couldn't lower the price because the $ would be worth very little</turn>
<turn mode="chat" speaker="george" end_time="9:16:19 PM" turn_no="180" dialog_act="" comm_act_type="" link_to="" pos="" pos_count="" pos_origin="" topic="" polarity="">you probably would earn more at that point, but your savings would be wiped out</turn>
<turn mode="chat" speaker="amy" end_time="9:16:19 PM" turn_no="181" dialog_act="" comm_act_type="" link_to="" pos="" pos_count="" pos_origin="" topic="" polarity="">but how would anyone have enough to purchase anthing at all</turn>
<turn mode="chat" speaker="rachael" end_time="9:16:34 PM" turn_no="182" dialog_act="" comm_act_type="" link_to="" pos="" pos_count="" pos_origin="" topic="" polarity="">And their costs would be as affected as ours would.  We couldn't save $ by baking our own bread, because flour would cost too much.</turn>
<turn mode="chat" speaker="george" end_time="9:16:45 PM" turn_no="183" dialog_act="" comm_act_type="" link_to="" pos="" pos_count="" pos_origin="" topic="" polarity="">you could earn $40,000 a week</turn>
<turn mode="chat" speaker="george" end_time="9:17:14 PM" turn_no="184" dialog_act="" comm_act_type="" link_to="" pos="" pos_count="" pos_origin="" topic="" polarity="">let me see if i can find the price of bread in zimbabwe</turn>
<turn mode="chat" speaker="amy" end_time="9:17:38 PM" turn_no="185" dialog_act="" comm_act_type="" link_to="" pos="" pos_count="" pos_origin="" topic="" polarity="">but wouldt the person selling it for lower price still be making money while the person with the high price will not be making any money regardless of the price</turn>
<turn mode="chat" speaker="rachael" end_time="9:17:57 PM" turn_no="186" dialog_act="" comm_act_type="" link_to="" pos="" pos_count="" pos_origin="" topic="" polarity="">I think things have improved in Zinbabwe recenty.   Didn't the same thing happen in Germany in the 1930s?</turn>
<turn mode="chat" speaker="george" end_time="9:18:16 PM" turn_no="187" dialog_act="" comm_act_type="" link_to="" pos="" pos_count="" pos_origin="" topic="" polarity="">their central bank prints a new 100 billion dollar note</turn>
<turn mode="chat" speaker="rachael" end_time="9:18:26 PM" turn_no="188" dialog_act="" comm_act_type="" link_to="" pos="" pos_count="" pos_origin="" topic="" polarity="">Oh.</turn>
<turn mode="chat" speaker="rachael" end_time="9:18:39 PM" turn_no="189" dialog_act="" comm_act_type="" link_to="" pos="" pos_count="" pos_origin="" topic="" polarity="">And what does that buy?</turn>
<turn mode="chat" speaker="george" end_time="9:18:42 PM" turn_no="190" dialog_act="" comm_act_type="" link_to="" pos="" pos_count="" pos_origin="" topic="" polarity="">yes, weimar republic</turn>
<turn mode="chat" speaker="george" end_time="9:19:41 PM" turn_no="191" dialog_act="" comm_act_type="" link_to="" pos="" pos_count="" pos_origin="" topic="" polarity="">in germany, they were burning money- as that was cheaper than buying wood to burn</turn>
<turn mode="chat" speaker="george" end_time="9:20:58 PM" turn_no="192" dialog_act="" comm_act_type="" link_to="" pos="" pos_count="" pos_origin="" topic="" polarity="">hmm...i might have chosen a bit of a depressing topic, huh...no pun intended :P</turn>
<turn mode="chat" speaker="rachael" end_time="9:21:07 PM" turn_no="193" dialog_act="" comm_act_type="" link_to="" pos="" pos_count="" pos_origin="" topic="" polarity="">But most of us have money in the system somewhere, rather than having stacks of cash.  So our money is more exposed; I'm not sure how to describe what I mean.</turn>
<turn mode="chat" speaker="george" end_time="9:21:54 PM" turn_no="194" dialog_act="" comm_act_type="" link_to="" pos="" pos_count="" pos_origin="" topic="" polarity="">do you know what people traditionally invest in to "hedge" against inflation?  gold</turn>
<turn mode="chat" speaker="rachael" end_time="9:22:09 PM" turn_no="195" dialog_act="" comm_act_type="" link_to="" pos="" pos_count="" pos_origin="" topic="" polarity="">I wish I had some!</turn>
<turn mode="chat" speaker="george" end_time="9:22:19 PM" turn_no="196" dialog_act="" comm_act_type="" link_to="" pos="" pos_count="" pos_origin="" topic="" polarity="">one ounce of gold in early 1900's bought a suit at around $35</turn>
<turn mode="chat" speaker="george" end_time="9:22:34 PM" turn_no="197" dialog_act="" comm_act_type="" link_to="" pos="" pos_count="" pos_origin="" topic="" polarity="">an ounce of gold now costs over $900</turn>
<turn mode="chat" speaker="george" end_time="9:23:06 PM" turn_no="198" dialog_act="" comm_act_type="" link_to="" pos="" pos_count="" pos_origin="" topic="" polarity="">designer suit back then, designer suit now...funny how that works out.  gold retains its value</turn>
<turn mode="chat" speaker="amy" end_time="9:23:57 PM" turn_no="199" dialog_act="" comm_act_type="" link_to="" pos="" pos_count="" pos_origin="" topic="" polarity="">it is a not so happy topic but its good to get people talking</turn>
<turn mode="chat" speaker="amy" end_time="9:24:05 PM" turn_no="200" dialog_act="" comm_act_type="" link_to="" pos="" pos_count="" pos_origin="" topic="" polarity="">so not to ignore issues</turn>
<turn mode="chat" speaker="rachael" end_time="9:24:28 PM" turn_no="201" dialog_act="" comm_act_type="" link_to="" pos="" pos_count="" pos_origin="" topic="" polarity="">Gold is vulnerable to theft and loss, though.</turn>
<turn mode="chat" speaker="george" end_time="9:24:48 PM" turn_no="202" dialog_act="" comm_act_type="" link_to="" pos="" pos_count="" pos_origin="" topic="" polarity="">yea, every investment has drawbacks</turn>
<turn mode="chat" speaker="amy" end_time="9:24:53 PM" turn_no="203" dialog_act="" comm_act_type="" link_to="" pos="" pos_count="" pos_origin="" topic="" polarity="">so is money  -->  madoff    lol</turn>
<turn mode="chat" speaker="george" end_time="9:25:02 PM" turn_no="204" dialog_act="" comm_act_type="" link_to="" pos="" pos_count="" pos_origin="" topic="" polarity="">nothing is 100% certain</turn>
<turn mode="chat" speaker="george" end_time="9:26:32 PM" turn_no="205" dialog_act="" comm_act_type="" link_to="" pos="" pos_count="" pos_origin="" topic="" polarity="">lol, might be time to change topic</turn>
<turn mode="chat" speaker="amy" end_time="9:26:46 PM" turn_no="206" dialog_act="" comm_act_type="" link_to="" pos="" pos_count="" pos_origin="" topic="" polarity="">thats right-  i never would have thought....</turn>
<turn mode="chat" speaker="george" end_time="9:26:50 PM" turn_no="207" dialog_act="" comm_act_type="" link_to="" pos="" pos_count="" pos_origin="" topic="" polarity="">feels like storm clouds in this channel</turn>
<turn mode="chat" speaker="rachael" end_time="9:26:55 PM" turn_no="208" dialog_act="" comm_act_type="" link_to="" pos="" pos_count="" pos_origin="" topic="" polarity="">I guess that should have been a tipoff for Madoff's investors - he told them it was certain.</turn>
<turn mode="chat" speaker="amy" end_time="9:27:11 PM" turn_no="209" dialog_act="" comm_act_type="" link_to="" pos="" pos_count="" pos_origin="" topic="" polarity="">coming out of undergrad 10 yrs ago that i would be experiencing these issues firsthand</turn>
<turn mode="chat" speaker="george" end_time="9:27:52 PM" turn_no="210" dialog_act="" comm_act_type="" link_to="" pos="" pos_count="" pos_origin="" topic="" polarity="">yup, you're seeing it happen before your eyes in slow motion</turn>
<turn mode="chat" speaker="amy" end_time="9:27:56 PM" turn_no="211" dialog_act="" comm_act_type="" link_to="" pos="" pos_count="" pos_origin="" topic="" polarity="">we've come to think that each generation is supposed to do better than the previous...</turn>
<turn mode="chat" speaker="rachael" end_time="9:28:40 PM" turn_no="212" dialog_act="" comm_act_type="" link_to="" pos="" pos_count="" pos_origin="" topic="" polarity="">I don't think that's true anymore.</turn>
<turn mode="chat" speaker="amy" end_time="9:28:49 PM" turn_no="213" dialog_act="" comm_act_type="" link_to="" pos="" pos_count="" pos_origin="" topic="" polarity="">nope</turn>
<turn mode="chat" speaker="amy" end_time="9:29:09 PM" turn_no="214" dialog_act="" comm_act_type="" link_to="" pos="" pos_count="" pos_origin="" topic="" polarity="">i might be the last in my family....hopefully hopefully not though!</turn>
<turn mode="chat" speaker="george" end_time="9:29:33 PM" turn_no="215" dialog_act="" comm_act_type="" link_to="" pos="" pos_count="" pos_origin="" topic="" polarity="">is your clock ticking loudly?</turn>
<turn mode="chat" speaker="amy" end_time="9:29:43 PM" turn_no="216" dialog_act="" comm_act_type="" link_to="" pos="" pos_count="" pos_origin="" topic="" polarity="">hahaha  which clock?</turn>
<turn mode="chat" speaker="george" end_time="9:29:44 PM" turn_no="217" dialog_act="" comm_act_type="" link_to="" pos="" pos_count="" pos_origin="" topic="" polarity="">i only have one living relative</turn>
<turn mode="chat" speaker="george" end_time="9:29:58 PM" turn_no="218" dialog_act="" comm_act_type="" link_to="" pos="" pos_count="" pos_origin="" topic="" polarity="">biological clock!</turn>
<turn mode="chat" speaker="amy" end_time="9:30:42 PM" turn_no="219" dialog_act="" comm_act_type="" link_to="" pos="" pos_count="" pos_origin="" topic="" polarity="">no, its not actually ticking loudly but i just would hate to think my parents are worried about me-  they are retired and have been lucky to live a comfortable life so far</turn>
<turn mode="chat" speaker="george" end_time="9:31:55 PM" turn_no="220" dialog_act="" comm_act_type="" link_to="" pos="" pos_count="" pos_origin="" topic="" polarity="">are you two in albany?</turn>
<turn mode="chat" speaker="amy" end_time="9:32:19 PM" turn_no="221" dialog_act="" comm_act_type="" link_to="" pos="" pos_count="" pos_origin="" topic="" polarity="">just outside</turn>
<turn mode="chat" speaker="amy" end_time="9:32:31 PM" turn_no="222" dialog_act="" comm_act_type="" link_to="" pos="" pos_count="" pos_origin="" topic="" polarity="">saratoga bordering albany  cty</turn>
<turn mode="chat" speaker="rachael" end_time="9:32:41 PM" turn_no="223" dialog_act="" comm_act_type="" link_to="" pos="" pos_count="" pos_origin="" topic="" polarity="">50 miles south.</turn>
<turn mode="chat" speaker="george" end_time="9:32:44 PM" turn_no="224" dialog_act="" comm_act_type="" link_to="" pos="" pos_count="" pos_origin="" topic="" polarity="">ah</turn>
<turn mode="chat" speaker="amy" end_time="9:32:57 PM" turn_no="225" dialog_act="" comm_act_type="" link_to="" pos="" pos_count="" pos_origin="" topic="" polarity="">grew up in alb cty though</turn>
<turn mode="chat" speaker="amy" end_time="9:33:08 PM" turn_no="226" dialog_act="" comm_act_type="" link_to="" pos="" pos_count="" pos_origin="" topic="" polarity="">county-  not city just to clarify</turn>
<turn mode="chat" speaker="rachael" end_time="9:33:19 PM" turn_no="227" dialog_act="" comm_act_type="" link_to="" pos="" pos_count="" pos_origin="" topic="" polarity="">I have two children, and I'd like to think they'll have a nice life!</turn>
<turn mode="chat" speaker="george" end_time="9:33:56 PM" turn_no="228" dialog_act="" comm_act_type="" link_to="" pos="" pos_count="" pos_origin="" topic="" polarity="">yea hopefully we get through this mess in a few years</turn>
<turn mode="chat" speaker="amy" end_time="9:33:58 PM" turn_no="229" dialog_act="" comm_act_type="" link_to="" pos="" pos_count="" pos_origin="" topic="" polarity="">i think they are the ones who will hlp turn this country around and back on the right track for many yrs to come</turn>
<turn mode="chat" speaker="rachael" end_time="9:34:22 PM" turn_no="230" dialog_act="" comm_act_type="" link_to="" pos="" pos_count="" pos_origin="" topic="" polarity="">Do you think that will happen, that we'll get through this mess?</turn>
<turn mode="chat" speaker="amy" end_time="9:34:39 PM" turn_no="231" dialog_act="" comm_act_type="" link_to="" pos="" pos_count="" pos_origin="" topic="" polarity="">us seems to need a wakeup call, as much as i love it and everything here</turn>
<turn mode="chat" speaker="amy" end_time="9:34:53 PM" turn_no="232" dialog_act="" comm_act_type="" link_to="" pos="" pos_count="" pos_origin="" topic="" polarity="">Yes!</turn>
<turn mode="chat" speaker="george" end_time="9:35:13 PM" turn_no="233" dialog_act="" comm_act_type="" link_to="" pos="" pos_count="" pos_origin="" topic="" polarity="">it's hard to say what is going to happen if we go into a depression</turn>
<turn mode="chat" speaker="amy" end_time="9:35:42 PM" turn_no="234" dialog_act="" comm_act_type="" link_to="" pos="" pos_count="" pos_origin="" topic="" polarity="">but george, if that happens, i think it is part of the wake up call, not that we want that to happen of course</turn>
<turn mode="chat" speaker="amy" end_time="9:36:03 PM" turn_no="235" dialog_act="" comm_act_type="" link_to="" pos="" pos_count="" pos_origin="" topic="" polarity="">but it will help americans learn the value of a dollar again and to relearn basic practices</turn>
<turn mode="chat" speaker="george" end_time="9:36:19 PM" turn_no="236" dialog_act="" comm_act_type="" link_to="" pos="" pos_count="" pos_origin="" topic="" polarity="">we dont' want it to happen but you might be right...it could be the necessary corrections</turn>
<turn mode="chat" speaker="amy" end_time="9:36:21 PM" turn_no="237" dialog_act="" comm_act_type="" link_to="" pos="" pos_count="" pos_origin="" topic="" polarity="">it has been lost somewhere along the way</turn>
<turn mode="chat" speaker="george" end_time="9:36:47 PM" turn_no="238" dialog_act="" comm_act_type="" link_to="" pos="" pos_count="" pos_origin="" topic="" polarity="">another bad indicator is "quantitative easing"</turn>
<turn mode="chat" speaker="rachael" end_time="9:36:50 PM" turn_no="239" dialog_act="" comm_act_type="" link_to="" pos="" pos_count="" pos_origin="" topic="" polarity="">But it's hard to learn the value of a dollar when that value keeps changing.</turn>
<turn mode="chat" speaker="amy" end_time="9:37:00 PM" turn_no="240" dialog_act="" comm_act_type="" link_to="" pos="" pos_count="" pos_origin="" topic="" polarity="">you are justfull of surprises george-  what is that?</turn>
<turn mode="chat" speaker="rachael" end_time="9:37:08 PM" turn_no="241" dialog_act="" comm_act_type="" link_to="" pos="" pos_count="" pos_origin="" topic="" polarity="">Wait!  What's quantitative easing?</turn>
<turn mode="chat" speaker="amy" end_time="9:37:09 PM" turn_no="242" dialog_act="" comm_act_type="" link_to="" pos="" pos_count="" pos_origin="" topic="" polarity="">hahaha rachael good point</turn>
<turn mode="chat" speaker="george" end_time="9:37:39 PM" turn_no="243" dialog_act="" comm_act_type="" link_to="" pos="" pos_count="" pos_origin="" topic="" polarity="">french revolution, bolshevik revolution...</turn>
<turn mode="chat" speaker="amy" end_time="9:37:46 PM" turn_no="244" dialog_act="" comm_act_type="" link_to="" pos="" pos_count="" pos_origin="" topic="" polarity="">what  meant  the value is hard work, good values in dealing with others, and less greed</turn>
<turn mode="chat" speaker="rachael" end_time="9:38:26 PM" turn_no="245" dialog_act="" comm_act_type="" link_to="" pos="" pos_count="" pos_origin="" topic="" polarity="">What do those revolutions have to do with quantitative easing?  I don't know what it means.</turn>
<turn mode="chat" speaker="george" end_time="9:39:30 PM" turn_no="246" dialog_act="" comm_act_type="" link_to="" pos="" pos_count="" pos_origin="" topic="" polarity="">they started using "quantitative easing" shortly before these things happened...i'm trying to think of a third example</turn>
<turn mode="chat" speaker="george" end_time="9:40:05 PM" turn_no="247" dialog_act="" comm_act_type="" link_to="" pos="" pos_count="" pos_origin="" topic="" polarity="">but they're doing that now in the US, and started it in UK as well</turn>
<turn mode="chat" speaker="george" end_time="9:40:31 PM" turn_no="248" dialog_act="" comm_act_type="" link_to="" pos="" pos_count="" pos_origin="" topic="" polarity="">btw, UK is pretty screwed</turn>
<turn mode="chat" speaker="george" end_time="9:41:04 PM" turn_no="249" dialog_act="" comm_act_type="" link_to="" pos="" pos_count="" pos_origin="" topic="" polarity="">we might be following in their footsteps tho</turn>
<turn mode="chat" speaker="rachael" end_time="9:41:14 PM" turn_no="250" dialog_act="" comm_act_type="" link_to="" pos="" pos_count="" pos_origin="" topic="" polarity="">But what's quantitative easing?  Are you going to force me to Google!??</turn>
<turn mode="chat" speaker="amy" end_time="9:41:20 PM" turn_no="251" dialog_act="" comm_act_type="" link_to="" pos="" pos_count="" pos_origin="" topic="" polarity="">hehe</turn>
<turn mode="chat" speaker="george" end_time="9:41:51 PM" turn_no="252" dialog_act="" comm_act_type="" link_to="" pos="" pos_count="" pos_origin="" topic="" polarity="">it's where they are buying debt and creating money out of thin air</turn>
<turn mode="chat" speaker="george" end_time="9:42:03 PM" turn_no="253" dialog_act="" comm_act_type="" link_to="" pos="" pos_count="" pos_origin="" topic="" polarity="">there's a nice article in wikipedia</turn>
<turn mode="chat" speaker="rachael" end_time="9:42:08 PM" turn_no="254" dialog_act="" comm_act_type="" link_to="" pos="" pos_count="" pos_origin="" topic="" polarity="">How do you buy debt?</turn>
<turn mode="chat" speaker="amy" end_time="9:42:11 PM" turn_no="255" dialog_act="" comm_act_type="" link_to="" pos="" pos_count="" pos_origin="" topic="" polarity="">we covered that i think</turn>
<turn mode="chat" speaker="george" end_time="9:42:17 PM" turn_no="256" dialog_act="" comm_act_type="" link_to="" pos="" pos_count="" pos_origin="" topic="" polarity="">can't seem to paste in here tonight for some reason :( :( :(</turn>
<turn mode="chat" speaker="rachael" end_time="9:42:35 PM" turn_no="257" dialog_act="" comm_act_type="" link_to="" pos="" pos_count="" pos_origin="" topic="" polarity="">Is the article in Wikipedia titled quantitative easing?</turn>
<turn mode="chat" speaker="rachael" end_time="9:42:53 PM" turn_no="258" dialog_act="" comm_act_type="" link_to="" pos="" pos_count="" pos_origin="" topic="" polarity="">You're right; we did talk about buying debt.</turn>
<turn mode="chat" speaker="george" end_time="9:42:56 PM" turn_no="259" dialog_act="" comm_act_type="" link_to="" pos="" pos_count="" pos_origin="" topic="" polarity="">quantitative easing, yes</turn>
<turn mode="chat" speaker="amy" end_time="9:43:03 PM" turn_no="260" dialog_act="" comm_act_type="" link_to="" pos="" pos_count="" pos_origin="" topic="" polarity="">oh wikipedia might not be the right place to search rachael</turn>
<turn mode="chat" speaker="rachael" end_time="9:43:30 PM" turn_no="261" dialog_act="" comm_act_type="" link_to="" pos="" pos_count="" pos_origin="" topic="" polarity="">I always start there, just for the sources at the bottom of the page.</turn>
<turn mode="chat" speaker="amy" end_time="9:43:45 PM" turn_no="262" dialog_act="" comm_act_type="" link_to="" pos="" pos_count="" pos_origin="" topic="" polarity="">oh i see-  good idea</turn>
<turn mode="chat" speaker="george" end_time="9:43:52 PM" turn_no="263" dialog_act="" comm_act_type="" link_to="" pos="" pos_count="" pos_origin="" topic="" polarity="">yea, i got it open, go to the risk section and read that</turn>
<turn mode="chat" speaker="rachael" end_time="9:44:07 PM" turn_no="264" dialog_act="" comm_act_type="" link_to="" pos="" pos_count="" pos_origin="" topic="" polarity="">OK</turn>
<turn mode="chat" speaker="george" end_time="9:44:43 PM" turn_no="265" dialog_act="" comm_act_type="" link_to="" pos="" pos_count="" pos_origin="" topic="" polarity="">there's "toxic assets" floating around, failed mortgage backed securities and derivatives</turn>
<turn mode="chat" speaker="george" end_time="9:45:05 PM" turn_no="266" dialog_act="" comm_act_type="" link_to="" pos="" pos_count="" pos_origin="" topic="" polarity="">they are losing value and defaulting</turn>
<turn mode="chat" speaker="george" end_time="9:45:33 PM" turn_no="267" dialog_act="" comm_act_type="" link_to="" pos="" pos_count="" pos_origin="" topic="" polarity="">fed: we're going to start buying these toxic assets...you're welcome, citizens of the US!!!</turn>
<turn mode="chat" speaker="amy" end_time="9:46:31 PM" turn_no="268" dialog_act="" comm_act_type="" link_to="" pos="" pos_count="" pos_origin="" topic="" polarity="">ae you two participating tomorrow afternoons chat?</turn>
<turn mode="chat" speaker="george" end_time="9:46:50 PM" turn_no="269" dialog_act="" comm_act_type="" link_to="" pos="" pos_count="" pos_origin="" topic="" polarity="">i'm not positive</turn>
<turn mode="chat" speaker="rachael" end_time="9:46:55 PM" turn_no="270" dialog_act="" comm_act_type="" link_to="" pos="" pos_count="" pos_origin="" topic="" polarity="">No, I'm not back on until Sunday.</turn>
<turn mode="chat" speaker="george" end_time="9:47:04 PM" turn_no="271" dialog_act="" comm_act_type="" link_to="" pos="" pos_count="" pos_origin="" topic="" polarity="">probably</turn>
<turn mode="chat" speaker="amy" end_time="9:47:08 PM" turn_no="272" dialog_act="" comm_act_type="" link_to="" pos="" pos_count="" pos_origin="" topic="" polarity="">ok  i'll be here sunday too</turn>
<turn mode="chat" speaker="amy" end_time="9:47:25 PM" turn_no="273" dialog_act="" comm_act_type="" link_to="" pos="" pos_count="" pos_origin="" topic="" polarity="">how do we go about choosing topics-  is it predetermined?</turn>
<turn mode="chat" speaker="george" end_time="9:47:41 PM" turn_no="274" dialog_act="" comm_act_type="" link_to="" pos="" pos_count="" pos_origin="" topic="" polarity="">i chose :P</turn>
<turn mode="chat" speaker="amy" end_time="9:47:50 PM" turn_no="275" dialog_act="" comm_act_type="" link_to="" pos="" pos_count="" pos_origin="" topic="" polarity="">yes and we  thank you for that</turn>
<turn mode="chat" speaker="amy" end_time="9:47:53 PM" turn_no="276" dialog_act="" comm_act_type="" link_to="" pos="" pos_count="" pos_origin="" topic="" polarity="">:)</turn>
<turn mode="chat" speaker="rachael" end_time="9:47:58 PM" turn_no="277" dialog_act="" comm_act_type="" link_to="" pos="" pos_count="" pos_origin="" topic="" polarity="">Oh, thanks!</turn>
<turn mode="chat" speaker="amy" end_time="9:48:08 PM" turn_no="278" dialog_act="" comm_act_type="" link_to="" pos="" pos_count="" pos_origin="" topic="" polarity="">ive learned that  have a great deal to learn about economics!   lol</turn>
<turn mode="chat" speaker="rachael" end_time="9:48:16 PM" turn_no="279" dialog_act="" comm_act_type="" link_to="" pos="" pos_count="" pos_origin="" topic="" polarity="">Really, I found it interesting.</turn>
<turn mode="chat" speaker="amy" end_time="9:48:22 PM" turn_no="280" dialog_act="" comm_act_type="" link_to="" pos="" pos_count="" pos_origin="" topic="" polarity="">i agree</turn>
<turn mode="chat" speaker="george" end_time="9:48:35 PM" turn_no="281" dialog_act="" comm_act_type="" link_to="" pos="" pos_count="" pos_origin="" topic="" polarity="">ohh i thought that was sarcasm!</turn>
<turn mode="chat" speaker="amy" end_time="9:48:53 PM" turn_no="282" dialog_act="" comm_act_type="" link_to="" pos="" pos_count="" pos_origin="" topic="" polarity="">no sarcasm from me-  just a little lighthumor</turn>
<turn mode="chat" speaker="george" end_time="9:49:05 PM" turn_no="283" dialog_act="" comm_act_type="" link_to="" pos="" pos_count="" pos_origin="" topic="" polarity="">lol</turn>
<turn mode="chat" speaker="rachael" end_time="9:49:09 PM" turn_no="284" dialog_act="" comm_act_type="" link_to="" pos="" pos_count="" pos_origin="" topic="" polarity="">It was, but truthfully it was a good discussion.</turn>
<turn mode="chat" speaker="amy" end_time="9:49:16 PM" turn_no="285" dialog_act="" comm_act_type="" link_to="" pos="" pos_count="" pos_origin="" topic="" polarity="">i am now more informed which is why its always good to talk to people and learn thatyou mayhave more to learn</turn>
<turn mode="chat" speaker="george" end_time="9:49:44 PM" turn_no="286" dialog_act="" comm_act_type="" link_to="" pos="" pos_count="" pos_origin="" topic="" polarity="">(less than sign)--</turn>
<turn mode="chat" speaker="george" end_time="9:49:56 PM" turn_no="287" dialog_act="" comm_act_type="" link_to="" pos="" pos_count="" pos_origin="" topic="" polarity="">doh, greater than sign still don't work</turn>
<turn mode="chat" speaker="george" end_time="9:50:04 PM" turn_no="288" dialog_act="" comm_act_type="" link_to="" pos="" pos_count="" pos_origin="" topic="" polarity="">er less than sign</turn>
<turn mode="chat" speaker="amy" end_time="9:50:36 PM" turn_no="289" dialog_act="" comm_act_type="" link_to="" pos="" pos_count="" pos_origin="" topic="" polarity="">> is greaer than</turn>
<turn mode="chat" speaker="george" end_time="9:50:36 PM" turn_no="290" dialog_act="" comm_act_type="" link_to="" pos="" pos_count="" pos_origin="" topic="" polarity="">i like to emote using less than sign and --</turn>
<turn mode="chat" speaker="george" end_time="9:50:45 PM" turn_no="291" dialog_act="" comm_act_type="" link_to="" pos="" pos_count="" pos_origin="" topic="" polarity="">(-- hungry like that</turn>
<turn mode="chat" speaker="amy" end_time="9:50:59 PM" turn_no="292" dialog_act="" comm_act_type="" link_to="" pos="" pos_count="" pos_origin="" topic="" polarity="">emote?</turn>
<turn mode="chat" speaker="amy" end_time="9:51:05 PM" turn_no="293" dialog_act="" comm_act_type="" link_to="" pos="" pos_count="" pos_origin="" topic="" polarity="">oh like emotions?</turn>
<turn mode="chat" speaker="george" end_time="9:51:07 PM" turn_no="294" dialog_act="" comm_act_type="" link_to="" pos="" pos_count="" pos_origin="" topic="" polarity="">yup, --> is an arrow...i can't make one pointing to the left to point to my name</turn>
<turn mode="chat" speaker="george" end_time="9:51:40 PM" turn_no="295" dialog_act="" comm_act_type="" link_to="" pos="" pos_count="" pos_origin="" topic="" polarity="">yup, emote like :) :(</turn>
<turn mode="chat" speaker="amy" end_time="9:51:49 PM" turn_no="296" dialog_act="" comm_act_type="" link_to="" pos="" pos_count="" pos_origin="" topic="" polarity="">gotcha</turn>
<turn mode="chat" speaker="george" end_time="9:51:58 PM" turn_no="297" dialog_act="" comm_act_type="" link_to="" pos="" pos_count="" pos_origin="" topic="" polarity="">>8-/</turn>
<turn mode="chat" speaker="amy" end_time="9:52:10 PM" turn_no="298" dialog_act="" comm_act_type="" link_to="" pos="" pos_count="" pos_origin="" topic="" polarity="">:P</turn>
<turn mode="chat" speaker="amy" end_time="9:52:27 PM" turn_no="299" dialog_act="" comm_act_type="" link_to="" pos="" pos_count="" pos_origin="" topic="" polarity="">i only know the simple ones</turn>
<turn mode="chat" speaker="amy" end_time="9:52:52 PM" turn_no="300" dialog_act="" comm_act_type="" link_to="" pos="" pos_count="" pos_origin="" topic="" polarity="">have we exhausted our topic on thatnote?</turn>
<turn mode="chat" speaker="george" end_time="9:52:53 PM" turn_no="301" dialog_act="" comm_act_type="" link_to="" pos="" pos_count="" pos_origin="" topic="" polarity="">but yea, look up peter schiff on youtube..he's a good start to learn about our economic disaster</turn>
<turn mode="chat" speaker="rachael" end_time="9:52:54 PM" turn_no="302" dialog_act="" comm_act_type="" link_to="" pos="" pos_count="" pos_origin="" topic="" polarity="">What is >8-/?</turn>
<turn mode="chat" speaker="amy" end_time="9:53:09 PM" turn_no="303" dialog_act="" comm_act_type="" link_to="" pos="" pos_count="" pos_origin="" topic="" polarity="">i def will just to see what he's all about</turn>
<turn mode="chat" speaker="amy" end_time="9:53:15 PM" turn_no="304" dialog_act="" comm_act_type="" link_to="" pos="" pos_count="" pos_origin="" topic="" polarity="">a little guy</turn>
<turn mode="chat" speaker="rachael" end_time="9:53:15 PM" turn_no="305" dialog_act="" comm_act_type="" link_to="" pos="" pos_count="" pos_origin="" topic="" polarity="">I think I'll review Ron Paul</turn>
<turn mode="chat" speaker="george" end_time="9:53:18 PM" turn_no="306" dialog_act="" comm_act_type="" link_to="" pos="" pos_count="" pos_origin="" topic="" polarity="">that's a stern face</turn>
<turn mode="chat" speaker="rachael" end_time="9:53:35 PM" turn_no="307" dialog_act="" comm_act_type="" link_to="" pos="" pos_count="" pos_origin="" topic="" polarity="">Ron Paul? Stern face?</turn>
<turn mode="chat" speaker="george" end_time="9:53:43 PM" turn_no="308" dialog_act="" comm_act_type="" link_to="" pos="" pos_count="" pos_origin="" topic="" polarity="">yes ron paul has the right idea</turn>
<turn mode="chat" speaker="george" end_time="9:54:15 PM" turn_no="309" dialog_act="" comm_act_type="" link_to="" pos="" pos_count="" pos_origin="" topic="" polarity="">but nobody listens to him...they think he's a moonbat but he's probably the only strict constatutionalist</turn>
<turn mode="chat" speaker="amy" end_time="9:54:17 PM" turn_no="310" dialog_act="" comm_act_type="" link_to="" pos="" pos_count="" pos_origin="" topic="" polarity="">oh i think online chatting is funny sometimes - i just laughed at the last few lines</turn>
<turn mode="chat" speaker="rachael" end_time="9:54:50 PM" turn_no="311" dialog_act="" comm_act_type="" link_to="" pos="" pos_count="" pos_origin="" topic="" polarity="">He's an intelligent man.</turn>
<turn mode="chat" speaker="amy" end_time="9:55:09 PM" turn_no="312" dialog_act="" comm_act_type="" link_to="" pos="" pos_count="" pos_origin="" topic="" polarity="">ron paul?</turn>
<turn mode="chat" speaker="george" end_time="9:55:37 PM" turn_no="313" dialog_act="" comm_act_type="" link_to="" pos="" pos_count="" pos_origin="" topic="" polarity="">yup, ron paul</turn>
<turn mode="chat" speaker="rachael" end_time="9:55:38 PM" turn_no="314" dialog_act="" comm_act_type="" link_to="" pos="" pos_count="" pos_origin="" topic="" polarity="">Yes, I think so.  I didn't vote for him, however.</turn>
<turn mode="chat" speaker="george" end_time="9:56:48 PM" turn_no="315" dialog_act="" comm_act_type="" link_to="" pos="" pos_count="" pos_origin="" topic="" polarity="">T_T</turn>
<turn mode="chat" speaker="amy" end_time="9:57:15 PM" turn_no="316" dialog_act="" comm_act_type="" link_to="" pos="" pos_count="" pos_origin="" topic="" polarity="">?</turn>
<turn mode="chat" speaker="rachael" end_time="9:57:24 PM" turn_no="317" dialog_act="" comm_act_type="" link_to="" pos="" pos_count="" pos_origin="" topic="" polarity="">Good Night!</turn>
<turn mode="chat" speaker="george" end_time="9:57:24 PM" turn_no="318" dialog_act="" comm_act_type="" link_to="" pos="" pos_count="" pos_origin="" topic="" polarity="">ok, i think it's time to get a little more programming done and hit the sack</turn>
<turn mode="chat" speaker="george" end_time="9:57:33 PM" turn_no="319" dialog_act="" comm_act_type="" link_to="" pos="" pos_count="" pos_origin="" topic="" polarity="">nice talking to you ladies!</turn>
<turn mode="chat" speaker="amy" end_time="9:57:43 PM" turn_no="320" dialog_act="" comm_act_type="" link_to="" pos="" pos_count="" pos_origin="" topic="" polarity="">it is that time-   nice chatting with you both!</turn>
</Dialogue>
