<?xml version="1.0" encoding="UTF-8" ?>
<Dialogue date="2009-04-26" > 
<turn mode="chat" speaker="michael" end_time="8:02:49 PM" turn_no="1" dialog_act="" comm_act_type="" link_to="" pos="" pos_count="" pos_origin="" topic="" polarity="">Sorry about the trouble, heh. I'll be gentle with my computer from now on.</turn>
<turn mode="chat" speaker="george" end_time="8:03:15 PM" turn_no="2" dialog_act="" comm_act_type="" link_to="" pos="" pos_count="" pos_origin="" topic="" polarity="">are you reading the resumes, amy?</turn>
<turn mode="chat" speaker="amy" end_time="8:03:27 PM" turn_no="3" dialog_act="" comm_act_type="" link_to="" pos="" pos_count="" pos_origin="" topic="" polarity="">Looks like last one Sandra does not meet the educational level requirement (not a soph yet)</turn>
<turn mode="chat" speaker="george" end_time="8:04:19 PM" turn_no="4" dialog_act="" comm_act_type="" link_to="" pos="" pos_count="" pos_origin="" topic="" polarity="">*looks around*</turn>
<turn mode="chat" speaker="george" end_time="8:05:35 PM" turn_no="5" dialog_act="" comm_act_type="" link_to="" pos="" pos_count="" pos_origin="" topic="" polarity="">hello?</turn>
<turn mode="chat" speaker="michael" end_time="8:05:37 PM" turn_no="6" dialog_act="" comm_act_type="" link_to="" pos="" pos_count="" pos_origin="" topic="" polarity="">Hello, I was having some computer trouble so didn't get earlier messages. We're reviewing the job and resumes on the site?</turn>
<turn mode="chat" speaker="amy" end_time="8:05:56 PM" turn_no="7" dialog_act="" comm_act_type="" link_to="" pos="" pos_count="" pos_origin="" topic="" polarity="">george and michael-  can you read this-  not sure if i'm in even thgouh my name is listed in blue</turn>
<turn mode="chat" speaker="george" end_time="8:06:06 PM" turn_no="8" dialog_act="" comm_act_type="" link_to="" pos="" pos_count="" pos_origin="" topic="" polarity="">yea i think that's the plan</turn>
<turn mode="chat" speaker="george" end_time="8:06:09 PM" turn_no="9" dialog_act="" comm_act_type="" link_to="" pos="" pos_count="" pos_origin="" topic="" polarity="">yea, i can see that amy</turn>
<turn mode="chat" speaker="michael" end_time="8:06:16 PM" turn_no="10" dialog_act="" comm_act_type="" link_to="" pos="" pos_count="" pos_origin="" topic="" polarity="">Yep, I can see that amy.</turn>
<turn mode="chat" speaker="george" end_time="8:07:10 PM" turn_no="11" dialog_act="" comm_act_type="" link_to="" pos="" pos_count="" pos_origin="" topic="" polarity="">ok so did you guys read the resumes?</turn>
<turn mode="chat" speaker="amy" end_time="8:07:21 PM" turn_no="12" dialog_act="" comm_act_type="" link_to="" pos="" pos_count="" pos_origin="" topic="" polarity="">yes</turn>
<turn mode="chat" speaker="george" end_time="8:07:34 PM" turn_no="13" dialog_act="" comm_act_type="" link_to="" pos="" pos_count="" pos_origin="" topic="" polarity="">maybe we can go one at a time</turn>
<turn mode="chat" speaker="amy" end_time="8:07:37 PM" turn_no="14" dialog_act="" comm_act_type="" link_to="" pos="" pos_count="" pos_origin="" topic="" polarity="">the last one isnt qualified- too young?</turn>
<turn mode="chat" speaker="george" end_time="8:08:08 PM" turn_no="15" dialog_act="" comm_act_type="" link_to="" pos="" pos_count="" pos_origin="" topic="" polarity="">i have 3 windows open; one for this chat, one for the job description, one for the resumes</turn>
<turn mode="chat" speaker="michael" end_time="8:08:09 PM" turn_no="16" dialog_act="" comm_act_type="" link_to="" pos="" pos_count="" pos_origin="" topic="" polarity="">I looked through them earlier, yes.</turn>
<turn mode="chat" speaker="george" end_time="8:08:18 PM" turn_no="17" dialog_act="" comm_act_type="" link_to="" pos="" pos_count="" pos_origin="" topic="" polarity="">ok let me look at last one</turn>
<turn mode="chat" speaker="george" end_time="8:08:49 PM" turn_no="18" dialog_act="" comm_act_type="" link_to="" pos="" pos_count="" pos_origin="" topic="" polarity="">sandra cavanaugh</turn>
<turn mode="chat" speaker="amy" end_time="8:09:00 PM" turn_no="19" dialog_act="" comm_act_type="" link_to="" pos="" pos_count="" pos_origin="" topic="" polarity="">right- sandra</turn>
<turn mode="chat" speaker="george" end_time="8:09:07 PM" turn_no="20" dialog_act="" comm_act_type="" link_to="" pos="" pos_count="" pos_origin="" topic="" polarity="">looks like she's finishing her freshman year</turn>
<turn mode="chat" speaker="michael" end_time="8:09:22 PM" turn_no="21" dialog_act="" comm_act_type="" link_to="" pos="" pos_count="" pos_origin="" topic="" polarity="">Oh, because of the 2012 graduation date?</turn>
<turn mode="chat" speaker="amy" end_time="8:09:44 PM" turn_no="22" dialog_act="" comm_act_type="" link_to="" pos="" pos_count="" pos_origin="" topic="" polarity="">oh maybe you're right george- so she will be a soph</turn>
<turn mode="chat" speaker="george" end_time="8:10:03 PM" turn_no="23" dialog_act="" comm_act_type="" link_to="" pos="" pos_count="" pos_origin="" topic="" polarity="">it says she got her high school diploma may 2008</turn>
<turn mode="chat" speaker="george" end_time="8:10:24 PM" turn_no="24" dialog_act="" comm_act_type="" link_to="" pos="" pos_count="" pos_origin="" topic="" polarity="">and yes, expected graduation 2012</turn>
<turn mode="chat" speaker="amy" end_time="8:10:39 PM" turn_no="25" dialog_act="" comm_act_type="" link_to="" pos="" pos_count="" pos_origin="" topic="" polarity="">so everyone is qualified based on edu level</turn>
<turn mode="chat" speaker="amy" end_time="8:10:58 PM" turn_no="26" dialog_act="" comm_act_type="" link_to="" pos="" pos_count="" pos_origin="" topic="" polarity="">sgall we look at gpa now-  must be at least 2.5</turn>
<turn mode="chat" speaker="george" end_time="8:11:28 PM" turn_no="27" dialog_act="" comm_act_type="" link_to="" pos="" pos_count="" pos_origin="" topic="" polarity="">well, let's put sandra on hold because she doesn't meet one of the job description requirements</turn>
<turn mode="chat" speaker="michael" end_time="8:11:32 PM" turn_no="28" dialog_act="" comm_act_type="" link_to="" pos="" pos_count="" pos_origin="" topic="" polarity="">What semester is the job for, though?</turn>
<turn mode="chat" speaker="michael" end_time="8:12:04 PM" turn_no="29" dialog_act="" comm_act_type="" link_to="" pos="" pos_count="" pos_origin="" topic="" polarity="">If she becomes a sophmore at the end of the year and the job is for next year...</turn>
<turn mode="chat" speaker="george" end_time="8:12:08 PM" turn_no="30" dialog_act="" comm_act_type="" link_to="" pos="" pos_count="" pos_origin="" topic="" polarity="">it just says must be available for two semesters upon initial hire</turn>
<turn mode="chat" speaker="george" end_time="8:12:28 PM" turn_no="31" dialog_act="" comm_act_type="" link_to="" pos="" pos_count="" pos_origin="" topic="" polarity="">i think she needs to be an upper classman</turn>
<turn mode="chat" speaker="amy" end_time="8:12:35 PM" turn_no="32" dialog_act="" comm_act_type="" link_to="" pos="" pos_count="" pos_origin="" topic="" polarity="">1. You must be at least sophomore status at the end of the semester in which you are applying (i.e. May for a fall position)</turn>
<turn mode="chat" speaker="amy" end_time="8:13:02 PM" turn_no="33" dialog_act="" comm_act_type="" link_to="" pos="" pos_count="" pos_origin="" topic="" polarity="">that is a little confusing to me   : )</turn>
<turn mode="chat" speaker="george" end_time="8:13:09 PM" turn_no="34" dialog_act="" comm_act_type="" link_to="" pos="" pos_count="" pos_origin="" topic="" polarity="">oh so she could be applying a year in advance you're saying?</turn>
<turn mode="chat" speaker="amy" end_time="8:13:34 PM" turn_no="35" dialog_act="" comm_act_type="" link_to="" pos="" pos_count="" pos_origin="" topic="" polarity="">so if she is applying right now (May), she must be a sop currently?</turn>
<turn mode="chat" speaker="amy" end_time="8:14:12 PM" turn_no="36" dialog_act="" comm_act_type="" link_to="" pos="" pos_count="" pos_origin="" topic="" polarity="">i think you need to be a soph period</turn>
<turn mode="chat" speaker="george" end_time="8:14:35 PM" turn_no="37" dialog_act="" comm_act_type="" link_to="" pos="" pos_count="" pos_origin="" topic="" polarity="">oh maybe a sophomore can be hired then</turn>
<turn mode="chat" speaker="amy" end_time="8:15:18 PM" turn_no="38" dialog_act="" comm_act_type="" link_to="" pos="" pos_count="" pos_origin="" topic="" polarity="">if sandra is a frosh, then she is not qualified so she is crossed off our list for a candidate</turn>
<turn mode="chat" speaker="george" end_time="8:15:22 PM" turn_no="39" dialog_act="" comm_act_type="" link_to="" pos="" pos_count="" pos_origin="" topic="" polarity="">she does have a high GPA</turn>
<turn mode="chat" speaker="george" end_time="8:16:26 PM" turn_no="40" dialog_act="" comm_act_type="" link_to="" pos="" pos_count="" pos_origin="" topic="" polarity="">yea it's a bit of grey area she's in with the graduation date and application date</turn>
<turn mode="chat" speaker="amy" end_time="8:16:27 PM" turn_no="41" dialog_act="" comm_act_type="" link_to="" pos="" pos_count="" pos_origin="" topic="" polarity="">there might be another reason for not hiring her for that position though-  she doesnt have much experience at the school?</turn>
<turn mode="chat" speaker="michael" end_time="8:16:32 PM" turn_no="42" dialog_act="" comm_act_type="" link_to="" pos="" pos_count="" pos_origin="" topic="" polarity="">An AP student too. I remember my undergrad school let people with a lot of AP courses apply for upperclassman status.</turn>
<turn mode="chat" speaker="michael" end_time="8:17:29 PM" turn_no="43" dialog_act="" comm_act_type="" link_to="" pos="" pos_count="" pos_origin="" topic="" polarity="">I guess in real life I might just ring her up and clear up any possible misunderstandings before I nix her.</turn>
<turn mode="chat" speaker="amy" end_time="8:17:42 PM" turn_no="44" dialog_act="" comm_act_type="" link_to="" pos="" pos_count="" pos_origin="" topic="" polarity="">absolutely michael</turn>
<turn mode="chat" speaker="george" end_time="8:17:51 PM" turn_no="45" dialog_act="" comm_act_type="" link_to="" pos="" pos_count="" pos_origin="" topic="" polarity="">she's got experience organizing a children's day camp...maybe the skills can be extrapolated and applied to the residence halls ;-)</turn>
<turn mode="chat" speaker="michael" end_time="8:17:52 PM" turn_no="46" dialog_act="" comm_act_type="" link_to="" pos="" pos_count="" pos_origin="" topic="" polarity="">That's true, more experience is better.</turn>
<turn mode="chat" speaker="amy" end_time="8:18:10 PM" turn_no="47" dialog_act="" comm_act_type="" link_to="" pos="" pos_count="" pos_origin="" topic="" polarity="">yeah- i first liked her the best actually- then noticed that one thing</turn>
<turn mode="chat" speaker="george" end_time="8:19:05 PM" turn_no="48" dialog_act="" comm_act_type="" link_to="" pos="" pos_count="" pos_origin="" topic="" polarity="">ok, let's check out another candidate</turn>
<turn mode="chat" speaker="amy" end_time="8:19:21 PM" turn_no="49" dialog_act="" comm_act_type="" link_to="" pos="" pos_count="" pos_origin="" topic="" polarity="">penny jones looks good too-</turn>
<turn mode="chat" speaker="george" end_time="8:19:26 PM" turn_no="50" dialog_act="" comm_act_type="" link_to="" pos="" pos_count="" pos_origin="" topic="" polarity="">how about penny jones?</turn>
<turn mode="chat" speaker="george" end_time="8:19:29 PM" turn_no="51" dialog_act="" comm_act_type="" link_to="" pos="" pos_count="" pos_origin="" topic="" polarity=""></turn>
<turn mode="chat" speaker="george" end_time="8:19:34 PM" turn_no="52" dialog_act="" comm_act_type="" link_to="" pos="" pos_count="" pos_origin="" topic="" polarity="">she's the first one</turn>
<turn mode="chat" speaker="amy" end_time="8:19:53 PM" turn_no="53" dialog_act="" comm_act_type="" link_to="" pos="" pos_count="" pos_origin="" topic="" polarity="">pet sitting, child care, volunteer service, honor society</turn>
<turn mode="chat" speaker="george" end_time="8:20:00 PM" turn_no="54" dialog_act="" comm_act_type="" link_to="" pos="" pos_count="" pos_origin="" topic="" polarity="">high GPA, expected graduation 2010</turn>
<turn mode="chat" speaker="amy" end_time="8:21:03 PM" turn_no="55" dialog_act="" comm_act_type="" link_to="" pos="" pos_count="" pos_origin="" topic="" polarity="">i would keep her as a possibility-  anyone else?</turn>
<turn mode="chat" speaker="george" end_time="8:21:12 PM" turn_no="56" dialog_act="" comm_act_type="" link_to="" pos="" pos_count="" pos_origin="" topic="" polarity="">just wondering...are computer skills relevant to the job?</turn>
<turn mode="chat" speaker="michael" end_time="8:21:13 PM" turn_no="57" dialog_act="" comm_act_type="" link_to="" pos="" pos_count="" pos_origin="" topic="" polarity="">Child care is a good plus for this job.</turn>
<turn mode="chat" speaker="george" end_time="8:22:12 PM" turn_no="58" dialog_act="" comm_act_type="" link_to="" pos="" pos_count="" pos_origin="" topic="" polarity="">does she need to give power point presentations to the residence halls?</turn>
<turn mode="chat" speaker="amy" end_time="8:22:16 PM" turn_no="59" dialog_act="" comm_act_type="" link_to="" pos="" pos_count="" pos_origin="" topic="" polarity="">good communicaiton skills</turn>
<turn mode="chat" speaker="michael" end_time="8:22:35 PM" turn_no="60" dialog_act="" comm_act_type="" link_to="" pos="" pos_count="" pos_origin="" topic="" polarity="">I don't see anything about computers in the job description.</turn>
<turn mode="chat" speaker="george" end_time="8:23:07 PM" turn_no="61" dialog_act="" comm_act_type="" link_to="" pos="" pos_count="" pos_origin="" topic="" polarity="">yea, just sometimes makes me wonder why people would draw attention to irrelevant information</turn>
<turn mode="chat" speaker="michael" end_time="8:23:11 PM" turn_no="62" dialog_act="" comm_act_type="" link_to="" pos="" pos_count="" pos_origin="" topic="" polarity="">It would be nice if an RA could help the other students out if they come to them with problems enrolling in courses or something, though. Although I suppose there is official tech support for that sort of thing.</turn>
<turn mode="chat" speaker="amy" end_time="8:23:30 PM" turn_no="63" dialog_act="" comm_act_type="" link_to="" pos="" pos_count="" pos_origin="" topic="" polarity="">computer knowledge today is relevant in any job i believe</turn>
<turn mode="chat" speaker="amy" end_time="8:23:53 PM" turn_no="64" dialog_act="" comm_act_type="" link_to="" pos="" pos_count="" pos_origin="" topic="" polarity="">or it can just be a plus</turn>
<turn mode="chat" speaker="george" end_time="8:23:55 PM" turn_no="65" dialog_act="" comm_act_type="" link_to="" pos="" pos_count="" pos_origin="" topic="" polarity="">or how aobut that she plays piano</turn>
<turn mode="chat" speaker="amy" end_time="8:24:07 PM" turn_no="66" dialog_act="" comm_act_type="" link_to="" pos="" pos_count="" pos_origin="" topic="" polarity="">well roundedness</turn>
<turn mode="chat" speaker="michael" end_time="8:24:15 PM" turn_no="67" dialog_act="" comm_act_type="" link_to="" pos="" pos_count="" pos_origin="" topic="" polarity="">I went into one of the towers once to turn in an ID card someone dropped outside and the person in the office was sitting in front of a computer, heh. Tough to imagine there is an RA web site they use, though, heh.</turn>
<turn mode="chat" speaker="amy" end_time="8:24:19 PM" turn_no="68" dialog_act="" comm_act_type="" link_to="" pos="" pos_count="" pos_origin="" topic="" polarity="">meaning she can get along with different ypes of people</turn>
<turn mode="chat" speaker="amy" end_time="8:24:21 PM" turn_no="69" dialog_act="" comm_act_type="" link_to="" pos="" pos_count="" pos_origin="" topic="" polarity="">types</turn>
<turn mode="chat" speaker="amy" end_time="8:24:55 PM" turn_no="70" dialog_act="" comm_act_type="" link_to="" pos="" pos_count="" pos_origin="" topic="" polarity="">they must have been "silling up time" michael   lol</turn>
<turn mode="chat" speaker="amy" end_time="8:24:57 PM" turn_no="71" dialog_act="" comm_act_type="" link_to="" pos="" pos_count="" pos_origin="" topic="" polarity="">filling</turn>
<turn mode="chat" speaker="george" end_time="8:25:24 PM" turn_no="72" dialog_act="" comm_act_type="" link_to="" pos="" pos_count="" pos_origin="" topic="" polarity="">i like the volunteering experience</turn>
<turn mode="chat" speaker="michael" end_time="8:25:40 PM" turn_no="73" dialog_act="" comm_act_type="" link_to="" pos="" pos_count="" pos_origin="" topic="" polarity="">True, having a computer in the office is a good way to make the time periods when there is nothing to do less boring.</turn>
<turn mode="chat" speaker="george" end_time="8:26:11 PM" turn_no="74" dialog_act="" comm_act_type="" link_to="" pos="" pos_count="" pos_origin="" topic="" polarity="">but i get the impression the interests/activities and computer skills are just there to make the resume look robust</turn>
<turn mode="chat" speaker="michael" end_time="8:26:16 PM" turn_no="75" dialog_act="" comm_act_type="" link_to="" pos="" pos_count="" pos_origin="" topic="" polarity="">Well roundedness sounds good. My freshmen RA used to host movies in his room and take us out to sports bars...</turn>
<turn mode="chat" speaker="michael" end_time="8:26:43 PM" turn_no="76" dialog_act="" comm_act_type="" link_to="" pos="" pos_count="" pos_origin="" topic="" polarity="">His interests were movies and sports, though. Maybe she'll use her interests to start a tennis ladder or lessons or something that match hers.</turn>
<turn mode="chat" speaker="george" end_time="8:27:03 PM" turn_no="77" dialog_act="" comm_act_type="" link_to="" pos="" pos_count="" pos_origin="" topic="" polarity="">but if this can go on a resume, maybe we'd be better off choosing someone who could use this job on their resume</turn>
<turn mode="chat" speaker="amy" end_time="8:27:09 PM" turn_no="78" dialog_act="" comm_act_type="" link_to="" pos="" pos_count="" pos_origin="" topic="" polarity="">ok- who's next to look at?</turn>
<turn mode="chat" speaker="amy" end_time="8:27:25 PM" turn_no="79" dialog_act="" comm_act_type="" link_to="" pos="" pos_count="" pos_origin="" topic="" polarity="">then we can re-evaluate all of them once we know our initial thoughts.   this sound good?</turn>
<turn mode="chat" speaker="george" end_time="8:27:28 PM" turn_no="80" dialog_act="" comm_act_type="" link_to="" pos="" pos_count="" pos_origin="" topic="" polarity="">how about jade edwards</turn>
<turn mode="chat" speaker="george" end_time="8:27:45 PM" turn_no="81" dialog_act="" comm_act_type="" link_to="" pos="" pos_count="" pos_origin="" topic="" polarity="">sure, sounds good amy</turn>
<turn mode="chat" speaker="michael" end_time="8:27:53 PM" turn_no="82" dialog_act="" comm_act_type="" link_to="" pos="" pos_count="" pos_origin="" topic="" polarity="">Is Freshport valid? He seems to have graduated...</turn>
<turn mode="chat" speaker="michael" end_time="8:28:05 PM" turn_no="83" dialog_act="" comm_act_type="" link_to="" pos="" pos_count="" pos_origin="" topic="" polarity="">Oh, was typing at the same time. I'll go look at Edwards.</turn>
<turn mode="chat" speaker="george" end_time="8:29:12 PM" turn_no="84" dialog_act="" comm_act_type="" link_to="" pos="" pos_count="" pos_origin="" topic="" polarity="">junior status</turn>
<turn mode="chat" speaker="george" end_time="8:29:22 PM" turn_no="85" dialog_act="" comm_act_type="" link_to="" pos="" pos_count="" pos_origin="" topic="" polarity="">BS mechanical science 2011</turn>
<turn mode="chat" speaker="george" end_time="8:29:33 PM" turn_no="86" dialog_act="" comm_act_type="" link_to="" pos="" pos_count="" pos_origin="" topic="" polarity="">2nd degree maybe?</turn>
<turn mode="chat" speaker="amy" end_time="8:29:46 PM" turn_no="87" dialog_act="" comm_act_type="" link_to="" pos="" pos_count="" pos_origin="" topic="" polarity="">in this case, because of extra-curricular activities- i would keep them on the list....otherwise i might not think they would know how to relate to people</turn>
<turn mode="chat" speaker="michael" end_time="8:30:59 PM" turn_no="88" dialog_act="" comm_act_type="" link_to="" pos="" pos_count="" pos_origin="" topic="" polarity="">Hmm, is there a 5 year program or something similar?</turn>
<turn mode="chat" speaker="george" end_time="8:31:24 PM" turn_no="89" dialog_act="" comm_act_type="" link_to="" pos="" pos_count="" pos_origin="" topic="" polarity="">yea it isn't clear what jade is up to</turn>
<turn mode="chat" speaker="michael" end_time="8:31:38 PM" turn_no="90" dialog_act="" comm_act_type="" link_to="" pos="" pos_count="" pos_origin="" topic="" polarity="">My non-SUNY undergrad school had those. One was a coop program where you did work study at industry locations, other was reduced load.</turn>
<turn mode="chat" speaker="george" end_time="8:32:16 PM" turn_no="91" dialog_act="" comm_act_type="" link_to="" pos="" pos_count="" pos_origin="" topic="" polarity="">yea, could be something like that</turn>
<turn mode="chat" speaker="amy" end_time="8:33:30 PM" turn_no="92" dialog_act="" comm_act_type="" link_to="" pos="" pos_count="" pos_origin="" topic="" polarity="">does she appear to meet min. quals?</turn>
<turn mode="chat" speaker="michael" end_time="8:33:34 PM" turn_no="93" dialog_act="" comm_act_type="" link_to="" pos="" pos_count="" pos_origin="" topic="" polarity="">Hmm, I like the "supervised three employees". Child care with the other person and supervising here, I think you learn to handle problems that come up more professionally.</turn>
<turn mode="chat" speaker="george" end_time="8:33:44 PM" turn_no="94" dialog_act="" comm_act_type="" link_to="" pos="" pos_count="" pos_origin="" topic="" polarity="">seems to, yes</turn>
<turn mode="chat" speaker="amy" end_time="8:33:56 PM" turn_no="95" dialog_act="" comm_act_type="" link_to="" pos="" pos_count="" pos_origin="" topic="" polarity="">sure</turn>
<turn mode="chat" speaker="george" end_time="8:34:28 PM" turn_no="96" dialog_act="" comm_act_type="" link_to="" pos="" pos_count="" pos_origin="" topic="" polarity="">fluent in german, now the german students won't have to worry about getting a translator while they are in the residence halls!</turn>
<turn mode="chat" speaker="amy" end_time="8:35:05 PM" turn_no="97" dialog_act="" comm_act_type="" link_to="" pos="" pos_count="" pos_origin="" topic="" polarity="">yeah- lang skills may be helpful for a dorm\</turn>
<turn mode="chat" speaker="amy" end_time="8:35:23 PM" turn_no="98" dialog_act="" comm_act_type="" link_to="" pos="" pos_count="" pos_origin="" topic="" polarity="">she might be able to push people if they're having trouble</turn>
<turn mode="chat" speaker="michael" end_time="8:35:24 PM" turn_no="99" dialog_act="" comm_act_type="" link_to="" pos="" pos_count="" pos_origin="" topic="" polarity="">hehe</turn>
<turn mode="chat" speaker="george" end_time="8:35:45 PM" turn_no="100" dialog_act="" comm_act_type="" link_to="" pos="" pos_count="" pos_origin="" topic="" polarity="">she can yell at them in german!</turn>
<turn mode="chat" speaker="michael" end_time="8:35:45 PM" turn_no="101" dialog_act="" comm_act_type="" link_to="" pos="" pos_count="" pos_origin="" topic="" polarity="">I wonder if students with all the same language get grouped together?</turn>
<turn mode="chat" speaker="amy" end_time="8:35:52 PM" turn_no="102" dialog_act="" comm_act_type="" link_to="" pos="" pos_count="" pos_origin="" topic="" polarity="">ok...andrew cobb</turn>
<turn mode="chat" speaker="amy" end_time="8:35:52 PM" turn_no="103" dialog_act="" comm_act_type="" link_to="" pos="" pos_count="" pos_origin="" topic="" polarity=""></turn>
<turn mode="chat" speaker="george" end_time="8:35:54 PM" turn_no="104" dialog_act="" comm_act_type="" link_to="" pos="" pos_count="" pos_origin="" topic="" polarity="">lol</turn>
<turn mode="chat" speaker="michael" end_time="8:36:09 PM" turn_no="105" dialog_act="" comm_act_type="" link_to="" pos="" pos_count="" pos_origin="" topic="" polarity="">I know my coaches specifically worked to group use track athletes together, so we'd be waking each other up for meets and the like.</turn>
<turn mode="chat" speaker="george" end_time="8:36:10 PM" turn_no="106" dialog_act="" comm_act_type="" link_to="" pos="" pos_count="" pos_origin="" topic="" polarity="">k</turn>
<turn mode="chat" speaker="amy" end_time="8:36:12 PM" turn_no="107" dialog_act="" comm_act_type="" link_to="" pos="" pos_count="" pos_origin="" topic="" polarity="">nah- i doubt it michael...but maybe some schools do have such an option-  that owuld be neat</turn>
<turn mode="chat" speaker="michael" end_time="8:36:18 PM" turn_no="108" dialog_act="" comm_act_type="" link_to="" pos="" pos_count="" pos_origin="" topic="" polarity="">us* track, even</turn>
<turn mode="chat" speaker="george" end_time="8:36:41 PM" turn_no="109" dialog_act="" comm_act_type="" link_to="" pos="" pos_count="" pos_origin="" topic="" polarity="">i think they do something like that at purdue university</turn>
<turn mode="chat" speaker="amy" end_time="8:36:43 PM" turn_no="110" dialog_act="" comm_act_type="" link_to="" pos="" pos_count="" pos_origin="" topic="" polarity="">i guess ya never know then!  maybe there are groups of kids</turn>
<turn mode="chat" speaker="amy" end_time="8:36:59 PM" turn_no="111" dialog_act="" comm_act_type="" link_to="" pos="" pos_count="" pos_origin="" topic="" polarity="">easier to make friends too possibly</turn>
<turn mode="chat" speaker="george" end_time="8:37:06 PM" turn_no="112" dialog_act="" comm_act_type="" link_to="" pos="" pos_count="" pos_origin="" topic="" polarity="">but i think they actually strive to spread out the ethnicities rather than group them together</turn>
<turn mode="chat" speaker="michael" end_time="8:37:11 PM" turn_no="113" dialog_act="" comm_act_type="" link_to="" pos="" pos_count="" pos_origin="" topic="" polarity="">Hmm, odds are probably low the RA would get German speaking students, then, though...</turn>
<turn mode="chat" speaker="michael" end_time="8:37:38 PM" turn_no="114" dialog_act="" comm_act_type="" link_to="" pos="" pos_count="" pos_origin="" topic="" polarity="">Oh, I can see that, hmm.</turn>
<turn mode="chat" speaker="amy" end_time="8:37:51 PM" turn_no="115" dialog_act="" comm_act_type="" link_to="" pos="" pos_count="" pos_origin="" topic="" polarity="">hmmmm. ....frat boy coming up</turn>
<turn mode="chat" speaker="amy" end_time="8:37:55 PM" turn_no="116" dialog_act="" comm_act_type="" link_to="" pos="" pos_count="" pos_origin="" topic="" polarity="">andrew</turn>
<turn mode="chat" speaker="george" end_time="8:38:26 PM" turn_no="117" dialog_act="" comm_act_type="" link_to="" pos="" pos_count="" pos_origin="" topic="" polarity="">when it says GPA 3.0/4.0 does that mean major/minor?</turn>
<turn mode="chat" speaker="george" end_time="8:38:35 PM" turn_no="118" dialog_act="" comm_act_type="" link_to="" pos="" pos_count="" pos_origin="" topic="" polarity="">or major/ overall</turn>
<turn mode="chat" speaker="michael" end_time="8:39:36 PM" turn_no="119" dialog_act="" comm_act_type="" link_to="" pos="" pos_count="" pos_origin="" topic="" polarity="">I was assuming that was value/total, but admit I'm not sure.</turn>
<turn mode="chat" speaker="george" end_time="8:39:46 PM" turn_no="120" dialog_act="" comm_act_type="" link_to="" pos="" pos_count="" pos_origin="" topic="" polarity="">oh can't be overall, i am not thinking</turn>
<turn mode="chat" speaker="michael" end_time="8:39:53 PM" turn_no="121" dialog_act="" comm_act_type="" link_to="" pos="" pos_count="" pos_origin="" topic="" polarity="">Some high schools go up to 5.0 or weird stuff like that do to honors courses...</turn>
<turn mode="chat" speaker="george" end_time="8:40:02 PM" turn_no="122" dialog_act="" comm_act_type="" link_to="" pos="" pos_count="" pos_origin="" topic="" polarity="">probably means overall/major</turn>
<turn mode="chat" speaker="amy" end_time="8:40:12 PM" turn_no="123" dialog_act="" comm_act_type="" link_to="" pos="" pos_count="" pos_origin="" topic="" polarity="">i'm not sure what it means either</turn>
<turn mode="chat" speaker="amy" end_time="8:40:24 PM" turn_no="124" dialog_act="" comm_act_type="" link_to="" pos="" pos_count="" pos_origin="" topic="" polarity="">but 3.0 or 4.0 is pretty good    lol</turn>
<turn mode="chat" speaker="michael" end_time="8:40:51 PM" turn_no="125" dialog_act="" comm_act_type="" link_to="" pos="" pos_count="" pos_origin="" topic="" polarity="">Jones and Cavanaugh both have the /4.0 too.</turn>
<turn mode="chat" speaker="george" end_time="8:41:19 PM" turn_no="126" dialog_act="" comm_act_type="" link_to="" pos="" pos_count="" pos_origin="" topic="" polarity="">i think that's overall GPA / major GPA</turn>
<turn mode="chat" speaker="amy" end_time="8:42:01 PM" turn_no="127" dialog_act="" comm_act_type="" link_to="" pos="" pos_count="" pos_origin="" topic="" polarity="">sounds good</turn>
<turn mode="chat" speaker="michael" end_time="8:42:07 PM" turn_no="128" dialog_act="" comm_act_type="" link_to="" pos="" pos_count="" pos_origin="" topic="" polarity="">Hmm, first Google result I see for "gpa "out og"" mentions: "Report GPA as 3.7 / 4.0 (3.7 out of a possible 4.0)"</turn>
<turn mode="chat" speaker="george" end_time="8:42:15 PM" turn_no="129" dialog_act="" comm_act_type="" link_to="" pos="" pos_count="" pos_origin="" topic="" polarity="">*shrug* i guess it don't matter that much</turn>
<turn mode="chat" speaker="michael" end_time="8:42:38 PM" turn_no="130" dialog_act="" comm_act_type="" link_to="" pos="" pos_count="" pos_origin="" topic="" polarity="">That's for Purdue or whatever, though. Maybe not good to go by random Google results, heh.</turn>
<turn mode="chat" speaker="george" end_time="8:43:04 PM" turn_no="131" dialog_act="" comm_act_type="" link_to="" pos="" pos_count="" pos_origin="" topic="" polarity="">oh that makes sense too</turn>
<turn mode="chat" speaker="amy" end_time="8:43:12 PM" turn_no="132" dialog_act="" comm_act_type="" link_to="" pos="" pos_count="" pos_origin="" topic="" polarity="">i'm not fond of the next one bc seems that compared to the rest, the communication skills/ people skills are suited to college student assistance</turn>
<turn mode="chat" speaker="george" end_time="8:43:19 PM" turn_no="133" dialog_act="" comm_act_type="" link_to="" pos="" pos_count="" pos_origin="" topic="" polarity="">so he's  a B student</turn>
<turn mode="chat" speaker="amy" end_time="8:43:24 PM" turn_no="134" dialog_act="" comm_act_type="" link_to="" pos="" pos_count="" pos_origin="" topic="" polarity="">are not suited-  sorry</turn>
<turn mode="chat" speaker="michael" end_time="8:43:45 PM" turn_no="135" dialog_act="" comm_act_type="" link_to="" pos="" pos_count="" pos_origin="" topic="" polarity="">Hmm, Cobb?</turn>
<turn mode="chat" speaker="amy" end_time="8:44:23 PM" turn_no="136" dialog_act="" comm_act_type="" link_to="" pos="" pos_count="" pos_origin="" topic="" polarity="">yeah</turn>
<turn mode="chat" speaker="michael" end_time="8:45:02 PM" turn_no="137" dialog_act="" comm_act_type="" link_to="" pos="" pos_count="" pos_origin="" topic="" polarity="">OK....did you mean "aren't suited"?</turn>
<turn mode="chat" speaker="amy" end_time="8:45:34 PM" turn_no="138" dialog_act="" comm_act_type="" link_to="" pos="" pos_count="" pos_origin="" topic="" polarity="">right-  he doesnt seem to me what a parent might want in the dorm assisting freshman</turn>
<turn mode="chat" speaker="george" end_time="8:45:43 PM" turn_no="139" dialog_act="" comm_act_type="" link_to="" pos="" pos_count="" pos_origin="" topic="" polarity="">well, he does have this "Created multimedia presentation using slides, music, and narration to brief incoming UI students during orientation</turn>
<turn mode="chat" speaker="amy" end_time="8:46:14 PM" turn_no="140" dialog_act="" comm_act_type="" link_to="" pos="" pos_count="" pos_origin="" topic="" polarity="">but orientation leaders do that stuff- people who work at the campus events office</turn>
<turn mode="chat" speaker="amy" end_time="8:46:37 PM" turn_no="141" dialog_act="" comm_act_type="" link_to="" pos="" pos_count="" pos_origin="" topic="" polarity="">a friend of mine is in charge of putting together programs for new students-  she is 32</turn>
<turn mode="chat" speaker="george" end_time="8:46:41 PM" turn_no="142" dialog_act="" comm_act_type="" link_to="" pos="" pos_count="" pos_origin="" topic="" polarity="">true, perhaps he just spliced video and put some music to it</turn>
<turn mode="chat" speaker="amy" end_time="8:47:00 PM" turn_no="143" dialog_act="" comm_act_type="" link_to="" pos="" pos_count="" pos_origin="" topic="" polarity="">it could be helpful definitely though just like any computer skills....</turn>
<turn mode="chat" speaker="michael" end_time="8:47:20 PM" turn_no="144" dialog_act="" comm_act_type="" link_to="" pos="" pos_count="" pos_origin="" topic="" polarity="">Hmm, I do like the hiring, training, and night manager experience, though. Those are all dealing with people.</turn>
<turn mode="chat" speaker="amy" end_time="8:47:32 PM" turn_no="145" dialog_act="" comm_act_type="" link_to="" pos="" pos_count="" pos_origin="" topic="" polarity="">haha  right george, maybe a well to bulk up the resume iwth fancy terminology?   Lol</turn>
<turn mode="chat" speaker="george" end_time="8:47:39 PM" turn_no="146" dialog_act="" comm_act_type="" link_to="" pos="" pos_count="" pos_origin="" topic="" polarity="">perhaps he will use the residence halls for a recruitment center for his Pi Sigma Epsilon fraternity!</turn>
<turn mode="chat" speaker="amy" end_time="8:47:50 PM" turn_no="147" dialog_act="" comm_act_type="" link_to="" pos="" pos_count="" pos_origin="" topic="" polarity="">hehe</turn>
<turn mode="chat" speaker="george" end_time="8:48:09 PM" turn_no="148" dialog_act="" comm_act_type="" link_to="" pos="" pos_count="" pos_origin="" topic="" polarity="">he will bring hazing to the residence halls</turn>
<turn mode="chat" speaker="george" end_time="8:48:37 PM" turn_no="149" dialog_act="" comm_act_type="" link_to="" pos="" pos_count="" pos_origin="" topic="" polarity="">is it bad to discuss applications this way?</turn>
<turn mode="chat" speaker="amy" end_time="8:48:53 PM" turn_no="150" dialog_act="" comm_act_type="" link_to="" pos="" pos_count="" pos_origin="" topic="" polarity="">if he was a night manager why didnt he list it as experiene with dates though?  i can only wonder what he means-  like did he fll in occassionly?   a question for the interview if he makes it that far</turn>
<turn mode="chat" speaker="george" end_time="8:48:55 PM" turn_no="151" dialog_act="" comm_act_type="" link_to="" pos="" pos_count="" pos_origin="" topic="" polarity="">i did mean to be humorous with that statement... :P</turn>
<turn mode="chat" speaker="amy" end_time="8:49:23 PM" turn_no="152" dialog_act="" comm_act_type="" link_to="" pos="" pos_count="" pos_origin="" topic="" polarity="">well george- i was wondering about his frat background-  although he may very well be a good candidate- we must choose the best one for the job at hand</turn>
<turn mode="chat" speaker="george" end_time="8:49:36 PM" turn_no="153" dialog_act="" comm_act_type="" link_to="" pos="" pos_count="" pos_origin="" topic="" polarity="">he did refurbish a restaurant...perhaps he can refurbish our residence halls!</turn>
<turn mode="chat" speaker="george" end_time="8:49:39 PM" turn_no="154" dialog_act="" comm_act_type="" link_to="" pos="" pos_count="" pos_origin="" topic="" polarity="">lol</turn>
<turn mode="chat" speaker="amy" end_time="8:49:44 PM" turn_no="155" dialog_act="" comm_act_type="" link_to="" pos="" pos_count="" pos_origin="" topic="" polarity="">do we like him?</turn>
<turn mode="chat" speaker="george" end_time="8:50:00 PM" turn_no="156" dialog_act="" comm_act_type="" link_to="" pos="" pos_count="" pos_origin="" topic="" polarity="">yea, for some reason i don't like him</turn>
<turn mode="chat" speaker="george" end_time="8:50:19 PM" turn_no="157" dialog_act="" comm_act_type="" link_to="" pos="" pos_count="" pos_origin="" topic="" polarity="">we don't need hazing in the halls!</turn>
<turn mode="chat" speaker="amy" end_time="8:50:22 PM" turn_no="158" dialog_act="" comm_act_type="" link_to="" pos="" pos_count="" pos_origin="" topic="" polarity="">to me, he doesnt compare to the other we looked at</turn>
<turn mode="chat" speaker="george" end_time="8:50:50 PM" turn_no="159" dialog_act="" comm_act_type="" link_to="" pos="" pos_count="" pos_origin="" topic="" polarity="">i think that's how the review process works...when you find a few people you like, it's quick to sign off other applicants</turn>
<turn mode="chat" speaker="amy" end_time="8:50:56 PM" turn_no="160" dialog_act="" comm_act_type="" link_to="" pos="" pos_count="" pos_origin="" topic="" polarity="">i would keep him as a backup maybe if other people arent interested in coming for an interview or whatever,.,.... know what i mean?</turn>
<turn mode="chat" speaker="michael" end_time="8:51:04 PM" turn_no="161" dialog_act="" comm_act_type="" link_to="" pos="" pos_count="" pos_origin="" topic="" polarity="">Hmm, he has more experience than Edwards and only a 3 instead of a 3.2...</turn>
<turn mode="chat" speaker="michael" end_time="8:51:14 PM" turn_no="162" dialog_act="" comm_act_type="" link_to="" pos="" pos_count="" pos_origin="" topic="" polarity="">GPA wise.</turn>
<turn mode="chat" speaker="michael" end_time="8:51:42 PM" turn_no="163" dialog_act="" comm_act_type="" link_to="" pos="" pos_count="" pos_origin="" topic="" polarity="">Just don't quite see what is wrong myself.</turn>
<turn mode="chat" speaker="amy" end_time="8:52:10 PM" turn_no="164" dialog_act="" comm_act_type="" link_to="" pos="" pos_count="" pos_origin="" topic="" polarity="">oh the grades are fine for all the people</turn>
<turn mode="chat" speaker="amy" end_time="8:52:21 PM" turn_no="165" dialog_act="" comm_act_type="" link_to="" pos="" pos_count="" pos_origin="" topic="" polarity="">we'll keep him on the list for now.... who's next?</turn>
<turn mode="chat" speaker="george" end_time="8:52:36 PM" turn_no="166" dialog_act="" comm_act_type="" link_to="" pos="" pos_count="" pos_origin="" topic="" polarity="">i don't think he's a terrible applicant, but after seeing a few others i feel there's room to put him on back burner</turn>
<turn mode="chat" speaker="george" end_time="8:52:46 PM" turn_no="167" dialog_act="" comm_act_type="" link_to="" pos="" pos_count="" pos_origin="" topic="" polarity="">evan is last one</turn>
<turn mode="chat" speaker="amy" end_time="8:53:44 PM" turn_no="168" dialog_act="" comm_act_type="" link_to="" pos="" pos_count="" pos_origin="" topic="" polarity="">ok evan- the one you were looking at before michael...any first thoughts?</turn>
<turn mode="chat" speaker="michael" end_time="8:53:51 PM" turn_no="169" dialog_act="" comm_act_type="" link_to="" pos="" pos_count="" pos_origin="" topic="" polarity="">Did Evan graduate already? I don't see an expected graduation date...</turn>
<turn mode="chat" speaker="amy" end_time="8:54:02 PM" turn_no="170" dialog_act="" comm_act_type="" link_to="" pos="" pos_count="" pos_origin="" topic="" polarity="">its all the way to the right</turn>
<turn mode="chat" speaker="george" end_time="8:54:11 PM" turn_no="171" dialog_act="" comm_act_type="" link_to="" pos="" pos_count="" pos_origin="" topic="" polarity="">it's spaced weird, it's to the right</turn>
<turn mode="chat" speaker="amy" end_time="8:54:24 PM" turn_no="172" dialog_act="" comm_act_type="" link_to="" pos="" pos_count="" pos_origin="" topic="" polarity="">'11  may</turn>
<turn mode="chat" speaker="michael" end_time="8:54:29 PM" turn_no="173" dialog_act="" comm_act_type="" link_to="" pos="" pos_count="" pos_origin="" topic="" polarity="">Oh, wow, there it is. Was off my screen. Thanks.</turn>
<turn mode="chat" speaker="amy" end_time="8:54:35 PM" turn_no="174" dialog_act="" comm_act_type="" link_to="" pos="" pos_count="" pos_origin="" topic="" polarity="">:)</turn>
<turn mode="chat" speaker="amy" end_time="8:55:14 PM" turn_no="175" dialog_act="" comm_act_type="" link_to="" pos="" pos_count="" pos_origin="" topic="" polarity="">another frat</turn>
<turn mode="chat" speaker="amy" end_time="8:55:25 PM" turn_no="176" dialog_act="" comm_act_type="" link_to="" pos="" pos_count="" pos_origin="" topic="" polarity="">however this guy has certification in first aid/cpr which is good</turn>
<turn mode="chat" speaker="george" end_time="8:55:33 PM" turn_no="177" dialog_act="" comm_act_type="" link_to="" pos="" pos_count="" pos_origin="" topic="" polarity="">i like this guy more than cobb for some reason</turn>
<turn mode="chat" speaker="amy" end_time="8:55:51 PM" turn_no="178" dialog_act="" comm_act_type="" link_to="" pos="" pos_count="" pos_origin="" topic="" polarity="">oops i made a mistake i believe about the frat</turn>
<turn mode="chat" speaker="amy" end_time="8:56:00 PM" turn_no="179" dialog_act="" comm_act_type="" link_to="" pos="" pos_count="" pos_origin="" topic="" polarity="">Member, Delta Epsilon Chi (DECA) Marketing Club, Borah High		Sept. 05 – May 08</turn>
<turn mode="chat" speaker="amy" end_time="8:56:16 PM" turn_no="180" dialog_act="" comm_act_type="" link_to="" pos="" pos_count="" pos_origin="" topic="" polarity="">what does that mean?  in high school this was the club name??</turn>
<turn mode="chat" speaker="michael" end_time="8:56:17 PM" turn_no="181" dialog_act="" comm_act_type="" link_to="" pos="" pos_count="" pos_origin="" topic="" polarity="">Hmm, no management experience. Spanish is a plus, though. Probably even more students speaking that than German.</turn>
<turn mode="chat" speaker="george" end_time="8:56:33 PM" turn_no="182" dialog_act="" comm_act_type="" link_to="" pos="" pos_count="" pos_origin="" topic="" polarity="">dunno maybe he's frat</turn>
<turn mode="chat" speaker="michael" end_time="8:56:45 PM" turn_no="183" dialog_act="" comm_act_type="" link_to="" pos="" pos_count="" pos_origin="" topic="" polarity="">I didn't realize there were frats in high school...</turn>
<turn mode="chat" speaker="amy" end_time="8:57:01 PM" turn_no="184" dialog_act="" comm_act_type="" link_to="" pos="" pos_count="" pos_origin="" topic="" polarity="">right- no mngmt exp but did the others have it-  sandra. penny?</turn>
<turn mode="chat" speaker="amy" end_time="8:57:09 PM" turn_no="185" dialog_act="" comm_act_type="" link_to="" pos="" pos_count="" pos_origin="" topic="" polarity="">maybe its just the club name?</turn>
<turn mode="chat" speaker="michael" end_time="8:58:01 PM" turn_no="186" dialog_act="" comm_act_type="" link_to="" pos="" pos_count="" pos_origin="" topic="" polarity="">Both of those had some sort of child care experience, though.</turn>
<turn mode="chat" speaker="amy" end_time="8:58:30 PM" turn_no="187" dialog_act="" comm_act_type="" link_to="" pos="" pos_count="" pos_origin="" topic="" polarity="">right- child care, pet sitting  so those indicate supervisory in some respects</turn>
<turn mode="chat" speaker="michael" end_time="8:58:38 PM" turn_no="188" dialog_act="" comm_act_type="" link_to="" pos="" pos_count="" pos_origin="" topic="" polarity="">Oh, link says "We are an international association of high school and college students studying marketing, management and entrepreneurship in business, finance, hospitality and marketing sales and service."</turn>
<turn mode="chat" speaker="amy" end_time="8:59:05 PM" turn_no="189" dialog_act="" comm_act_type="" link_to="" pos="" pos_count="" pos_origin="" topic="" polarity="">LOL   nice job michael!</turn>
<turn mode="chat" speaker="george" end_time="8:59:13 PM" turn_no="190" dialog_act="" comm_act_type="" link_to="" pos="" pos_count="" pos_origin="" topic="" polarity="">ah, that's just a marketing community of some sort</turn>
<turn mode="chat" speaker="amy" end_time="8:59:51 PM" turn_no="191" dialog_act="" comm_act_type="" link_to="" pos="" pos_count="" pos_origin="" topic="" polarity="">not that we are discounting frat people....but rather comparing there experiences to all other candidates</turn>
<turn mode="chat" speaker="michael" end_time="8:59:53 PM" turn_no="192" dialog_act="" comm_act_type="" link_to="" pos="" pos_count="" pos_origin="" topic="" polarity="">Different group, but the FBLA (Future Business Leaders of America) seemed really classy back in high school. All the nearby shop owners were complaining students littered too much and were trying to get students constrained to the school, so the FBLA had a cleanup day where they and students helped cleanup the town.</turn>
<turn mode="chat" speaker="amy" end_time="9:00:05 PM" turn_no="193" dialog_act="" comm_act_type="" link_to="" pos="" pos_count="" pos_origin="" topic="" polarity="">just want to make sure we're not being prjudiced here     lol</turn>
<turn mode="chat" speaker="amy" end_time="9:00:34 PM" turn_no="194" dialog_act="" comm_act_type="" link_to="" pos="" pos_count="" pos_origin="" topic="" polarity="">that sounds familiar- future business leaders   interesting</turn>
<turn mode="chat" speaker="george" end_time="9:01:50 PM" turn_no="195" dialog_act="" comm_act_type="" link_to="" pos="" pos_count="" pos_origin="" topic="" polarity="">ok, job description: 1. Become personally acquainted with each resident on his/her floor and build a rapport that will foster open communication   2. Assist new students in their adaptation to University life.   3. Become familiar with fire safety equipment, and coordinate the fire drill program on the floor   4. Assist the Residence Hall Director as assigned in emergencies.</turn>
<turn mode="chat" speaker="michael" end_time="9:01:52 PM" turn_no="196" dialog_act="" comm_act_type="" link_to="" pos="" pos_count="" pos_origin="" topic="" polarity="">Greek seems like a plus to me, more people experience.  Although I admit I only hit some of my first college parties at frats and had a pre-frosh weekend stay at a frat, never joined.</turn>
<turn mode="chat" speaker="george" end_time="9:02:41 PM" turn_no="197" dialog_act="" comm_act_type="" link_to="" pos="" pos_count="" pos_origin="" topic="" polarity="">in my opinion, #1 and #2 are the most important responsibilities that pertain to these applications</turn>
<turn mode="chat" speaker="amy" end_time="9:03:12 PM" turn_no="198" dialog_act="" comm_act_type="" link_to="" pos="" pos_count="" pos_origin="" topic="" polarity="">i guess good communication skills and leadership ability is key</turn>
<turn mode="chat" speaker="george" end_time="9:03:15 PM" turn_no="199" dialog_act="" comm_act_type="" link_to="" pos="" pos_count="" pos_origin="" topic="" polarity="">the other 2 are basically follow instructions</turn>
<turn mode="chat" speaker="george" end_time="9:03:26 PM" turn_no="200" dialog_act="" comm_act_type="" link_to="" pos="" pos_count="" pos_origin="" topic="" polarity="">yeah...</turn>
<turn mode="chat" speaker="michael" end_time="9:03:33 PM" turn_no="201" dialog_act="" comm_act_type="" link_to="" pos="" pos_count="" pos_origin="" topic="" polarity="">Hmm, good point.</turn>
<turn mode="chat" speaker="george" end_time="9:03:43 PM" turn_no="202" dialog_act="" comm_act_type="" link_to="" pos="" pos_count="" pos_origin="" topic="" polarity="">i personally would lean towards the volunteer work they've done</turn>
<turn mode="chat" speaker="george" end_time="9:04:32 PM" turn_no="203" dialog_act="" comm_act_type="" link_to="" pos="" pos_count="" pos_origin="" topic="" polarity="">tho you're right the communication skills are valuable too</turn>
<turn mode="chat" speaker="amy" end_time="9:05:08 PM" turn_no="204" dialog_act="" comm_act_type="" link_to="" pos="" pos_count="" pos_origin="" topic="" polarity="">i like the volunteer experiences definitely</turn>
<turn mode="chat" speaker="george" end_time="9:05:13 PM" turn_no="205" dialog_act="" comm_act_type="" link_to="" pos="" pos_count="" pos_origin="" topic="" polarity="">for that reason, i kinda like sandra</turn>
<turn mode="chat" speaker="george" end_time="9:05:32 PM" turn_no="206" dialog_act="" comm_act_type="" link_to="" pos="" pos_count="" pos_origin="" topic="" polarity="">and penny</turn>
<turn mode="chat" speaker="amy" end_time="9:05:53 PM" turn_no="207" dialog_act="" comm_act_type="" link_to="" pos="" pos_count="" pos_origin="" topic="" polarity="">sandra:  Organized and supervised activities for children’s day camp</turn>
<turn mode="chat" speaker="amy" end_time="9:06:24 PM" turn_no="208" dialog_act="" comm_act_type="" link_to="" pos="" pos_count="" pos_origin="" topic="" polarity="">penny: Volunteer Experience, child care, petsitting</turn>
<turn mode="chat" speaker="amy" end_time="9:06:31 PM" turn_no="209" dialog_act="" comm_act_type="" link_to="" pos="" pos_count="" pos_origin="" topic="" polarity="">just throwing some good points out</turn>
<turn mode="chat" speaker="george" end_time="9:07:04 PM" turn_no="210" dialog_act="" comm_act_type="" link_to="" pos="" pos_count="" pos_origin="" topic="" polarity="">it just seems sandra would try to fulfill #2, and #1 as well</turn>
<turn mode="chat" speaker="amy" end_time="9:07:07 PM" turn_no="211" dialog_act="" comm_act_type="" link_to="" pos="" pos_count="" pos_origin="" topic="" polarity="">evan doesnt possess anything i would throw out to you that is super</turn>
<turn mode="chat" speaker="michael" end_time="9:07:16 PM" turn_no="212" dialog_act="" comm_act_type="" link_to="" pos="" pos_count="" pos_origin="" topic="" polarity="">Hmm, the "Big Brother / Big Sisters" program listed in Jones' sounds applicable to 1/2 as well.</turn>
<turn mode="chat" speaker="george" end_time="9:07:49 PM" turn_no="213" dialog_act="" comm_act_type="" link_to="" pos="" pos_count="" pos_origin="" topic="" polarity="">yeah, that is good too</turn>
<turn mode="chat" speaker="amy" end_time="9:08:24 PM" turn_no="214" dialog_act="" comm_act_type="" link_to="" pos="" pos_count="" pos_origin="" topic="" polarity="">i like that penny has been at the school a little longer</turn>
<turn mode="chat" speaker="george" end_time="9:08:44 PM" turn_no="215" dialog_act="" comm_act_type="" link_to="" pos="" pos_count="" pos_origin="" topic="" polarity="">penny seems to have the most volunteer work out of them all</turn>
<turn mode="chat" speaker="amy" end_time="9:08:54 PM" turn_no="216" dialog_act="" comm_act_type="" link_to="" pos="" pos_count="" pos_origin="" topic="" polarity="">i would agree with michael here</turn>
<turn mode="chat" speaker="amy" end_time="9:09:43 PM" turn_no="217" dialog_act="" comm_act_type="" link_to="" pos="" pos_count="" pos_origin="" topic="" polarity="">the only question about her is if she can handle supervising tasks</turn>
<turn mode="chat" speaker="george" end_time="9:09:56 PM" turn_no="218" dialog_act="" comm_act_type="" link_to="" pos="" pos_count="" pos_origin="" topic="" polarity="">i'm finding it hard to beat penny at this point</turn>
<turn mode="chat" speaker="amy" end_time="9:10:06 PM" turn_no="219" dialog_act="" comm_act_type="" link_to="" pos="" pos_count="" pos_origin="" topic="" polarity="">only bc sandra has the camp experience</turn>
<turn mode="chat" speaker="amy" end_time="9:10:31 PM" turn_no="220" dialog_act="" comm_act_type="" link_to="" pos="" pos_count="" pos_origin="" topic="" polarity="">i'm in for penny too  - just trying to cover all points i guess-   i get bogged down</turn>
<turn mode="chat" speaker="amy" end_time="9:11:10 PM" turn_no="221" dialog_act="" comm_act_type="" link_to="" pos="" pos_count="" pos_origin="" topic="" polarity="">michael, what do you say?</turn>
<turn mode="chat" speaker="george" end_time="9:11:46 PM" turn_no="222" dialog_act="" comm_act_type="" link_to="" pos="" pos_count="" pos_origin="" topic="" polarity="">what is "Habitat for Humanity"</turn>
<turn mode="chat" speaker="michael" end_time="9:11:52 PM" turn_no="223" dialog_act="" comm_act_type="" link_to="" pos="" pos_count="" pos_origin="" topic="" polarity="">Was just looking over Evan. The Spanish and some frat participation seem like plusses, and he has some work experience, but everyone has that. Guess I have to agree nothing much sticks out as super about him.</turn>
<turn mode="chat" speaker="michael" end_time="9:12:05 PM" turn_no="224" dialog_act="" comm_act_type="" link_to="" pos="" pos_count="" pos_origin="" topic="" polarity="">Hmm, you build houses for people in that program, don't you?</turn>
<turn mode="chat" speaker="amy" end_time="9:12:29 PM" turn_no="225" dialog_act="" comm_act_type="" link_to="" pos="" pos_count="" pos_origin="" topic="" polarity="">habitat?   yes build houses</turn>
<turn mode="chat" speaker="george" end_time="9:12:48 PM" turn_no="226" dialog_act="" comm_act_type="" link_to="" pos="" pos_count="" pos_origin="" topic="" polarity="">ah yea i'm looking at that now</turn>
<turn mode="chat" speaker="michael" end_time="9:12:49 PM" turn_no="227" dialog_act="" comm_act_type="" link_to="" pos="" pos_count="" pos_origin="" topic="" polarity="">Is it just in other countries, or do they do things here too?</turn>
<turn mode="chat" speaker="george" end_time="9:13:06 PM" turn_no="228" dialog_act="" comm_act_type="" link_to="" pos="" pos_count="" pos_origin="" topic="" polarity="">looks like here too</turn>
<turn mode="chat" speaker="amy" end_time="9:13:10 PM" turn_no="229" dialog_act="" comm_act_type="" link_to="" pos="" pos_count="" pos_origin="" topic="" polarity="">thats here also   its a common thing people do</turn>
<turn mode="chat" speaker="george" end_time="9:13:46 PM" turn_no="230" dialog_act="" comm_act_type="" link_to="" pos="" pos_count="" pos_origin="" topic="" polarity="">that's a nice thing to do but might not be as relevant to the job description as some of the other stuff</turn>
<turn mode="chat" speaker="george" end_time="9:13:55 PM" turn_no="231" dialog_act="" comm_act_type="" link_to="" pos="" pos_count="" pos_origin="" topic="" polarity="">(was jade btw)</turn>
<turn mode="chat" speaker="amy" end_time="9:14:35 PM" turn_no="232" dialog_act="" comm_act_type="" link_to="" pos="" pos_count="" pos_origin="" topic="" polarity="">jade didnt seem so personable to me</turn>
<turn mode="chat" speaker="amy" end_time="9:14:39 PM" turn_no="233" dialog_act="" comm_act_type="" link_to="" pos="" pos_count="" pos_origin="" topic="" polarity="">on paper</turn>
<turn mode="chat" speaker="michael" end_time="9:14:59 PM" turn_no="234" dialog_act="" comm_act_type="" link_to="" pos="" pos_count="" pos_origin="" topic="" polarity="">I like how it shows you are willing to give your time to other people...</turn>
<turn mode="chat" speaker="amy" end_time="9:15:07 PM" turn_no="235" dialog_act="" comm_act_type="" link_to="" pos="" pos_count="" pos_origin="" topic="" polarity="">yeah relevancy to the description is #1</turn>
<turn mode="chat" speaker="george" end_time="9:15:14 PM" turn_no="236" dialog_act="" comm_act_type="" link_to="" pos="" pos_count="" pos_origin="" topic="" polarity="">andrew isn't actually a bad candidate on second thought....not as good as penny but not as bad as i first thought</turn>
<turn mode="chat" speaker="michael" end_time="9:15:50 PM" turn_no="237" dialog_act="" comm_act_type="" link_to="" pos="" pos_count="" pos_origin="" topic="" polarity="">If a student comes to them with a problem it feels like they will be less likely to brush them off.</turn>
<turn mode="chat" speaker="amy" end_time="9:16:23 PM" turn_no="238" dialog_act="" comm_act_type="" link_to="" pos="" pos_count="" pos_origin="" topic="" polarity="">Cold canvassed community for potential clients    what does that mean??</turn>
<turn mode="chat" speaker="george" end_time="9:16:34 PM" turn_no="239" dialog_act="" comm_act_type="" link_to="" pos="" pos_count="" pos_origin="" topic="" polarity="">penny is a psych major...perhaps she is playing our psychology!</turn>
<turn mode="chat" speaker="amy" end_time="9:16:35 PM" turn_no="240" dialog_act="" comm_act_type="" link_to="" pos="" pos_count="" pos_origin="" topic="" polarity="">like cold-calling??</turn>
<turn mode="chat" speaker="amy" end_time="9:17:13 PM" turn_no="241" dialog_act="" comm_act_type="" link_to="" pos="" pos_count="" pos_origin="" topic="" polarity="">lol</turn>
<turn mode="chat" speaker="george" end_time="9:17:22 PM" turn_no="242" dialog_act="" comm_act_type="" link_to="" pos="" pos_count="" pos_origin="" topic="" polarity="">looks like it is AKA cold-calling, amy</turn>
<turn mode="chat" speaker="michael" end_time="9:17:30 PM" turn_no="243" dialog_act="" comm_act_type="" link_to="" pos="" pos_count="" pos_origin="" topic="" polarity="">Just looking at Cobb in comparison I don't see much volunteer work.</turn>
<turn mode="chat" speaker="amy" end_time="9:17:37 PM" turn_no="244" dialog_act="" comm_act_type="" link_to="" pos="" pos_count="" pos_origin="" topic="" polarity="">andrew does not appeal to me as someone who will "care" for people he is working for (the students in the dorm)</turn>
<turn mode="chat" speaker="amy" end_time="9:18:29 PM" turn_no="245" dialog_act="" comm_act_type="" link_to="" pos="" pos_count="" pos_origin="" topic="" polarity="">we have 4 mins to decide who the Chosen One is   - just to let ya know</turn>
<turn mode="chat" speaker="michael" end_time="9:18:30 PM" turn_no="246" dialog_act="" comm_act_type="" link_to="" pos="" pos_count="" pos_origin="" topic="" polarity="">I guess there is the "brief incoming UI students during orientation". I agree, though.</turn>
<turn mode="chat" speaker="george" end_time="9:18:41 PM" turn_no="247" dialog_act="" comm_act_type="" link_to="" pos="" pos_count="" pos_origin="" topic="" polarity="">oh that's it?</turn>
<turn mode="chat" speaker="george" end_time="9:18:53 PM" turn_no="248" dialog_act="" comm_act_type="" link_to="" pos="" pos_count="" pos_origin="" topic="" polarity="">i vote for penny</turn>
<turn mode="chat" speaker="michael" end_time="9:19:03 PM" turn_no="249" dialog_act="" comm_act_type="" link_to="" pos="" pos_count="" pos_origin="" topic="" polarity="">I guess I've crossed off Cobb and Evan...hmm.</turn>
<turn mode="chat" speaker="amy" end_time="9:19:18 PM" turn_no="250" dialog_act="" comm_act_type="" link_to="" pos="" pos_count="" pos_origin="" topic="" polarity="">dont let us persuade you michael!   hahaha</turn>
<turn mode="chat" speaker="amy" end_time="9:20:12 PM" turn_no="251" dialog_act="" comm_act_type="" link_to="" pos="" pos_count="" pos_origin="" topic="" polarity="">I vote Penny!  with a close runner up Sandra</turn>
<turn mode="chat" speaker="michael" end_time="9:20:22 PM" turn_no="252" dialog_act="" comm_act_type="" link_to="" pos="" pos_count="" pos_origin="" topic="" polarity="">Hmm, I'll vote for Penny as well. I like that brother/sister experience for this job.</turn>
<turn mode="chat" speaker="michael" end_time="9:20:48 PM" turn_no="253" dialog_act="" comm_act_type="" link_to="" pos="" pos_count="" pos_origin="" topic="" polarity="">Would be nice to have some phone conversations and interviews with people, though.</turn>
<turn mode="chat" speaker="amy" end_time="9:20:54 PM" turn_no="254" dialog_act="" comm_act_type="" link_to="" pos="" pos_count="" pos_origin="" topic="" polarity="">just to add-  we dont know what she did when volunteering,,,,,office work??   but i would choose her to come in for an interview over all the others first</turn>
<turn mode="chat" speaker="george" end_time="9:20:54 PM" turn_no="255" dialog_act="" comm_act_type="" link_to="" pos="" pos_count="" pos_origin="" topic="" polarity="">i guess at this point we'd set up an interview with penny!</turn>
<turn mode="chat" speaker="amy" end_time="9:21:07 PM" turn_no="256" dialog_act="" comm_act_type="" link_to="" pos="" pos_count="" pos_origin="" topic="" polarity="">Woo-hoo!</turn>
<turn mode="chat" speaker="george" end_time="9:22:12 PM" turn_no="257" dialog_act="" comm_act_type="" link_to="" pos="" pos_count="" pos_origin="" topic="" polarity="">ok, good i think we met our objective :P</turn>
<turn mode="chat" speaker="amy" end_time="9:22:13 PM" turn_no="258" dialog_act="" comm_act_type="" link_to="" pos="" pos_count="" pos_origin="" topic="" polarity="">well that was fun (sorta)</turn>
<turn mode="chat" speaker="george" end_time="9:22:22 PM" turn_no="259" dialog_act="" comm_act_type="" link_to="" pos="" pos_count="" pos_origin="" topic="" polarity="">have a nice night!  i'm off</turn>
<turn mode="chat" speaker="michael" end_time="9:22:33 PM" turn_no="260" dialog_act="" comm_act_type="" link_to="" pos="" pos_count="" pos_origin="" topic="" polarity="">I managed not to crash my computer again at least. ^^</turn>
<turn mode="chat" speaker="amy" end_time="9:22:35 PM" turn_no="261" dialog_act="" comm_act_type="" link_to="" pos="" pos_count="" pos_origin="" topic="" polarity="">nice fighting it out with your guys-   nice work   night!</turn>
<turn mode="chat" speaker="michael" end_time="9:22:37 PM" turn_no="262" dialog_act="" comm_act_type="" link_to="" pos="" pos_count="" pos_origin="" topic="" polarity="">Good night.</turn>
<turn mode="chat" speaker="amy" end_time="9:22:43 PM" turn_no="263" dialog_act="" comm_act_type="" link_to="" pos="" pos_count="" pos_origin="" topic="" polarity="">haha-  see ya michael</turn>
</Dialogue>
