<?xml version="1.0" encoding="UTF-8" ?>
<Dialogue date="2009-05-03" > 
<turn mode="chat" speaker="amy" end_time="8:19:48 PM" turn_no="2" dialog_act="" comm_act_type="" link_to="" pos="" pos_count="" pos_origin="" topic="" polarity="">HEllo</turn>
<turn mode="chat" speaker="amy" end_time="8:23:51 PM" turn_no="3" dialog_act="" comm_act_type="" link_to="" pos="" pos_count="" pos_origin="" topic="" polarity="">anyone here?</turn>
<turn mode="chat" speaker="amy" end_time="8:24:24 PM" turn_no="4" dialog_act="" comm_act_type="" link_to="" pos="" pos_count="" pos_origin="" topic="" polarity="">HI hara</turn>
<turn mode="chat" speaker="amy" end_time="8:24:27 PM" turn_no="5" dialog_act="" comm_act_type="" link_to="" pos="" pos_count="" pos_origin="" topic="" polarity="">mara</turn>
<turn mode="chat" speaker="mara" end_time="8:24:55 PM" turn_no="6" dialog_act="" comm_act_type="" link_to="" pos="" pos_count="" pos_origin="" topic="" polarity="">hi there</turn>
<turn mode="chat" speaker="mara" end_time="8:25:14 PM" turn_no="7" dialog_act="" comm_act_type="" link_to="" pos="" pos_count="" pos_origin="" topic="" polarity="">hows it going?</turn>
<turn mode="chat" speaker="amy" end_time="8:25:15 PM" turn_no="8" dialog_act="" comm_act_type="" link_to="" pos="" pos_count="" pos_origin="" topic="" polarity="">i havent received responses from nick or jordan so not sure if they are having trouble or not</turn>
<turn mode="chat" speaker="amy" end_time="8:25:23 PM" turn_no="9" dialog_act="" comm_act_type="" link_to="" pos="" pos_count="" pos_origin="" topic="" polarity="">its going well</turn>
<turn mode="chat" speaker="amy" end_time="8:25:25 PM" turn_no="10" dialog_act="" comm_act_type="" link_to="" pos="" pos_count="" pos_origin="" topic="" polarity="">u?</turn>
<turn mode="chat" speaker="mara" end_time="8:26:14 PM" turn_no="11" dialog_act="" comm_act_type="" link_to="" pos="" pos_count="" pos_origin="" topic="" polarity="">fine... i have so much work to do right now</turn>
<turn mode="chat" speaker="mara" end_time="8:26:22 PM" turn_no="12" dialog_act="" comm_act_type="" link_to="" pos="" pos_count="" pos_origin="" topic="" polarity="">im stressing out a bit! haha</turn>
<turn mode="chat" speaker="amy" end_time="8:26:27 PM" turn_no="13" dialog_act="" comm_act_type="" link_to="" pos="" pos_count="" pos_origin="" topic="" polarity="">finals?</turn>
<turn mode="chat" speaker="mara" end_time="8:26:47 PM" turn_no="14" dialog_act="" comm_act_type="" link_to="" pos="" pos_count="" pos_origin="" topic="" polarity="">well no im a graduate student so mostly papers... no more tests ever haha</turn>
<turn mode="chat" speaker="mara" end_time="8:26:59 PM" turn_no="15" dialog_act="" comm_act_type="" link_to="" pos="" pos_count="" pos_origin="" topic="" polarity="">but i dont know what is better really!!!</turn>
<turn mode="chat" speaker="john" end_time="8:27:10 PM" turn_no="16" dialog_act="" comm_act_type="" link_to="" pos="" pos_count="" pos_origin="" topic="" polarity="">Sorry for being late.</turn>
<turn mode="chat" speaker="amy" end_time="8:27:24 PM" turn_no="17" dialog_act="" comm_act_type="" link_to="" pos="" pos_count="" pos_origin="" topic="" polarity="">lol  i know what you mean.... i took just one grad class this semester and it was rought writing papers all the time</turn>
<turn mode="chat" speaker="amy" end_time="8:27:32 PM" turn_no="18" dialog_act="" comm_act_type="" link_to="" pos="" pos_count="" pos_origin="" topic="" polarity="">hi john</turn>
<turn mode="chat" speaker="john" end_time="8:27:51 PM" turn_no="19" dialog_act="" comm_act_type="" link_to="" pos="" pos_count="" pos_origin="" topic="" polarity="">hi</turn>
<turn mode="chat" speaker="amy" end_time="8:28:16 PM" turn_no="20" dialog_act="" comm_act_type="" link_to="" pos="" pos_count="" pos_origin="" topic="" polarity="">looks like just the 3 of us for now- i told mara how nick and jordan havent responded in here yet since i was here</turn>
<turn mode="chat" speaker="john" end_time="8:28:20 PM" turn_no="21" dialog_act="" comm_act_type="" link_to="" pos="" pos_count="" pos_origin="" topic="" polarity="">my computer seems to be slow</turn>
<turn mode="chat" speaker="mara" end_time="8:28:23 PM" turn_no="22" dialog_act="" comm_act_type="" link_to="" pos="" pos_count="" pos_origin="" topic="" polarity="">haha im taking FOUR!</turn>
<turn mode="chat" speaker="mara" end_time="8:28:30 PM" turn_no="23" dialog_act="" comm_act_type="" link_to="" pos="" pos_count="" pos_origin="" topic="" polarity="">hi john</turn>
<turn mode="chat" speaker="amy" end_time="8:28:39 PM" turn_no="24" dialog_act="" comm_act_type="" link_to="" pos="" pos_count="" pos_origin="" topic="" polarity="">woah- that is a lot of writing!</turn>
<turn mode="chat" speaker="mara" end_time="8:28:43 PM" turn_no="25" dialog_act="" comm_act_type="" link_to="" pos="" pos_count="" pos_origin="" topic="" polarity="">never met you before now..</turn>
<turn mode="chat" speaker="john" end_time="8:28:51 PM" turn_no="26" dialog_act="" comm_act_type="" link_to="" pos="" pos_count="" pos_origin="" topic="" polarity="">hi mara</turn>
<turn mode="chat" speaker="amy" end_time="8:29:07 PM" turn_no="27" dialog_act="" comm_act_type="" link_to="" pos="" pos_count="" pos_origin="" topic="" polarity="">i havent been here with you either john</turn>
<turn mode="chat" speaker="john" end_time="8:29:21 PM" turn_no="28" dialog_act="" comm_act_type="" link_to="" pos="" pos_count="" pos_origin="" topic="" polarity="">yes,  i am a new comer haha</turn>
<turn mode="chat" speaker="amy" end_time="8:29:29 PM" turn_no="29" dialog_act="" comm_act_type="" link_to="" pos="" pos_count="" pos_origin="" topic="" polarity="">did you both get the job descrip stuff?</turn>
<turn mode="chat" speaker="mara" end_time="8:29:37 PM" turn_no="30" dialog_act="" comm_act_type="" link_to="" pos="" pos_count="" pos_origin="" topic="" polarity="">so no jor or nick huh?</turn>
<turn mode="chat" speaker="mara" end_time="8:29:41 PM" turn_no="31" dialog_act="" comm_act_type="" link_to="" pos="" pos_count="" pos_origin="" topic="" polarity="">yah i did</turn>
<turn mode="chat" speaker="mara" end_time="8:29:46 PM" turn_no="32" dialog_act="" comm_act_type="" link_to="" pos="" pos_count="" pos_origin="" topic="" polarity="">we can start now i guess</turn>
<turn mode="chat" speaker="john" end_time="8:29:55 PM" turn_no="33" dialog_act="" comm_act_type="" link_to="" pos="" pos_count="" pos_origin="" topic="" polarity="">yes I just reading now</turn>
<turn mode="chat" speaker="amy" end_time="8:30:05 PM" turn_no="34" dialog_act="" comm_act_type="" link_to="" pos="" pos_count="" pos_origin="" topic="" polarity="">sure hopefully they'll get in here sooner or later</turn>
<turn mode="chat" speaker="amy" end_time="8:30:20 PM" turn_no="35" dialog_act="" comm_act_type="" link_to="" pos="" pos_count="" pos_origin="" topic="" polarity="">i read them briefly also just  a few mins ago</turn>
<turn mode="chat" speaker="mara" end_time="8:31:20 PM" turn_no="36" dialog_act="" comm_act_type="" link_to="" pos="" pos_count="" pos_origin="" topic="" polarity="">yeah me too... i feel like this is a weird job to have to give a resume for haha</turn>
<turn mode="chat" speaker="mara" end_time="8:31:31 PM" turn_no="37" dialog_act="" comm_act_type="" link_to="" pos="" pos_count="" pos_origin="" topic="" polarity="">an application is enough i think</turn>
<turn mode="chat" speaker="amy" end_time="8:31:46 PM" turn_no="38" dialog_act="" comm_act_type="" link_to="" pos="" pos_count="" pos_origin="" topic="" polarity="">hiring for a cashier with no real requirements</turn>
<turn mode="chat" speaker="amy" end_time="8:32:04 PM" turn_no="39" dialog_act="" comm_act_type="" link_to="" pos="" pos_count="" pos_origin="" topic="" polarity="">yeah- good point mara   since they dont say you need certain things</turn>
<turn mode="chat" speaker="amy" end_time="8:32:28 PM" turn_no="40" dialog_act="" comm_act_type="" link_to="" pos="" pos_count="" pos_origin="" topic="" polarity="">i'm sure anyone in college could handle it</turn>
<turn mode="chat" speaker="john" end_time="8:32:30 PM" turn_no="41" dialog_act="" comm_act_type="" link_to="" pos="" pos_count="" pos_origin="" topic="" polarity="">so do i, it seems that james is a good candidate.</turn>
<turn mode="chat" speaker="mara" end_time="8:32:48 PM" turn_no="42" dialog_act="" comm_act_type="" link_to="" pos="" pos_count="" pos_origin="" topic="" polarity="">i was a cashier in highschool for god sakes... lol</turn>
<turn mode="chat" speaker="amy" end_time="8:32:59 PM" turn_no="43" dialog_act="" comm_act_type="" link_to="" pos="" pos_count="" pos_origin="" topic="" polarity="">in the past, we all went through one resume at a time-  wanna start with james then?</turn>
<turn mode="chat" speaker="amy" end_time="8:33:05 PM" turn_no="44" dialog_act="" comm_act_type="" link_to="" pos="" pos_count="" pos_origin="" topic="" polarity="">lol</turn>
<turn mode="chat" speaker="mara" end_time="8:33:47 PM" turn_no="45" dialog_act="" comm_act_type="" link_to="" pos="" pos_count="" pos_origin="" topic="" polarity="">yeah sure</turn>
<turn mode="chat" speaker="mara" end_time="8:33:53 PM" turn_no="46" dialog_act="" comm_act_type="" link_to="" pos="" pos_count="" pos_origin="" topic="" polarity="">james it is</turn>
<turn mode="chat" speaker="amy" end_time="8:34:15 PM" turn_no="47" dialog_act="" comm_act_type="" link_to="" pos="" pos_count="" pos_origin="" topic="" polarity="">he's had some good work experience</turn>
<turn mode="chat" speaker="mara" end_time="8:34:42 PM" turn_no="48" dialog_act="" comm_act_type="" link_to="" pos="" pos_count="" pos_origin="" topic="" polarity="">computerized business... he has some technological advancements</turn>
<turn mode="chat" speaker="amy" end_time="8:34:53 PM" turn_no="49" dialog_act="" comm_act_type="" link_to="" pos="" pos_count="" pos_origin="" topic="" polarity="">mail room, ups, payroll stuff</turn>
<turn mode="chat" speaker="amy" end_time="8:35:29 PM" turn_no="50" dialog_act="" comm_act_type="" link_to="" pos="" pos_count="" pos_origin="" topic="" polarity="">yeah that was strange i though-  is that like a technical college or is it a high school program?</turn>
<turn mode="chat" speaker="mara" end_time="8:37:26 PM" turn_no="51" dialog_act="" comm_act_type="" link_to="" pos="" pos_count="" pos_origin="" topic="" polarity="">i think its a college program</turn>
<turn mode="chat" speaker="mara" end_time="8:37:36 PM" turn_no="52" dialog_act="" comm_act_type="" link_to="" pos="" pos_count="" pos_origin="" topic="" polarity="">but his jobs seem to be irrelevant to cashier position</turn>
<turn mode="chat" speaker="mara" end_time="8:37:50 PM" turn_no="53" dialog_act="" comm_act_type="" link_to="" pos="" pos_count="" pos_origin="" topic="" polarity="">the ups and mailroom stuff has nothing to do with being a cashier</turn>
<turn mode="chat" speaker="amy" end_time="8:37:52 PM" turn_no="54" dialog_act="" comm_act_type="" link_to="" pos="" pos_count="" pos_origin="" topic="" polarity="">yeah- nothing money related</turn>
<turn mode="chat" speaker="amy" end_time="8:38:06 PM" turn_no="55" dialog_act="" comm_act_type="" link_to="" pos="" pos_count="" pos_origin="" topic="" polarity="">he doesnt do anything for me   lol</turn>
<turn mode="chat" speaker="amy" end_time="8:38:26 PM" turn_no="56" dialog_act="" comm_act_type="" link_to="" pos="" pos_count="" pos_origin="" topic="" polarity="">wanna move to Jonathan?</turn>
<turn mode="chat" speaker="mara" end_time="8:39:10 PM" turn_no="57" dialog_act="" comm_act_type="" link_to="" pos="" pos_count="" pos_origin="" topic="" polarity="">sure thing</turn>
<turn mode="chat" speaker="mara" end_time="8:39:47 PM" turn_no="58" dialog_act="" comm_act_type="" link_to="" pos="" pos_count="" pos_origin="" topic="" polarity="">hes not much fun either haha, what do you think?</turn>
<turn mode="chat" speaker="amy" end_time="8:39:59 PM" turn_no="59" dialog_act="" comm_act_type="" link_to="" pos="" pos_count="" pos_origin="" topic="" polarity="">he seems similar to the other guy- nothing in a store</turn>
<turn mode="chat" speaker="amy" end_time="8:40:16 PM" turn_no="60" dialog_act="" comm_act_type="" link_to="" pos="" pos_count="" pos_origin="" topic="" polarity="">i think we'll come across another one with more relevant exp</turn>
<turn mode="chat" speaker="john" end_time="8:40:18 PM" turn_no="61" dialog_act="" comm_act_type="" link_to="" pos="" pos_count="" pos_origin="" topic="" polarity="">he was major in Computerized Business and Accounting</turn>
<turn mode="chat" speaker="mara" end_time="8:40:31 PM" turn_no="62" dialog_act="" comm_act_type="" link_to="" pos="" pos_count="" pos_origin="" topic="" polarity="">hopefullyyyyyy</turn>
<turn mode="chat" speaker="amy" end_time="8:40:43 PM" turn_no="63" dialog_act="" comm_act_type="" link_to="" pos="" pos_count="" pos_origin="" topic="" polarity="">oh we moved on from him-  we're looking at Jonathan now</turn>
<turn mode="chat" speaker="amy" end_time="8:40:59 PM" turn_no="64" dialog_act="" comm_act_type="" link_to="" pos="" pos_count="" pos_origin="" topic="" polarity="">ok who's next???</turn>
<turn mode="chat" speaker="mara" end_time="8:41:15 PM" turn_no="65" dialog_act="" comm_act_type="" link_to="" pos="" pos_count="" pos_origin="" topic="" polarity="">danielle</turn>
<turn mode="chat" speaker="amy" end_time="8:41:27 PM" turn_no="66" dialog_act="" comm_act_type="" link_to="" pos="" pos_count="" pos_origin="" topic="" polarity="">k</turn>
<turn mode="chat" speaker="mara" end_time="8:41:52 PM" turn_no="67" dialog_act="" comm_act_type="" link_to="" pos="" pos_count="" pos_origin="" topic="" polarity="">ughh... i dont like her either haha</turn>
<turn mode="chat" speaker="amy" end_time="8:42:06 PM" turn_no="68" dialog_act="" comm_act_type="" link_to="" pos="" pos_count="" pos_origin="" topic="" polarity="">hm  still nothing!</turn>
<turn mode="chat" speaker="mara" end_time="8:42:06 PM" turn_no="69" dialog_act="" comm_act_type="" link_to="" pos="" pos_count="" pos_origin="" topic="" polarity="">this job is soooo easy, but none of their resumes seem relevant</turn>
<turn mode="chat" speaker="amy" end_time="8:42:14 PM" turn_no="70" dialog_act="" comm_act_type="" link_to="" pos="" pos_count="" pos_origin="" topic="" polarity="">i totally agree</turn>
<turn mode="chat" speaker="john" end_time="8:42:26 PM" turn_no="71" dialog_act="" comm_act_type="" link_to="" pos="" pos_count="" pos_origin="" topic="" polarity="">hi, nobody there?</turn>
<turn mode="chat" speaker="amy" end_time="8:42:30 PM" turn_no="72" dialog_act="" comm_act_type="" link_to="" pos="" pos_count="" pos_origin="" topic="" polarity="">oooh  susie was a receptionist!</turn>
<turn mode="chat" speaker="mara" end_time="8:42:57 PM" turn_no="73" dialog_act="" comm_act_type="" link_to="" pos="" pos_count="" pos_origin="" topic="" polarity="">im here</turn>
<turn mode="chat" speaker="amy" end_time="8:43:02 PM" turn_no="74" dialog_act="" comm_act_type="" link_to="" pos="" pos_count="" pos_origin="" topic="" polarity="">Organized the filing system for a branch office, performed general office workand made bank deposits this is from Susie</turn>
<turn mode="chat" speaker="mara" end_time="8:43:03 PM" turn_no="75" dialog_act="" comm_act_type="" link_to="" pos="" pos_count="" pos_origin="" topic="" polarity="">yeah i see that hhah</turn>
<turn mode="chat" speaker="amy" end_time="8:43:16 PM" turn_no="76" dialog_act="" comm_act_type="" link_to="" pos="" pos_count="" pos_origin="" topic="" polarity="">so far so good!   LOL</turn>
<turn mode="chat" speaker="john" end_time="8:43:24 PM" turn_no="77" dialog_act="" comm_act_type="" link_to="" pos="" pos_count="" pos_origin="" topic="" polarity="">jordan's trying</turn>
<turn mode="chat" speaker="mara" end_time="8:43:25 PM" turn_no="78" dialog_act="" comm_act_type="" link_to="" pos="" pos_count="" pos_origin="" topic="" polarity="">bank deposits!!!</turn>
<turn mode="chat" speaker="mara" end_time="8:43:49 PM" turn_no="79" dialog_act="" comm_act_type="" link_to="" pos="" pos_count="" pos_origin="" topic="" polarity="">yeah i like her the best so far</turn>
<turn mode="chat" speaker="amy" end_time="8:43:57 PM" turn_no="80" dialog_act="" comm_act_type="" link_to="" pos="" pos_count="" pos_origin="" topic="" polarity="">i think she's be able to handle having a boss to communicate with like the job descrip asks for</turn>
<turn mode="chat" speaker="john" end_time="8:43:59 PM" turn_no="81" dialog_act="" comm_act_type="" link_to="" pos="" pos_count="" pos_origin="" topic="" polarity="">have difficulty connecting, anybody can help?</turn>
<turn mode="chat" speaker="mara" end_time="8:44:03 PM" turn_no="82" dialog_act="" comm_act_type="" link_to="" pos="" pos_count="" pos_origin="" topic="" polarity="">seems like she has handled money and been in the real world</turn>
<turn mode="chat" speaker="amy" end_time="8:44:07 PM" turn_no="83" dialog_act="" comm_act_type="" link_to="" pos="" pos_count="" pos_origin="" topic="" polarity="">me too-  like her best</turn>
<turn mode="chat" speaker="amy" end_time="8:44:21 PM" turn_no="84" dialog_act="" comm_act_type="" link_to="" pos="" pos_count="" pos_origin="" topic="" polarity="">what a plus for a cashier position!  haha</turn>
<turn mode="chat" speaker="mara" end_time="8:44:36 PM" turn_no="85" dialog_act="" comm_act_type="" link_to="" pos="" pos_count="" pos_origin="" topic="" polarity="">hey amy we have to sign off and sign back on in a  couple mins... moderator is going to restart the server ok?</turn>
<turn mode="chat" speaker="amy" end_time="8:44:42 PM" turn_no="86" dialog_act="" comm_act_type="" link_to="" pos="" pos_count="" pos_origin="" topic="" polarity="">john-  did u log off and try logging in again?</turn>
<turn mode="chat" speaker="amy" end_time="8:44:48 PM" turn_no="87" dialog_act="" comm_act_type="" link_to="" pos="" pos_count="" pos_origin="" topic="" polarity="">OK</turn>
<turn mode="chat" speaker="mara" end_time="8:45:02 PM" turn_no="88" dialog_act="" comm_act_type="" link_to="" pos="" pos_count="" pos_origin="" topic="" polarity="">see ya in a couple... wait like 4 mins</turn>
<turn mode="chat" speaker="jordan" end_time="8:48:43 PM"  turn_no="89" dialog_act="" comm_act_type="" link_to="" pos="" pos_count="" pos_origin="" topic="" polarity="">hi, it works now.</turn>
<turn mode="chat" speaker="amy" end_time="8:48:54 PM"  turn_no="90" dialog_act="" comm_act_type="" link_to="" pos="" pos_count="" pos_origin="" topic="" polarity="">hi jordan</turn>
<turn mode="chat" speaker="jordan" end_time="8:49:02 PM"  turn_no="91" dialog_act="" comm_act_type="" link_to="" pos="" pos_count="" pos_origin="" topic="" polarity="">Hi, amy</turn>
<turn mode="chat" speaker="amy" end_time="8:49:24 PM"  turn_no="92" dialog_act="" comm_act_type="" link_to="" pos="" pos_count="" pos_origin="" topic="" polarity="">nick, did you make it in?</turn>
<turn mode="chat" speaker="jordan" end_time="8:49:24 PM"  turn_no="93" dialog_act="" comm_act_type="" link_to="" pos="" pos_count="" pos_origin="" topic="" polarity="">seems a lot of fun takling this way</turn>
<turn mode="chat" speaker="amy" end_time="8:50:20 PM"  turn_no="94" dialog_act="" comm_act_type="" link_to="" pos="" pos_count="" pos_origin="" topic="" polarity="">mara?</turn>
<turn mode="chat" speaker="nick" end_time="8:52:07 PM"  turn_no="95" dialog_act="" comm_act_type="" link_to="" pos="" pos_count="" pos_origin="" topic="" polarity="">HELLO</turn>
<turn mode="chat" speaker="nick" end_time="8:52:17 PM"  turn_no="96" dialog_act="" comm_act_type="" link_to="" pos="" pos_count="" pos_origin="" topic="" polarity="">I amde it</turn>
<turn mode="chat" speaker="nick" end_time="8:52:19 PM"  turn_no="97" dialog_act="" comm_act_type="" link_to="" pos="" pos_count="" pos_origin="" topic="" polarity="">made</turn>
<turn mode="chat" speaker="jordan" end_time="8:52:37 PM"  turn_no="98" dialog_act="" comm_act_type="" link_to="" pos="" pos_count="" pos_origin="" topic="" polarity="">they have difficulty logging in, as i just did.</turn>
<turn mode="chat" speaker="nick" end_time="8:53:03 PM"  turn_no="99" dialog_act="" comm_act_type="" link_to="" pos="" pos_count="" pos_origin="" topic="" polarity="">It worked much better this time :)</turn>
<turn mode="chat" speaker="jordan" end_time="8:53:30 PM"  turn_no="100" dialog_act="" comm_act_type="" link_to="" pos="" pos_count="" pos_origin="" topic="" polarity="">so the preparation takes lot of time, and we haven't started our discussion.</turn>
<turn mode="chat" speaker="amy" end_time="8:53:58 PM"  turn_no="101" dialog_act="" comm_act_type="" link_to="" pos="" pos_count="" pos_origin="" topic="" polarity="">mara, john, and i started a talk about the resumes</turn>
<turn mode="chat" speaker="jordan" end_time="8:54:31 PM"  turn_no="102" dialog_act="" comm_act_type="" link_to="" pos="" pos_count="" pos_origin="" topic="" polarity="">i'd like to join you, amy.</turn>
<turn mode="chat" speaker="amy" end_time="8:54:58 PM"  turn_no="103" dialog_act="" comm_act_type="" link_to="" pos="" pos_count="" pos_origin="" topic="" polarity="">hehe   ok</turn>
<turn mode="chat" speaker="amy" end_time="8:55:07 PM"  turn_no="104" dialog_act="" comm_act_type="" link_to="" pos="" pos_count="" pos_origin="" topic="" polarity="">but i dont know if she made it back in</turn>
<turn mode="chat" speaker="amy" end_time="8:55:20 PM"  turn_no="105" dialog_act="" comm_act_type="" link_to="" pos="" pos_count="" pos_origin="" topic="" polarity="">we can talk about any one of the resumes- pick one</turn>
<turn mode="chat" speaker="jordan" end_time="8:55:54 PM"  turn_no="106" dialog_act="" comm_act_type="" link_to="" pos="" pos_count="" pos_origin="" topic="" polarity="">the 1st one is ggod.</turn>
<turn mode="chat" speaker="john" end_time="8:56:01 PM"  turn_no="107" dialog_act="" comm_act_type="" link_to="" pos="" pos_count="" pos_origin="" topic="" polarity="">hi everyone</turn>
<turn mode="chat" speaker="jordan" end_time="8:56:41 PM"  turn_no="108" dialog_act="" comm_act_type="" link_to="" pos="" pos_count="" pos_origin="" topic="" polarity="">i wonder if a cashier really needs so much computer skills.</turn>
<turn mode="chat" speaker="amy" end_time="8:56:48 PM"  turn_no="109" dialog_act="" comm_act_type="" link_to="" pos="" pos_count="" pos_origin="" topic="" polarity="">hi john-  can you see my message here?</turn>
<turn mode="chat" speaker="john" end_time="8:56:50 PM"  turn_no="110" dialog_act="" comm_act_type="" link_to="" pos="" pos_count="" pos_origin="" topic="" polarity="">i can't see anybody's talking</turn>
<turn mode="chat" speaker="amy" end_time="8:57:02 PM"  turn_no="111" dialog_act="" comm_act_type="" link_to="" pos="" pos_count="" pos_origin="" topic="" polarity="">yeah we didnt like him so much-  no relevant experience</turn>
<turn mode="chat" speaker="amy" end_time="8:57:37 PM"  turn_no="112" dialog_act="" comm_act_type="" link_to="" pos="" pos_count="" pos_origin="" topic="" polarity="">that one and the next James seem to have no experience that would matter for a cashier</turn>
<turn mode="chat" speaker="jordan" end_time="8:57:48 PM"  turn_no="113" dialog_act="" comm_act_type="" link_to="" pos="" pos_count="" pos_origin="" topic="" polarity="">yes.</turn>
<turn mode="chat" speaker="john" end_time="8:58:01 PM"  turn_no="114" dialog_act="" comm_act_type="" link_to="" pos="" pos_count="" pos_origin="" topic="" polarity="">hi</turn>
<turn mode="chat" speaker="amy" end_time="8:58:18 PM"  turn_no="115" dialog_act="" comm_act_type="" link_to="" pos="" pos_count="" pos_origin="" topic="" polarity="">danielle has some reception work</turn>
<turn mode="chat" speaker="john" end_time="8:58:19 PM"  turn_no="116" dialog_act="" comm_act_type="" link_to="" pos="" pos_count="" pos_origin="" topic="" polarity="">i reset the browser</turn>
<turn mode="chat" speaker="jordan" end_time="8:58:40 PM"  turn_no="117" dialog_act="" comm_act_type="" link_to="" pos="" pos_count="" pos_origin="" topic="" polarity="">people tend to think the more education, the better, no matter what kind of job.</turn>
<turn mode="chat" speaker="john" end_time="8:59:02 PM"  turn_no="118" dialog_act="" comm_act_type="" link_to="" pos="" pos_count="" pos_origin="" topic="" polarity="">yes, she did</turn>
<turn mode="chat" speaker="jordan" end_time="8:59:14 PM"  turn_no="119" dialog_act="" comm_act_type="" link_to="" pos="" pos_count="" pos_origin="" topic="" polarity="">reception is still not related to cashier</turn>
<turn mode="chat" speaker="john" end_time="8:59:40 PM"  turn_no="120" dialog_act="" comm_act_type="" link_to="" pos="" pos_count="" pos_origin="" topic="" polarity="">I think so</turn>
<turn mode="chat" speaker="jordan" end_time="8:59:53 PM"  turn_no="121" dialog_act="" comm_act_type="" link_to="" pos="" pos_count="" pos_origin="" topic="" polarity="">any chance for training once he/she starts to work?</turn>
<turn mode="chat" speaker="amy" end_time="9:00:09 PM"  turn_no="122" dialog_act="" comm_act_type="" link_to="" pos="" pos_count="" pos_origin="" topic="" polarity="">i confused myself actually based on that previous conversation i was having with mara</turn>
<turn mode="chat" speaker="amy" end_time="9:00:52 PM"  turn_no="123" dialog_act="" comm_act_type="" link_to="" pos="" pos_count="" pos_origin="" topic="" polarity="">it was susie with reception and she also was an office assistant</turn>
<turn mode="chat" speaker="jordan" end_time="9:00:59 PM"  turn_no="124" dialog_act="" comm_act_type="" link_to="" pos="" pos_count="" pos_origin="" topic="" polarity="">Susie has language skills, helps a lot.</turn>
<turn mode="chat" speaker="amy" end_time="9:01:36 PM"  turn_no="125" dialog_act="" comm_act_type="" link_to="" pos="" pos_count="" pos_origin="" topic="" polarity="">i like susie a little</turn>
<turn mode="chat" speaker="john" end_time="9:01:44 PM"  turn_no="126" dialog_act="" comm_act_type="" link_to="" pos="" pos_count="" pos_origin="" topic="" polarity="">ii depends on which store i think</turn>
<turn mode="chat" speaker="jordan" end_time="9:01:59 PM"  turn_no="127" dialog_act="" comm_act_type="" link_to="" pos="" pos_count="" pos_origin="" topic="" polarity="">i want to hear other people's opinion about Susie. She seems an ideal candidate. Isn't she?</turn>
<turn mode="chat" speaker="amy" end_time="9:02:12 PM"  turn_no="128" dialog_act="" comm_act_type="" link_to="" pos="" pos_count="" pos_origin="" topic="" polarity="">because she's worked in office environments she's used to asnweting to a boss as the job descrip asked for</turn>
<turn mode="chat" speaker="amy" end_time="9:02:32 PM"  turn_no="129" dialog_act="" comm_act_type="" link_to="" pos="" pos_count="" pos_origin="" topic="" polarity="">i dont know that anyone else is here beside you (jordan), john and myself</turn>
<turn mode="chat" speaker="amy" end_time="9:03:58 PM"  turn_no="130" dialog_act="" comm_act_type="" link_to="" pos="" pos_count="" pos_origin="" topic="" polarity="">anyone here?</turn>
<turn mode="chat" speaker="john" end_time="9:04:13 PM"  turn_no="131" dialog_act="" comm_act_type="" link_to="" pos="" pos_count="" pos_origin="" topic="" polarity="">haha</turn>
<turn mode="chat" speaker="jordan" end_time="9:04:26 PM"  turn_no="132" dialog_act="" comm_act_type="" link_to="" pos="" pos_count="" pos_origin="" topic="" polarity="">But there are 6 blue names</turn>
<turn mode="chat" speaker="jordan" end_time="9:04:54 PM"  turn_no="133" dialog_act="" comm_act_type="" link_to="" pos="" pos_count="" pos_origin="" topic="" polarity="">Morgan</turn>
<turn mode="chat" speaker="amy" end_time="9:04:55 PM"  turn_no="134" dialog_act="" comm_act_type="" link_to="" pos="" pos_count="" pos_origin="" topic="" polarity="">yeah-  some tech problems tonight it seems-   i just sent an email to see if we should continue with just us</turn>
<turn mode="chat" speaker="amy" end_time="9:05:16 PM"  turn_no="135" dialog_act="" comm_act_type="" link_to="" pos="" pos_count="" pos_origin="" topic="" polarity="">same as the first ones-  no exp that says she would be good for a cashier position</turn>
<turn mode="chat" speaker="john" end_time="9:05:34 PM"  turn_no="136" dialog_act="" comm_act_type="" link_to="" pos="" pos_count="" pos_origin="" topic="" polarity="">sure</turn>
<turn mode="chat" speaker="jordan" end_time="9:06:03 PM"  turn_no="137" dialog_act="" comm_act_type="" link_to="" pos="" pos_count="" pos_origin="" topic="" polarity="">so we all agree on Susie?</turn>
<turn mode="chat" speaker="john" end_time="9:06:05 PM"  turn_no="138" dialog_act="" comm_act_type="" link_to="" pos="" pos_count="" pos_origin="" topic="" polarity="">james seems good</turn>
<turn mode="chat" speaker="amy" end_time="9:06:25 PM"  turn_no="139" dialog_act="" comm_act_type="" link_to="" pos="" pos_count="" pos_origin="" topic="" polarity="">i am for Susie</turn>
<turn mode="chat" speaker="john" end_time="9:06:50 PM"  turn_no="140" dialog_act="" comm_act_type="" link_to="" pos="" pos_count="" pos_origin="" topic="" polarity="">so do i ,and also james is good</turn>
<turn mode="chat" speaker="amy" end_time="9:06:50 PM"  turn_no="141" dialog_act="" comm_act_type="" link_to="" pos="" pos_count="" pos_origin="" topic="" polarity="">james would be my 2nd pick</turn>
<turn mode="chat" speaker="amy" end_time="9:07:00 PM"  turn_no="142" dialog_act="" comm_act_type="" link_to="" pos="" pos_count="" pos_origin="" topic="" polarity="">so we all think Susie!  yay</turn>
<turn mode="chat" speaker="john" end_time="9:07:25 PM"  turn_no="143" dialog_act="" comm_act_type="" link_to="" pos="" pos_count="" pos_origin="" topic="" polarity="">i agree with amy</turn>
<turn mode="chat" speaker="jordan" end_time="9:07:31 PM"  turn_no="144" dialog_act="" comm_act_type="" link_to="" pos="" pos_count="" pos_origin="" topic="" polarity="">James has good education but lacks experience. With some training, he could be better than Susie.</turn>
<turn mode="chat" speaker="amy" end_time="9:07:44 PM"  turn_no="145" dialog_act="" comm_act_type="" link_to="" pos="" pos_count="" pos_origin="" topic="" polarity="">absolutely</turn>
<turn mode="chat" speaker="john" end_time="9:07:59 PM"  turn_no="146" dialog_act="" comm_act_type="" link_to="" pos="" pos_count="" pos_origin="" topic="" polarity="">yes</turn>
<turn mode="chat" speaker="jordan" end_time="9:08:06 PM"  turn_no="147" dialog_act="" comm_act_type="" link_to="" pos="" pos_count="" pos_origin="" topic="" polarity="">depends whether the boss gives training.</turn>
<turn mode="chat" speaker="jordan" end_time="9:08:54 PM"  turn_no="148" dialog_act="" comm_act_type="" link_to="" pos="" pos_count="" pos_origin="" topic="" polarity="">mara nick have any opinions?</turn>
<turn mode="chat" speaker="amy" end_time="9:09:17 PM"  turn_no="149" dialog_act="" comm_act_type="" link_to="" pos="" pos_count="" pos_origin="" topic="" polarity="">i think they're having trouble logging in but are still trying</turn>
<turn mode="chat" speaker="john" end_time="9:09:25 PM"  turn_no="150" dialog_act="" comm_act_type="" link_to="" pos="" pos_count="" pos_origin="" topic="" polarity="">it seems they are not here</turn>
<turn mode="chat" speaker="amy" end_time="9:09:46 PM"  turn_no="151" dialog_act="" comm_act_type="" link_to="" pos="" pos_count="" pos_origin="" topic="" polarity="">right john</turn>
<turn mode="chat" speaker="john" end_time="9:10:19 PM"  turn_no="152" dialog_act="" comm_act_type="" link_to="" pos="" pos_count="" pos_origin="" topic="" polarity="">it works well since the server was restart</turn>
<turn mode="chat" speaker="amy" end_time="9:10:47 PM"  turn_no="153" dialog_act="" comm_act_type="" link_to="" pos="" pos_count="" pos_origin="" topic="" polarity="">yeah- at least we had some time to choose the candidate together</turn>
<turn mode="chat" speaker="jordan" end_time="9:10:50 PM"  turn_no="154" dialog_act="" comm_act_type="" link_to="" pos="" pos_count="" pos_origin="" topic="" polarity="">is this system a new gadget, or has sb used it before?</turn>
<turn mode="chat" speaker="amy" end_time="9:11:02 PM"  turn_no="155" dialog_act="" comm_act_type="" link_to="" pos="" pos_count="" pos_origin="" topic="" polarity="">what is sb?</turn>
<turn mode="chat" speaker="jordan" end_time="9:11:11 PM"  turn_no="156" dialog_act="" comm_act_type="" link_to="" pos="" pos_count="" pos_origin="" topic="" polarity="">somebody</turn>
<turn mode="chat" speaker="amy" end_time="9:11:24 PM"  turn_no="157" dialog_act="" comm_act_type="" link_to="" pos="" pos_count="" pos_origin="" topic="" polarity="">ohh    we've been using this for the study the last few weeks</turn>
<turn mode="chat" speaker="jordan" end_time="9:11:35 PM"  turn_no="158" dialog_act="" comm_act_type="" link_to="" pos="" pos_count="" pos_origin="" topic="" polarity="">see.</turn>
<turn mode="chat" speaker="amy" end_time="9:11:39 PM"  turn_no="159" dialog_act="" comm_act_type="" link_to="" pos="" pos_count="" pos_origin="" topic="" polarity="">occassionally logging in issues</turn>
<turn mode="chat" speaker="john" end_time="9:11:48 PM"  turn_no="160" dialog_act="" comm_act_type="" link_to="" pos="" pos_count="" pos_origin="" topic="" polarity="">ok</turn>
<turn mode="chat" speaker="jordan" end_time="9:11:58 PM"  turn_no="161" dialog_act="" comm_act_type="" link_to="" pos="" pos_count="" pos_origin="" topic="" polarity="">shall we have trouble logging in each time?</turn>
<turn mode="chat" speaker="amy" end_time="9:12:12 PM"  turn_no="162" dialog_act="" comm_act_type="" link_to="" pos="" pos_count="" pos_origin="" topic="" polarity="">we've never accomplished the goal (choosing a resume) so fast though before  - and we even had problems!</turn>
<turn mode="chat" speaker="amy" end_time="9:12:20 PM"  turn_no="163" dialog_act="" comm_act_type="" link_to="" pos="" pos_count="" pos_origin="" topic="" polarity="">i only trouble one other time</turn>
<turn mode="chat" speaker="amy" end_time="9:12:33 PM"  turn_no="164" dialog_act="" comm_act_type="" link_to="" pos="" pos_count="" pos_origin="" topic="" polarity="">only had</turn>
<turn mode="chat" speaker="john" end_time="9:12:51 PM"  turn_no="165" dialog_act="" comm_act_type="" link_to="" pos="" pos_count="" pos_origin="" topic="" polarity="">oh</turn>
<turn mode="chat" speaker="jordan" end_time="9:13:01 PM"  turn_no="166" dialog_act="" comm_act_type="" link_to="" pos="" pos_count="" pos_origin="" topic="" polarity="">I'm no computer expert. who is the technician for us?</turn>
<turn mode="chat" speaker="jordan" end_time="9:13:31 PM"  turn_no="168" dialog_act="" comm_act_type="" link_to="" pos="" pos_count="" pos_origin="" topic="" polarity="">why. he doesn't say a word.</turn>
<turn mode="chat" speaker="amy" end_time="9:13:39 PM"  turn_no="169" dialog_act="" comm_act_type="" link_to="" pos="" pos_count="" pos_origin="" topic="" polarity="">the woman working on the study</turn>
<turn mode="chat" speaker="john" end_time="9:13:51 PM"  turn_no="170" dialog_act="" comm_act_type="" link_to="" pos="" pos_count="" pos_origin="" topic="" polarity="">haha</turn>
<turn mode="chat" speaker="amy" end_time="9:13:53 PM"  turn_no="171" dialog_act="" comm_act_type="" link_to="" pos="" pos_count="" pos_origin="" topic="" polarity="">sometimes it might be the professor</turn>
<turn mode="chat" speaker="jordan" end_time="9:13:54 PM"  turn_no="172" dialog_act="" comm_act_type="" link_to="" pos="" pos_count="" pos_origin="" topic="" polarity="">she?</turn>
<turn mode="chat" speaker="amy" end_time="9:14:03 PM"  turn_no="173" dialog_act="" comm_act_type="" link_to="" pos="" pos_count="" pos_origin="" topic="" polarity="">they never write in here- send us emails</turn>
<turn mode="chat" speaker="john" end_time="9:14:15 PM"  turn_no="174" dialog_act="" comm_act_type="" link_to="" pos="" pos_count="" pos_origin="" topic="" polarity="">i see</turn>
<turn mode="chat" speaker="jordan" end_time="9:14:33 PM"  turn_no="175" dialog_act="" comm_act_type="" link_to="" pos="" pos_count="" pos_origin="" topic="" polarity="">Oh. You mean they stand apart somewhere watching us?</turn>
<turn mode="chat" speaker="amy" end_time="9:14:45 PM"  turn_no="176" dialog_act="" comm_act_type="" link_to="" pos="" pos_count="" pos_origin="" topic="" polarity="">jordan.....are you m or f?  it really doesnt matter but just thought to ask</turn>
<turn mode="chat" speaker="amy" end_time="9:15:06 PM"  turn_no="177" dialog_act="" comm_act_type="" link_to="" pos="" pos_count="" pos_origin="" topic="" polarity="">the study is to study people interacting though chat</turn>
<turn mode="chat" speaker="jordan" end_time="9:15:31 PM"  turn_no="178" dialog_act="" comm_act_type="" link_to="" pos="" pos_count="" pos_origin="" topic="" polarity="">That's the truble for me. "jordan" is a girlish name, but I am a man.</turn>
<turn mode="chat" speaker="amy" end_time="9:15:52 PM"  turn_no="179" dialog_act="" comm_act_type="" link_to="" pos="" pos_count="" pos_origin="" topic="" polarity="">it's a good name-  but yes, it can be for anyone</turn>
<turn mode="chat" speaker="amy" end_time="9:15:53 PM"  turn_no="180" dialog_act="" comm_act_type="" link_to="" pos="" pos_count="" pos_origin="" topic="" polarity="">:)</turn>
<turn mode="chat" speaker="jordan" end_time="9:16:00 PM"  turn_no="181" dialog_act="" comm_act_type="" link_to="" pos="" pos_count="" pos_origin="" topic="" polarity="">Somebody called me by this name, although I prefer to be called James.</turn>
<turn mode="chat" speaker="john" end_time="9:16:06 PM"  turn_no="182" dialog_act="" comm_act_type="" link_to="" pos="" pos_count="" pos_origin="" topic="" polarity="">haha, no problem. he is  male</turn>
<turn mode="chat" speaker="amy" end_time="9:16:11 PM"  turn_no="183" dialog_act="" comm_act_type="" link_to="" pos="" pos_count="" pos_origin="" topic="" polarity="">bet you never had to say that before "i am a man"</turn>
<turn mode="chat" speaker="john" end_time="9:16:53 PM"  turn_no="184" dialog_act="" comm_act_type="" link_to="" pos="" pos_count="" pos_origin="" topic="" polarity="">I am male too</turn>
<turn mode="chat" speaker="jordan" end_time="9:17:33 PM"  turn_no="185" dialog_act="" comm_act_type="" link_to="" pos="" pos_count="" pos_origin="" topic="" polarity="">And this is one of the tricky things in this virtual world. You know nothing about the people u r talking to!!!!</turn>
<turn mode="chat" speaker="amy" end_time="9:17:48 PM"  turn_no="186" dialog_act="" comm_act_type="" link_to="" pos="" pos_count="" pos_origin="" topic="" polarity="">well that is why it is quite different from being face to face</turn>
<turn mode="chat" speaker="amy" end_time="9:18:00 PM"  turn_no="187" dialog_act="" comm_act_type="" link_to="" pos="" pos_count="" pos_origin="" topic="" polarity="">very interesting</turn>
<turn mode="chat" speaker="jordan" end_time="9:18:07 PM"  turn_no="188" dialog_act="" comm_act_type="" link_to="" pos="" pos_count="" pos_origin="" topic="" polarity="">is it good or bad?</turn>
<turn mode="chat" speaker="amy" end_time="9:18:16 PM"  turn_no="189" dialog_act="" comm_act_type="" link_to="" pos="" pos_count="" pos_origin="" topic="" polarity="">&lt;shrug&gt;</turn>
<turn mode="chat" speaker="jordan" end_time="9:18:22 PM"  turn_no="190" dialog_act="" comm_act_type="" link_to="" pos="" pos_count="" pos_origin="" topic="" polarity="">guessing away</turn>
<turn mode="chat" speaker="john" end_time="9:18:49 PM"  turn_no="191" dialog_act="" comm_act_type="" link_to="" pos="" pos_count="" pos_origin="" topic="" polarity="">i like talking face to face</turn>
<turn mode="chat" speaker="jordan" end_time="9:18:54 PM"  turn_no="192" dialog_act="" comm_act_type="" link_to="" pos="" pos_count="" pos_origin="" topic="" polarity="">amy is always a girl's name.</turn>
<turn mode="chat" speaker="amy" end_time="9:19:07 PM"  turn_no="193" dialog_act="" comm_act_type="" link_to="" pos="" pos_count="" pos_origin="" topic="" polarity="">hm i suppose so   lol</turn>
<turn mode="chat" speaker="amy" end_time="9:19:21 PM"  turn_no="194" dialog_act="" comm_act_type="" link_to="" pos="" pos_count="" pos_origin="" topic="" polarity="">i go by "amy" also  plus its shorter to write</turn>
<turn mode="chat" speaker="jordan" end_time="9:19:22 PM"  turn_no="195" dialog_act="" comm_act_type="" link_to="" pos="" pos_count="" pos_origin="" topic="" polarity="">i wonder if any boy would use amy on the internet.</turn>
<turn mode="chat" speaker="amy" end_time="9:19:37 PM"  turn_no="196" dialog_act="" comm_act_type="" link_to="" pos="" pos_count="" pos_origin="" topic="" polarity="">people can do anything they want i guess</turn>
<turn mode="chat" speaker="amy" end_time="9:19:41 PM"  turn_no="197" dialog_act="" comm_act_type="" link_to="" pos="" pos_count="" pos_origin="" topic="" polarity="">online</turn>
<turn mode="chat" speaker="jordan" end_time="9:19:42 PM"  turn_no="198" dialog_act="" comm_act_type="" link_to="" pos="" pos_count="" pos_origin="" topic="" polarity="">what about amyy?</turn>
<turn mode="chat" speaker="jordan" end_time="9:19:42 PM"  turn_no="199" dialog_act="" comm_act_type="" link_to="" pos="" pos_count="" pos_origin="" topic="" polarity=""></turn>
<turn mode="chat" speaker="john" end_time="9:19:44 PM"  turn_no="200" dialog_act="" comm_act_type="" link_to="" pos="" pos_count="" pos_origin="" topic="" polarity="">also a beautiful name</turn>
<turn mode="chat" speaker="amy" end_time="9:19:57 PM"  turn_no="201" dialog_act="" comm_act_type="" link_to="" pos="" pos_count="" pos_origin="" topic="" polarity="">she was here once or twice when i was here</turn>
<turn mode="chat" speaker="john" end_time="9:20:01 PM"  turn_no="202" dialog_act="" comm_act_type="" link_to="" pos="" pos_count="" pos_origin="" topic="" polarity="">maybe</turn>
<turn mode="chat" speaker="jordan" end_time="9:20:37 PM"  turn_no="203" dialog_act="" comm_act_type="" link_to="" pos="" pos_count="" pos_origin="" topic="" polarity="">Sorry, u missed the point. I mean amy is also a shortend form for amyy. Is it?</turn>
<turn mode="chat" speaker="amy" end_time="9:20:40 PM"  turn_no="204" dialog_act="" comm_act_type="" link_to="" pos="" pos_count="" pos_origin="" topic="" polarity="">are you both students?</turn>
<turn mode="chat" speaker="jordan" end_time="9:20:58 PM"  turn_no="205" dialog_act="" comm_act_type="" link_to="" pos="" pos_count="" pos_origin="" topic="" polarity="">a big student.</turn>
<turn mode="chat" speaker="jordan" end_time="9:21:08 PM"  turn_no="206" dialog_act="" comm_act_type="" link_to="" pos="" pos_count="" pos_origin="" topic="" polarity="">an old student.</turn>
<turn mode="chat" speaker="amy" end_time="9:21:14 PM"  turn_no="207" dialog_act="" comm_act_type="" link_to="" pos="" pos_count="" pos_origin="" topic="" polarity="">me too</turn>
<turn mode="chat" speaker="john" end_time="9:21:19 PM"  turn_no="208" dialog_act="" comm_act_type="" link_to="" pos="" pos_count="" pos_origin="" topic="" polarity="">yes</turn>
<turn mode="chat" speaker="amy" end_time="9:21:25 PM"  turn_no="209" dialog_act="" comm_act_type="" link_to="" pos="" pos_count="" pos_origin="" topic="" polarity="">an adult learner?</turn>
<turn mode="chat" speaker="jordan" end_time="9:21:41 PM"  turn_no="210" dialog_act="" comm_act_type="" link_to="" pos="" pos_count="" pos_origin="" topic="" polarity="">that's what they call it</turn>
<turn mode="chat" speaker="amy" end_time="9:21:44 PM"  turn_no="211" dialog_act="" comm_act_type="" link_to="" pos="" pos_count="" pos_origin="" topic="" polarity="">how is amy short for amyy???   lol</turn>
<turn mode="chat" speaker="jordan" end_time="9:22:05 PM"  turn_no="212" dialog_act="" comm_act_type="" link_to="" pos="" pos_count="" pos_origin="" topic="" polarity="">adult seems too technical a word,</turn>
<turn mode="chat" speaker="jordan" end_time="9:22:21 PM"  turn_no="213" dialog_act="" comm_act_type="" link_to="" pos="" pos_count="" pos_origin="" topic="" polarity="">Sorry. I mean amy is</turn>
<turn mode="chat" speaker="amy" end_time="9:22:34 PM"  turn_no="214" dialog_act="" comm_act_type="" link_to="" pos="" pos_count="" pos_origin="" topic="" polarity="">gotcha</turn>
<turn mode="chat" speaker="amy" end_time="9:22:38 PM"  turn_no="215" dialog_act="" comm_act_type="" link_to="" pos="" pos_count="" pos_origin="" topic="" polarity="">yes</turn>
<turn mode="chat" speaker="jordan" end_time="9:23:07 PM"  turn_no="216" dialog_act="" comm_act_type="" link_to="" pos="" pos_count="" pos_origin="" topic="" polarity="">internet doe not correct your typing mistakes, ...</turn>
<turn mode="chat" speaker="amy" end_time="9:23:26 PM"  turn_no="217" dialog_act="" comm_act_type="" link_to="" pos="" pos_count="" pos_origin="" topic="" polarity="">not unless you use a program</turn>
<turn mode="chat" speaker="john" end_time="9:23:33 PM"  turn_no="218" dialog_act="" comm_act_type="" link_to="" pos="" pos_count="" pos_origin="" topic="" polarity="">hah  it is good for me i think</turn>
<turn mode="chat" speaker="jordan" end_time="9:23:38 PM"  turn_no="219" dialog_act="" comm_act_type="" link_to="" pos="" pos_count="" pos_origin="" topic="" polarity="">where are we? far away from the cashier</turn>
<turn mode="chat" speaker="amy" end_time="9:23:59 PM"  turn_no="220" dialog_act="" comm_act_type="" link_to="" pos="" pos_count="" pos_origin="" topic="" polarity="">what is not good for you john?</turn>
<turn mode="chat" speaker="amy" end_time="9:24:10 PM"  turn_no="221" dialog_act="" comm_act_type="" link_to="" pos="" pos_count="" pos_origin="" topic="" polarity="">yeah, we definitely finished with the cashier</turn>
<turn mode="chat" speaker="amy" end_time="9:24:21 PM"  turn_no="222" dialog_act="" comm_act_type="" link_to="" pos="" pos_count="" pos_origin="" topic="" polarity="">but we chose our person</turn>
<turn mode="chat" speaker="jordan" end_time="9:24:26 PM"  turn_no="223" dialog_act="" comm_act_type="" link_to="" pos="" pos_count="" pos_origin="" topic="" polarity="">good.</turn>
<turn mode="chat" speaker="jordan" end_time="9:24:47 PM"  turn_no="224" dialog_act="" comm_act_type="" link_to="" pos="" pos_count="" pos_origin="" topic="" polarity="">Susie?</turn>
<turn mode="chat" speaker="amy" end_time="9:24:51 PM"  turn_no="225" dialog_act="" comm_act_type="" link_to="" pos="" pos_count="" pos_origin="" topic="" polarity="">i think they need the chat for their study though so this is probably ok too</turn>
<turn mode="chat" speaker="john" end_time="9:24:53 PM"  turn_no="226" dialog_act="" comm_act_type="" link_to="" pos="" pos_count="" pos_origin="" topic="" polarity="">it good for me as my english grammer is not good</turn>
<turn mode="chat" speaker="amy" end_time="9:25:10 PM"  turn_no="227" dialog_act="" comm_act_type="" link_to="" pos="" pos_count="" pos_origin="" topic="" polarity="">ohhh  english is your 2nd language?</turn>
<turn mode="chat" speaker="jordan" end_time="9:25:27 PM"  turn_no="228" dialog_act="" comm_act_type="" link_to="" pos="" pos_count="" pos_origin="" topic="" polarity="">That's what I thinked. Ha</turn>
<turn mode="chat" speaker="john" end_time="9:25:31 PM"  turn_no="229" dialog_act="" comm_act_type="" link_to="" pos="" pos_count="" pos_origin="" topic="" polarity="">yes</turn>
<turn mode="chat" speaker="amy" end_time="9:26:00 PM"  turn_no="230" dialog_act="" comm_act_type="" link_to="" pos="" pos_count="" pos_origin="" topic="" polarity="">see, i would not have know it was your 2nd...although you havent written too much, but your english is very good!</turn>
<turn mode="chat" speaker="jordan" end_time="9:26:30 PM"  turn_no="231" dialog_act="" comm_act_type="" link_to="" pos="" pos_count="" pos_origin="" topic="" polarity="">I wonder what conclusions they can arrive at just by watching people chat on the internet.</turn>
<turn mode="chat" speaker="john" end_time="9:26:31 PM"  turn_no="232" dialog_act="" comm_act_type="" link_to="" pos="" pos_count="" pos_origin="" topic="" polarity="">thank you so much,</turn>
<turn mode="chat" speaker="jordan" end_time="9:27:06 PM"  turn_no="233" dialog_act="" comm_act_type="" link_to="" pos="" pos_count="" pos_origin="" topic="" polarity="">there are strange things in this world.</turn>
<turn mode="chat" speaker="amy" end_time="9:27:40 PM"  turn_no="234" dialog_act="" comm_act_type="" link_to="" pos="" pos_count="" pos_origin="" topic="" polarity="">i dunno what they look for specifically-  but people behave differently online</turn>
<turn mode="chat" speaker="jordan" end_time="9:27:41 PM"  turn_no="235" dialog_act="" comm_act_type="" link_to="" pos="" pos_count="" pos_origin="" topic="" polarity="">my second thought is internet chat is worth studying.</turn>
<turn mode="chat" speaker="john" end_time="9:27:47 PM"  turn_no="236" dialog_act="" comm_act_type="" link_to="" pos="" pos_count="" pos_origin="" topic="" polarity="">maybe i think it is important for the process that we are chatting</turn>
<turn mode="chat" speaker="amy" end_time="9:28:26 PM"  turn_no="237" dialog_act="" comm_act_type="" link_to="" pos="" pos_count="" pos_origin="" topic="" polarity="">yes</turn>
<turn mode="chat" speaker="jordan" end_time="9:28:40 PM"  turn_no="238" dialog_act="" comm_act_type="" link_to="" pos="" pos_count="" pos_origin="" topic="" polarity="">people nowadays chat a lot on the internet, but management is insufficient.</turn>
<turn mode="chat" speaker="amy" end_time="9:28:53 PM"  turn_no="239" dialog_act="" comm_act_type="" link_to="" pos="" pos_count="" pos_origin="" topic="" polarity="">well it is the way the world is going-- email, chat,, etc</turn>
<turn mode="chat" speaker="john" end_time="9:28:58 PM"  turn_no="240" dialog_act="" comm_act_type="" link_to="" pos="" pos_count="" pos_origin="" topic="" polarity="">so i think our chatting behavior is important for thire experiment</turn>
<turn mode="chat" speaker="amy" end_time="9:29:09 PM"  turn_no="241" dialog_act="" comm_act_type="" link_to="" pos="" pos_count="" pos_origin="" topic="" polarity="">peple run businesses and dont even know they're employees</turn>
<turn mode="chat" speaker="amy" end_time="9:29:34 PM"  turn_no="242" dialog_act="" comm_act_type="" link_to="" pos="" pos_count="" pos_origin="" topic="" polarity="">what kind of management?</turn>
<turn mode="chat" speaker="jordan" end_time="9:30:06 PM"  turn_no="243" dialog_act="" comm_act_type="" link_to="" pos="" pos_count="" pos_origin="" topic="" polarity="">Although i'm no linguist, i am very concerned about the correct use of english. but the internet has brought about a considerable havok on it. Do you agree?</turn>
<turn mode="chat" speaker="amy" end_time="9:30:19 PM"  turn_no="244" dialog_act="" comm_act_type="" link_to="" pos="" pos_count="" pos_origin="" topic="" polarity="">i agree</turn>
<turn mode="chat" speaker="john" end_time="9:30:26 PM"  turn_no="245" dialog_act="" comm_act_type="" link_to="" pos="" pos_count="" pos_origin="" topic="" polarity="">virtual</turn>
<turn mode="chat" speaker="amy" end_time="9:30:27 PM"  turn_no="246" dialog_act="" comm_act_type="" link_to="" pos="" pos_count="" pos_origin="" topic="" polarity="">i worry about young people</turn>
<turn mode="chat" speaker="jordan" end_time="9:30:56 PM"  turn_no="247" dialog_act="" comm_act_type="" link_to="" pos="" pos_count="" pos_origin="" topic="" polarity="">people, even professor, ignore right spelling, punctuation, grammar,.... you name it.</turn>
<turn mode="chat" speaker="john" end_time="9:31:04 PM"  turn_no="248" dialog_act="" comm_act_type="" link_to="" pos="" pos_count="" pos_origin="" topic="" polarity="">sure, there are more and more conmmunication</turn>
<turn mode="chat" speaker="john" end_time="9:31:11 PM"  turn_no="249" dialog_act="" comm_act_type="" link_to="" pos="" pos_count="" pos_origin="" topic="" polarity="">sorry</turn>
<turn mode="chat" speaker="john" end_time="9:31:17 PM"  turn_no="250" dialog_act="" comm_act_type="" link_to="" pos="" pos_count="" pos_origin="" topic="" polarity="">less and less</turn>
<turn mode="chat" speaker="amy" end_time="9:31:27 PM"  turn_no="251" dialog_act="" comm_act_type="" link_to="" pos="" pos_count="" pos_origin="" topic="" polarity="">but that is not ignored when it comes to writing papers, etc</turn>
<turn mode="chat" speaker="amy" end_time="9:31:44 PM"  turn_no="252" dialog_act="" comm_act_type="" link_to="" pos="" pos_count="" pos_origin="" topic="" polarity="">so it's like there are two different ways of communicating (?)</turn>
<turn mode="chat" speaker="jordan" end_time="9:31:45 PM"  turn_no="253" dialog_act="" comm_act_type="" link_to="" pos="" pos_count="" pos_origin="" topic="" polarity="">right.</turn>
<turn mode="chat" speaker="john" end_time="9:31:52 PM"  turn_no="254" dialog_act="" comm_act_type="" link_to="" pos="" pos_count="" pos_origin="" topic="" polarity="">but they need more and more i mearn the youth</turn>
<turn mode="chat" speaker="amy" end_time="9:31:56 PM"  turn_no="255" dialog_act="" comm_act_type="" link_to="" pos="" pos_count="" pos_origin="" topic="" polarity="">pretty interesting</turn>
<turn mode="chat" speaker="jordan" end_time="9:32:09 PM"  turn_no="256" dialog_act="" comm_act_type="" link_to="" pos="" pos_count="" pos_origin="" topic="" polarity="">yes, two different ways of interacting.</turn>
<turn mode="chat" speaker="amy" end_time="9:32:12 PM"  turn_no="257" dialog_act="" comm_act_type="" link_to="" pos="" pos_count="" pos_origin="" topic="" polarity="">more of what john?</turn>
<turn mode="chat" speaker="john" end_time="9:32:47 PM"  turn_no="258" dialog_act="" comm_act_type="" link_to="" pos="" pos_count="" pos_origin="" topic="" polarity="">they need more and more face to face coummunication</turn>
<turn mode="chat" speaker="amy" end_time="9:32:56 PM"  turn_no="259" dialog_act="" comm_act_type="" link_to="" pos="" pos_count="" pos_origin="" topic="" polarity="">ohh</turn>
<turn mode="chat" speaker="amy" end_time="9:33:08 PM"  turn_no="260" dialog_act="" comm_act_type="" link_to="" pos="" pos_count="" pos_origin="" topic="" polarity="">i think it's important also</turn>
<turn mode="chat" speaker="jordan" end_time="9:33:29 PM"  turn_no="261" dialog_act="" comm_act_type="" link_to="" pos="" pos_count="" pos_origin="" topic="" polarity="">i once read students essays, written the way they chat on the internet.  i almost died of reading such things.</turn>
<turn mode="chat" speaker="amy" end_time="9:33:51 PM"  turn_no="262" dialog_act="" comm_act_type="" link_to="" pos="" pos_count="" pos_origin="" topic="" polarity="">oh that would be horrible to read!</turn>
<turn mode="chat" speaker="john" end_time="9:34:06 PM"  turn_no="263" dialog_act="" comm_act_type="" link_to="" pos="" pos_count="" pos_origin="" topic="" polarity="">hah yes</turn>
<turn mode="chat" speaker="amy" end_time="9:34:09 PM"  turn_no="264" dialog_act="" comm_act_type="" link_to="" pos="" pos_count="" pos_origin="" topic="" polarity="">never any complete sentences, acronyms</turn>
<turn mode="chat" speaker="amy" end_time="9:34:22 PM"  turn_no="265" dialog_act="" comm_act_type="" link_to="" pos="" pos_count="" pos_origin="" topic="" polarity="">jump from one topic to another</turn>
<turn mode="chat" speaker="john" end_time="9:34:41 PM"  turn_no="266" dialog_act="" comm_act_type="" link_to="" pos="" pos_count="" pos_origin="" topic="" polarity="">it is online language</turn>
<turn mode="chat" speaker="jordan" end_time="9:35:18 PM"  turn_no="267" dialog_act="" comm_act_type="" link_to="" pos="" pos_count="" pos_origin="" topic="" polarity="">but think this way. don't you think quite a few people are wrting much too awkwardly.</turn>
<turn mode="chat" speaker="amy" end_time="9:35:32 PM"  turn_no="268" dialog_act="" comm_act_type="" link_to="" pos="" pos_count="" pos_origin="" topic="" polarity="">john are you in the US now or somewhere else?</turn>
<turn mode="chat" speaker="jordan" end_time="9:35:42 PM"  turn_no="269" dialog_act="" comm_act_type="" link_to="" pos="" pos_count="" pos_origin="" topic="" polarity="">you know what "stop" mean ?</turn>
<turn mode="chat" speaker="amy" end_time="9:35:46 PM"  turn_no="270" dialog_act="" comm_act_type="" link_to="" pos="" pos_count="" pos_origin="" topic="" polarity="">online or on paper, jordan?</turn>
<turn mode="chat" speaker="jordan" end_time="9:36:01 PM"  turn_no="271" dialog_act="" comm_act_type="" link_to="" pos="" pos_count="" pos_origin="" topic="" polarity="">online.</turn>
<turn mode="chat" speaker="john" end_time="9:36:11 PM"  turn_no="272" dialog_act="" comm_act_type="" link_to="" pos="" pos_count="" pos_origin="" topic="" polarity="">i am in philadelphia now</turn>
<turn mode="chat" speaker="amy" end_time="9:36:20 PM"  turn_no="273" dialog_act="" comm_act_type="" link_to="" pos="" pos_count="" pos_origin="" topic="" polarity="">so you think they write awkward when writing online?</turn>
<turn mode="chat" speaker="amy" end_time="9:36:44 PM"  turn_no="274" dialog_act="" comm_act_type="" link_to="" pos="" pos_count="" pos_origin="" topic="" polarity="">i was just curious because that would have been really interesting if you were somewhere else in the world   : )</turn>
<turn mode="chat" speaker="jordan" end_time="9:36:48 PM"  turn_no="275" dialog_act="" comm_act_type="" link_to="" pos="" pos_count="" pos_origin="" topic="" polarity="">acronym for same time old place. used for rendesvouz......Ha</turn>
<turn mode="chat" speaker="john" end_time="9:36:58 PM"  turn_no="276" dialog_act="" comm_act_type="" link_to="" pos="" pos_count="" pos_origin="" topic="" polarity="">seam time old place</turn>
<turn mode="chat" speaker="amy" end_time="9:37:22 PM"  turn_no="277" dialog_act="" comm_act_type="" link_to="" pos="" pos_count="" pos_origin="" topic="" polarity="">oh i just got that-  never heard that before</turn>
<turn mode="chat" speaker="john" end_time="9:37:33 PM"  turn_no="278" dialog_act="" comm_act_type="" link_to="" pos="" pos_count="" pos_origin="" topic="" polarity="">also the same situation in chinese i think,haha</turn>
<turn mode="chat" speaker="jordan" end_time="9:38:17 PM"  turn_no="279" dialog_act="" comm_act_type="" link_to="" pos="" pos_count="" pos_origin="" topic="" polarity="">How can that happen? How can CHinese be used as acronyms?</turn>
<turn mode="chat" speaker="jordan" end_time="9:39:30 PM"  turn_no="280" dialog_act="" comm_act_type="" link_to="" pos="" pos_count="" pos_origin="" topic="" polarity="">another, quite differnt system of writing and speaking, i think.</turn>
<turn mode="chat" speaker="john" end_time="9:39:52 PM"  turn_no="281" dialog_act="" comm_act_type="" link_to="" pos="" pos_count="" pos_origin="" topic="" polarity="">one of my american friend told me even she can't understand what her daughter said sometimes</turn>
<turn mode="chat" speaker="jordan" end_time="9:40:21 PM"  turn_no="282" dialog_act="" comm_act_type="" link_to="" pos="" pos_count="" pos_origin="" topic="" polarity="">well, it's fun talking about so many things</turn>
<turn mode="chat" speaker="jordan" end_time="9:40:39 PM"  turn_no="283" dialog_act="" comm_act_type="" link_to="" pos="" pos_count="" pos_origin="" topic="" polarity="">with people from all over America.</turn>
<turn mode="chat" speaker="amy" end_time="9:40:40 PM"  turn_no="284" dialog_act="" comm_act_type="" link_to="" pos="" pos_count="" pos_origin="" topic="" polarity="">i've seen the translation written for parents so they can learn about what their kids write about</turn>
<turn mode="chat" speaker="amy" end_time="9:40:56 PM"  turn_no="285" dialog_act="" comm_act_type="" link_to="" pos="" pos_count="" pos_origin="" topic="" polarity="">where are you james?</turn>
<turn mode="chat" speaker="jordan" end_time="9:41:01 PM"  turn_no="286" dialog_act="" comm_act_type="" link_to="" pos="" pos_count="" pos_origin="" topic="" polarity="">oh?</turn>
<turn mode="chat" speaker="jordan" end_time="9:41:29 PM"  turn_no="287" dialog_act="" comm_act_type="" link_to="" pos="" pos_count="" pos_origin="" topic="" polarity="">UPenn</turn>
<turn mode="chat" speaker="amy" end_time="9:41:35 PM"  turn_no="288" dialog_act="" comm_act_type="" link_to="" pos="" pos_count="" pos_origin="" topic="" polarity="">yeah- because kids might be getting into trouble</turn>
<turn mode="chat" speaker="john" end_time="9:42:26 PM"  turn_no="289" dialog_act="" comm_act_type="" link_to="" pos="" pos_count="" pos_origin="" topic="" polarity="">it is interesting use online language in the real world</turn>
<turn mode="chat" speaker="jordan" end_time="9:42:48 PM"  turn_no="290" dialog_act="" comm_act_type="" link_to="" pos="" pos_count="" pos_origin="" topic="" polarity="">looking back at what we have written, i see we three are in favor of correct english, aren't we?</turn>
<turn mode="chat" speaker="amy" end_time="9:42:50 PM"  turn_no="291" dialog_act="" comm_act_type="" link_to="" pos="" pos_count="" pos_origin="" topic="" polarity="">wouldnt people think you're crazy if that happened?  online lang in real world?</turn>
<turn mode="chat" speaker="amy" end_time="9:43:12 PM"  turn_no="292" dialog_act="" comm_act_type="" link_to="" pos="" pos_count="" pos_origin="" topic="" polarity="">correct english online?</turn>
<turn mode="chat" speaker="jordan" end_time="9:43:14 PM"  turn_no="293" dialog_act="" comm_act_type="" link_to="" pos="" pos_count="" pos_origin="" topic="" polarity="">sure.</turn>
<turn mode="chat" speaker="john" end_time="9:43:26 PM"  turn_no="294" dialog_act="" comm_act_type="" link_to="" pos="" pos_count="" pos_origin="" topic="" polarity="">sure i think so hhah</turn>
<turn mode="chat" speaker="amy" end_time="9:43:32 PM"  turn_no="295" dialog_act="" comm_act_type="" link_to="" pos="" pos_count="" pos_origin="" topic="" polarity="">yeah but i can understand the need to use acronyms or to shorten things up</turn>
<turn mode="chat" speaker="john" end_time="9:43:44 PM"  turn_no="296" dialog_act="" comm_act_type="" link_to="" pos="" pos_count="" pos_origin="" topic="" polarity="">but it helps sometimes</turn>
<turn mode="chat" speaker="jordan" end_time="9:43:52 PM"  turn_no="297" dialog_act="" comm_act_type="" link_to="" pos="" pos_count="" pos_origin="" topic="" polarity="">well, i understand too.</turn>
<turn mode="chat" speaker="jordan" end_time="9:44:05 PM"  turn_no="298" dialog_act="" comm_act_type="" link_to="" pos="" pos_count="" pos_origin="" topic="" polarity="">iut</turn>
<turn mode="chat" speaker="jordan" end_time="9:44:26 PM"  turn_no="299" dialog_act="" comm_act_type="" link_to="" pos="" pos_count="" pos_origin="" topic="" polarity="">know what i meant?</turn>
<turn mode="chat" speaker="john" end_time="9:44:30 PM"  turn_no="300" dialog_act="" comm_act_type="" link_to="" pos="" pos_count="" pos_origin="" topic="" polarity="">yes maybe we need some acronyms sometimes</turn>
<turn mode="chat" speaker="amy" end_time="9:44:30 PM"  turn_no="301" dialog_act="" comm_act_type="" link_to="" pos="" pos_count="" pos_origin="" topic="" polarity="">i would hope kids are not online so much though that they get that kind of quick language instilled in them</turn>
<turn mode="chat" speaker="john" end_time="9:44:56 PM"  turn_no="302" dialog_act="" comm_act_type="" link_to="" pos="" pos_count="" pos_origin="" topic="" polarity="">sure</turn>
<turn mode="chat" speaker="amy" end_time="9:45:27 PM"  turn_no="303" dialog_act="" comm_act_type="" link_to="" pos="" pos_count="" pos_origin="" topic="" polarity="">when i text message people i tend to come up with my own words   lol</turn>
<turn mode="chat" speaker="amy" end_time="9:45:38 PM"  turn_no="304" dialog_act="" comm_act_type="" link_to="" pos="" pos_count="" pos_origin="" topic="" polarity="">bc its difficult for me to type the letters</turn>
<turn mode="chat" speaker="jordan" end_time="9:45:40 PM"  turn_no="305" dialog_act="" comm_act_type="" link_to="" pos="" pos_count="" pos_origin="" topic="" polarity="">yes u r right, "instill" is the very right word for the whole process, amy. they get everything, good or bad, instilled.</turn>
<turn mode="chat" speaker="jordan" end_time="9:45:43 PM"  turn_no="306" dialog_act="" comm_act_type="" link_to="" pos="" pos_count="" pos_origin="" topic="" polarity="">without knowing it.</turn>
<turn mode="chat" speaker="john" end_time="9:46:16 PM"  turn_no="307" dialog_act="" comm_act_type="" link_to="" pos="" pos_count="" pos_origin="" topic="" polarity="">absolutly</turn>
<turn mode="chat" speaker="jordan" end_time="9:46:18 PM"  turn_no="308" dialog_act="" comm_act_type="" link_to="" pos="" pos_count="" pos_origin="" topic="" polarity="">letters?</turn>
<turn mode="chat" speaker="amy" end_time="9:46:20 PM"  turn_no="309" dialog_act="" comm_act_type="" link_to="" pos="" pos_count="" pos_origin="" topic="" polarity="">u r right   you just used online language   haha</turn>
<turn mode="chat" speaker="jordan" end_time="9:46:52 PM"  turn_no="310" dialog_act="" comm_act_type="" link_to="" pos="" pos_count="" pos_origin="" topic="" polarity="">do you mean ABC, or mil?</turn>
<turn mode="chat" speaker="jordan" end_time="9:47:02 PM"  turn_no="311" dialog_act="" comm_act_type="" link_to="" pos="" pos_count="" pos_origin="" topic="" polarity="">maiil</turn>
<turn mode="chat" speaker="jordan" end_time="9:47:04 PM"  turn_no="312" dialog_act="" comm_act_type="" link_to="" pos="" pos_count="" pos_origin="" topic="" polarity="">sorry, mail</turn>
<turn mode="chat" speaker="jordan" end_time="9:47:40 PM"  turn_no="313" dialog_act="" comm_act_type="" link_to="" pos="" pos_count="" pos_origin="" topic="" polarity="">heeee! i can still corrcect myself.</turn>
<turn mode="chat" speaker="amy" end_time="9:47:49 PM"  turn_no="314" dialog_act="" comm_act_type="" link_to="" pos="" pos_count="" pos_origin="" topic="" polarity="">i'm so lost</turn>
<turn mode="chat" speaker="jordan" end_time="9:48:06 PM"  turn_no="315" dialog_act="" comm_act_type="" link_to="" pos="" pos_count="" pos_origin="" topic="" polarity="">Will you two be online tomorrow?</turn>
<turn mode="chat" speaker="john" end_time="9:48:18 PM"  turn_no="316" dialog_act="" comm_act_type="" link_to="" pos="" pos_count="" pos_origin="" topic="" polarity="">yes i think so</turn>
<turn mode="chat" speaker="amy" end_time="9:48:18 PM"  turn_no="317" dialog_act="" comm_act_type="" link_to="" pos="" pos_count="" pos_origin="" topic="" polarity="">i will be</turn>
<turn mode="chat" speaker="amy" end_time="9:48:33 PM"  turn_no="318" dialog_act="" comm_act_type="" link_to="" pos="" pos_count="" pos_origin="" topic="" polarity="">it looks like we hit our mark-  10pm</turn>
<turn mode="chat" speaker="jordan" end_time="9:48:54 PM"  turn_no="319" dialog_act="" comm_act_type="" link_to="" pos="" pos_count="" pos_origin="" topic="" polarity="">should we say bye to the manager?</turn>
<turn mode="chat" speaker="amy" end_time="9:49:00 PM"  turn_no="320" dialog_act="" comm_act_type="" link_to="" pos="" pos_count="" pos_origin="" topic="" polarity="">lol</turn>
<turn mode="chat" speaker="amy" end_time="9:49:08 PM"  turn_no="321" dialog_act="" comm_act_type="" link_to="" pos="" pos_count="" pos_origin="" topic="" polarity="">go ahead</turn>
<turn mode="chat" speaker="john" end_time="9:49:17 PM"  turn_no="322" dialog_act="" comm_act_type="" link_to="" pos="" pos_count="" pos_origin="" topic="" polarity="">haha</turn>
<turn mode="chat" speaker="amy" end_time="9:49:22 PM"  turn_no="323" dialog_act="" comm_act_type="" link_to="" pos="" pos_count="" pos_origin="" topic="" polarity="">i'll say g'night to both of you also-  see ya tomorrow</turn>
<turn mode="chat" speaker="jordan" end_time="9:49:30 PM"  turn_no="324" dialog_act="" comm_act_type="" link_to="" pos="" pos_count="" pos_origin="" topic="" polarity="">c u</turn>
<turn mode="chat" speaker="john" end_time="9:49:46 PM"  turn_no="325" dialog_act="" comm_act_type="" link_to="" pos="" pos_count="" pos_origin="" topic="" polarity="">anyway we had a good chat tonight right?</turn>
<turn mode="chat" speaker="john" end_time="9:49:46 PM"  turn_no="326" dialog_act="" comm_act_type="" link_to="" pos="" pos_count="" pos_origin="" topic="" polarity=""></turn>
<turn mode="chat" speaker="john" end_time="9:49:57 PM"  turn_no="327" dialog_act="" comm_act_type="" link_to="" pos="" pos_count="" pos_origin="" topic="" polarity="">see you</turn>
<turn mode="chat" speaker="jordan" end_time="9:50:04 PM"  turn_no="328" dialog_act="" comm_act_type="" link_to="" pos="" pos_count="" pos_origin="" topic="" polarity="">absolutely.</turn>
</Dialogue>
