<?xml version="1.0" encoding="UTF-8" ?>
<Dialogue date="2009-03-21" > 
<turn mode="chat" speaker="vincent" end_time="1:03:25 PM" turn_no="3" dialog_act="" comm_act_type="" link_to="" pos="" pos_count="" pos_origin="" topic="" polarity="">Hi mara.</turn>
<turn mode="chat" speaker="mara" end_time="1:03:26 PM" turn_no="4" dialog_act="" comm_act_type="" link_to="" pos="" pos_count="" pos_origin="" topic="" polarity="">hi vincent</turn>
<turn mode="chat" speaker="mara" end_time="1:03:28 PM" turn_no="5" dialog_act="" comm_act_type="" link_to="" pos="" pos_count="" pos_origin="" topic="" polarity="">ha</turn>
<turn mode="chat" speaker="vincent" end_time="1:03:38 PM" turn_no="6" dialog_act="" comm_act_type="" link_to="" pos="" pos_count="" pos_origin="" topic="" polarity="">I'm at a spot w/ slow connection, took me forever to log in.</turn>
<turn mode="chat" speaker="vincent" end_time="1:03:43 PM" turn_no="7" dialog_act="" comm_act_type="" link_to="" pos="" pos_count="" pos_origin="" topic="" polarity="">where is everyone?</turn>
<turn mode="chat" speaker="mara" end_time="1:04:06 PM" turn_no="8" dialog_act="" comm_act_type="" link_to="" pos="" pos_count="" pos_origin="" topic="" polarity="">oh that's too bad</turn>
<turn mode="chat" speaker="rachael" end_time="1:04:10 PM" turn_no="9" dialog_act="" comm_act_type="" link_to="" pos="" pos_count="" pos_origin="" topic="" polarity="">Well, one more person is here.</turn>
<turn mode="chat" speaker="mara" end_time="1:04:12 PM" turn_no="10" dialog_act="" comm_act_type="" link_to="" pos="" pos_count="" pos_origin="" topic="" polarity="">im not sure... Hi rachael</turn>
<turn mode="chat" speaker="rachael" end_time="1:04:26 PM" turn_no="11" dialog_act="" comm_act_type="" link_to="" pos="" pos_count="" pos_origin="" topic="" polarity="">Hi folks!</turn>
<turn mode="chat" speaker="vincent" end_time="1:04:44 PM" turn_no="12" dialog_act="" comm_act_type="" link_to="" pos="" pos_count="" pos_origin="" topic="" polarity="">hey rachael, how's it going?</turn>
<turn mode="chat" speaker="mara" end_time="1:05:00 PM" turn_no="13" dialog_act="" comm_act_type="" link_to="" pos="" pos_count="" pos_origin="" topic="" polarity="">moderator sent me an e-mail about being the discussion leader today</turn>
<turn mode="chat" speaker="vincent" end_time="1:05:14 PM" turn_no="14" dialog_act="" comm_act_type="" link_to="" pos="" pos_count="" pos_origin="" topic="" polarity="">cool... lead the way.</turn>
<turn mode="chat" speaker="vincent" end_time="1:05:32 PM" turn_no="15" dialog_act="" comm_act_type="" link_to="" pos="" pos_count="" pos_origin="" topic="" polarity="">should we wait for a few more?</turn>
<turn mode="chat" speaker="rachael" end_time="1:05:32 PM" turn_no="16" dialog_act="" comm_act_type="" link_to="" pos="" pos_count="" pos_origin="" topic="" polarity="">Well, I've been doing errands.  I'm not sure what our topic is for today. Oh, I see mara knows.</turn>
<turn mode="chat" speaker="mara" end_time="1:05:33 PM" turn_no="17" dialog_act="" comm_act_type="" link_to="" pos="" pos_count="" pos_origin="" topic="" polarity="">anyone want to pose topics? we can start with us and if people come in they can just join in... we can fill them in</turn>
<turn mode="chat" speaker="vincent" end_time="1:06:28 PM" turn_no="18" dialog_act="" comm_act_type="" link_to="" pos="" pos_count="" pos_origin="" topic="" polarity="">Hm, I'm up for anything.  (it's 10am out here, I just woke up!)</turn>
<turn mode="chat" speaker="mara" end_time="1:06:38 PM" turn_no="19" dialog_act="" comm_act_type="" link_to="" pos="" pos_count="" pos_origin="" topic="" polarity="">nice!</turn>
<turn mode="chat" speaker="rachael" end_time="1:07:07 PM" turn_no="20" dialog_act="" comm_act_type="" link_to="" pos="" pos_count="" pos_origin="" topic="" polarity="">Where's "out here?"</turn>
<turn mode="chat" speaker="mara" end_time="1:07:07 PM" turn_no="21" dialog_act="" comm_act_type="" link_to="" pos="" pos_count="" pos_origin="" topic="" polarity="">well are you guys into pop culture at all... its been all over the news about chris brown and rhianna</turn>
<turn mode="chat" speaker="vincent" end_time="1:07:28 PM" turn_no="22" dialog_act="" comm_act_type="" link_to="" pos="" pos_count="" pos_origin="" topic="" polarity="">I'm a West Coaster... I live in Seattle, but I'm currently in Oakland, CA</turn>
<turn mode="chat" speaker="mara" end_time="1:07:31 PM" turn_no="23" dialog_act="" comm_act_type="" link_to="" pos="" pos_count="" pos_origin="" topic="" polarity="">i thought we could start there if you are interested, and maybe do more about tabloids and stuff</turn>
<turn mode="chat" speaker="vincent" end_time="1:07:51 PM" turn_no="24" dialog_act="" comm_act_type="" link_to="" pos="" pos_count="" pos_origin="" topic="" polarity="">sure... I don't know too much about celebrities, but I'm pretty into hip-hop, so I know this particular story</turn>
<turn mode="chat" speaker="rachael" end_time="1:08:10 PM" turn_no="25" dialog_act="" comm_act_type="" link_to="" pos="" pos_count="" pos_origin="" topic="" polarity="">I avoided reading about that story.  Sounded too sad and sordid.</turn>
<turn mode="chat" speaker="vincent" end_time="1:08:30 PM" turn_no="26" dialog_act="" comm_act_type="" link_to="" pos="" pos_count="" pos_origin="" topic="" polarity="">Yeah... she got back together with him?  that's the last I heard.</turn>
<turn mode="chat" speaker="mara" end_time="1:08:59 PM" turn_no="27" dialog_act="" comm_act_type="" link_to="" pos="" pos_count="" pos_origin="" topic="" polarity="">yeah did you hear about the convention that diddy did for them</turn>
<turn mode="chat" speaker="mara" end_time="1:09:01 PM" turn_no="28" dialog_act="" comm_act_type="" link_to="" pos="" pos_count="" pos_origin="" topic="" polarity="">?</turn>
<turn mode="chat" speaker="vincent" end_time="1:09:07 PM" turn_no="29" dialog_act="" comm_act_type="" link_to="" pos="" pos_count="" pos_origin="" topic="" polarity="">convention?</turn>
<turn mode="chat" speaker="mara" end_time="1:09:37 PM" turn_no="30" dialog_act="" comm_act_type="" link_to="" pos="" pos_count="" pos_origin="" topic="" polarity="">yeah he invited them both to his house and then helped them talk through it</turn>
<turn mode="chat" speaker="vincent" end_time="1:09:39 PM" turn_no="31" dialog_act="" comm_act_type="" link_to="" pos="" pos_count="" pos_origin="" topic="" polarity="">I guess not.</turn>
<turn mode="chat" speaker="mara" end_time="1:09:49 PM" turn_no="32" dialog_act="" comm_act_type="" link_to="" pos="" pos_count="" pos_origin="" topic="" polarity="">i guess JayZ was pretty upset about Diddy doing that</turn>
<turn mode="chat" speaker="mara" end_time="1:10:10 PM" turn_no="33" dialog_act="" comm_act_type="" link_to="" pos="" pos_count="" pos_origin="" topic="" polarity="">I thought you might know the connections thats all vincent.  they are all very close in this industry</turn>
<turn mode="chat" speaker="vincent" end_time="1:10:19 PM" turn_no="34" dialog_act="" comm_act_type="" link_to="" pos="" pos_count="" pos_origin="" topic="" polarity="">Jay-Z thought she should leave him?</turn>
<turn mode="chat" speaker="mara" end_time="1:10:46 PM" turn_no="35" dialog_act="" comm_act_type="" link_to="" pos="" pos_count="" pos_origin="" topic="" polarity="">rachael, what stories do you read about?</turn>
<turn mode="chat" speaker="mara" end_time="1:11:26 PM" turn_no="36" dialog_act="" comm_act_type="" link_to="" pos="" pos_count="" pos_origin="" topic="" polarity="">im not sure what JayZ thought about the hole thing</turn>
<turn mode="chat" speaker="vincent" end_time="1:11:51 PM" turn_no="37" dialog_act="" comm_act_type="" link_to="" pos="" pos_count="" pos_origin="" topic="" polarity="">I just did a quick google, he called CB a "walking dead man"</turn>
<turn mode="chat" speaker="mara" end_time="1:11:52 PM" turn_no="38" dialog_act="" comm_act_type="" link_to="" pos="" pos_count="" pos_origin="" topic="" polarity="">i guess hes just not a big fan of abuse in relationships and didnt think they needed to resolve this yet</turn>
<turn mode="chat" speaker="mara" end_time="1:12:15 PM" turn_no="39" dialog_act="" comm_act_type="" link_to="" pos="" pos_count="" pos_origin="" topic="" polarity="">see thing are crazy</turn>
<turn mode="chat" speaker="vincent" end_time="1:12:29 PM" turn_no="40" dialog_act="" comm_act_type="" link_to="" pos="" pos_count="" pos_origin="" topic="" polarity="">I also just downloaded this Ghostface (from Wu-Tang) song called "message from ghost" that's pro-Rhianna</turn>
<turn mode="chat" speaker="mara" end_time="1:12:39 PM" turn_no="41" dialog_act="" comm_act_type="" link_to="" pos="" pos_count="" pos_origin="" topic="" polarity="">i mean people have completely stopped playing his music... most of the mainstream channels anyway</turn>
<turn mode="chat" speaker="mara" end_time="1:13:09 PM" turn_no="42" dialog_act="" comm_act_type="" link_to="" pos="" pos_count="" pos_origin="" topic="" polarity="">So what do you think about the effects of this sort of news..?</turn>
<turn mode="chat" speaker="vincent" end_time="1:13:19 PM" turn_no="43" dialog_act="" comm_act_type="" link_to="" pos="" pos_count="" pos_origin="" topic="" polarity="">blacklist, that's intense.  and cool that people would stop playing money-making stuff on a principle.  you don't get that in the music industry much</turn>
<turn mode="chat" speaker="rachael" end_time="1:13:25 PM" turn_no="44" dialog_act="" comm_act_type="" link_to="" pos="" pos_count="" pos_origin="" topic="" polarity="">Not these, I'm afraid.  As I said, sad and sordid.  I had the impression that an abusive relationship was being made into hot news, when the emphasis should be on the total unacceptability of abuse.</turn>
<turn mode="chat" speaker="mara" end_time="1:13:40 PM" turn_no="45" dialog_act="" comm_act_type="" link_to="" pos="" pos_count="" pos_origin="" topic="" polarity="">I just cant help but think about all the women in America that this happens to, but only the ones who get reported on get any attention</turn>
<turn mode="chat" speaker="vincent" end_time="1:14:04 PM" turn_no="46" dialog_act="" comm_act_type="" link_to="" pos="" pos_count="" pos_origin="" topic="" polarity="">I hear that, the conversation become more about the celebrities than the themes or issues.</turn>
<turn mode="chat" speaker="vincent" end_time="1:14:17 PM" turn_no="47" dialog_act="" comm_act_type="" link_to="" pos="" pos_count="" pos_origin="" topic="" polarity="">*becomes</turn>
<turn mode="chat" speaker="mara" end_time="1:14:30 PM" turn_no="48" dialog_act="" comm_act_type="" link_to="" pos="" pos_count="" pos_origin="" topic="" polarity="">i agree rachael.  If you look into the past you can start to see a sort of sequence with this abuse and the news... Tina Turner</turn>
<turn mode="chat" speaker="rachael" end_time="1:14:47 PM" turn_no="49" dialog_act="" comm_act_type="" link_to="" pos="" pos_count="" pos_origin="" topic="" polarity="">That's true.  But the attention in this message in this case didbn't seem to be what I would expect: get away and get help.  And stay away.</turn>
<turn mode="chat" speaker="mara" end_time="1:15:18 PM" turn_no="50" dialog_act="" comm_act_type="" link_to="" pos="" pos_count="" pos_origin="" topic="" polarity="">hmm well I think conflict resolution is much more difficult</turn>
<turn mode="chat" speaker="mara" end_time="1:15:22 PM" turn_no="51" dialog_act="" comm_act_type="" link_to="" pos="" pos_count="" pos_origin="" topic="" polarity="">"she loves him"</turn>
<turn mode="chat" speaker="vincent" end_time="1:15:46 PM" turn_no="52" dialog_act="" comm_act_type="" link_to="" pos="" pos_count="" pos_origin="" topic="" polarity="">more difficult than leaving?</turn>
<turn mode="chat" speaker="mara" end_time="1:16:01 PM" turn_no="53" dialog_act="" comm_act_type="" link_to="" pos="" pos_count="" pos_origin="" topic="" polarity="">yeah i guess</turn>
<turn mode="chat" speaker="rachael" end_time="1:16:04 PM" turn_no="54" dialog_act="" comm_act_type="" link_to="" pos="" pos_count="" pos_origin="" topic="" polarity="">How can there be love in an abusive relationship?  Dependency, maybe.</turn>
<turn mode="chat" speaker="vincent" end_time="1:16:17 PM" turn_no="55" dialog_act="" comm_act_type="" link_to="" pos="" pos_count="" pos_origin="" topic="" polarity="">probably in some senses harder, yeah, but it sort of doesn't "punish" the behavior</turn>
<turn mode="chat" speaker="vincent" end_time="1:16:42 PM" turn_no="56" dialog_act="" comm_act_type="" link_to="" pos="" pos_count="" pos_origin="" topic="" polarity="">the message to the abuser is "do what you want, then say you're sorry and you'll be fine"</turn>
<turn mode="chat" speaker="mara" end_time="1:17:12 PM" turn_no="57" dialog_act="" comm_act_type="" link_to="" pos="" pos_count="" pos_origin="" topic="" polarity="">I htink that many women have it instilled in them that "it wont happen to me" "if it does, I must have done something to provoke it, push his buttons"</turn>
<turn mode="chat" speaker="rachael" end_time="1:17:38 PM" turn_no="58" dialog_act="" comm_act_type="" link_to="" pos="" pos_count="" pos_origin="" topic="" polarity="">I have read that someone manipulative enough to maintain in which she/he is abusive is also manipulatuve enough to make it through any number of reconciliation sessions with the requisite numbers of "Baby, I'm sorrys..."</turn>
<turn mode="chat" speaker="mara" end_time="1:17:54 PM" turn_no="59" dialog_act="" comm_act_type="" link_to="" pos="" pos_count="" pos_origin="" topic="" polarity="">i agree vincent, but is this because of the woman's role in the relationship that this sort of thing happens</turn>
<turn mode="chat" speaker="rachael" end_time="1:18:06 PM" turn_no="60" dialog_act="" comm_act_type="" link_to="" pos="" pos_count="" pos_origin="" topic="" polarity="">Sorry; I left out "a relationsuip" after "maintain."</turn>
<turn mode="chat" speaker="mara" end_time="1:19:05 PM" turn_no="61" dialog_act="" comm_act_type="" link_to="" pos="" pos_count="" pos_origin="" topic="" polarity="">i can see that being true thats for sure</turn>
<turn mode="chat" speaker="vincent" end_time="1:19:08 PM" turn_no="62" dialog_act="" comm_act_type="" link_to="" pos="" pos_count="" pos_origin="" topic="" polarity="">I guess the traditional role, yes.  Like if you think about how, traditionally, women are supposed to "clean up messes," ...take that further, to psychological messes, etc, and she's just supposed to sort of wipe that away</turn>
<turn mode="chat" speaker="rachael" end_time="1:19:48 PM" turn_no="63" dialog_act="" comm_act_type="" link_to="" pos="" pos_count="" pos_origin="" topic="" polarity="">Sorry about the typing errors.  There is a book called, I think, Why Does He Do That? about abusive relationships.  Ithink.  Not much chance of change.</turn>
<turn mode="chat" speaker="vincent" end_time="1:20:01 PM" turn_no="64" dialog_act="" comm_act_type="" link_to="" pos="" pos_count="" pos_origin="" topic="" polarity="">statistically?</turn>
<turn mode="chat" speaker="mara" end_time="1:20:01 PM" turn_no="65" dialog_act="" comm_act_type="" link_to="" pos="" pos_count="" pos_origin="" topic="" polarity="">right, i think thats close enough to what research shows</turn>
<turn mode="chat" speaker="rachael" end_time="1:20:49 PM" turn_no="66" dialog_act="" comm_act_type="" link_to="" pos="" pos_count="" pos_origin="" topic="" polarity="">"It's my fault because I made him angry.</turn>
<turn mode="chat" speaker="rachael" end_time="1:21:01 PM" turn_no="67" dialog_act="" comm_act_type="" link_to="" pos="" pos_count="" pos_origin="" topic="" polarity="">That always worries me.</turn>
<turn mode="chat" speaker="vincent" end_time="1:21:18 PM" turn_no="68" dialog_act="" comm_act_type="" link_to="" pos="" pos_count="" pos_origin="" topic="" polarity="">yeah, that's the only "rational" explanation for a totally irrational situation... it must be me</turn>
<turn mode="chat" speaker="mara" end_time="1:21:22 PM" turn_no="69" dialog_act="" comm_act_type="" link_to="" pos="" pos_count="" pos_origin="" topic="" polarity="">so what are the implications on society when we read "sad stories" like this abusive one with Rhianna and Chris Brown... we see them working it out and getting back together.. What does this teach us</turn>
<turn mode="chat" speaker="vincent" end_time="1:21:34 PM" turn_no="70" dialog_act="" comm_act_type="" link_to="" pos="" pos_count="" pos_origin="" topic="" polarity="">if you try to make sense of it it just won't, so you force the blame on yourself...</turn>
<turn mode="chat" speaker="rachael" end_time="1:21:53 PM" turn_no="71" dialog_act="" comm_act_type="" link_to="" pos="" pos_count="" pos_origin="" topic="" polarity="">It teaches us about the path to OJ and Nicole!</turn>
<turn mode="chat" speaker="vincent" end_time="1:21:55 PM" turn_no="72" dialog_act="" comm_act_type="" link_to="" pos="" pos_count="" pos_origin="" topic="" polarity="">I don't know... how different is this from other similar stories?</turn>
<turn mode="chat" speaker="mara" end_time="1:21:58 PM" turn_no="73" dialog_act="" comm_act_type="" link_to="" pos="" pos_count="" pos_origin="" topic="" polarity="">i can help but think it furthers this sequence and adds to women wanting to work things out, or thinking they should yaknow?</turn>
<turn mode="chat" speaker="vincent" end_time="1:22:01 PM" turn_no="74" dialog_act="" comm_act_type="" link_to="" pos="" pos_count="" pos_origin="" topic="" polarity="">good</turn>
<turn mode="chat" speaker="vincent" end_time="1:22:21 PM" turn_no="75" dialog_act="" comm_act_type="" link_to="" pos="" pos_count="" pos_origin="" topic="" polarity="">yeah, like maybe it could be even spun as weirdly romantic?</turn>
<turn mode="chat" speaker="vincent" end_time="1:22:36 PM" turn_no="76" dialog_act="" comm_act_type="" link_to="" pos="" pos_count="" pos_origin="" topic="" polarity="">I meant good OJ joke</turn>
<turn mode="chat" speaker="rachael" end_time="1:22:39 PM" turn_no="77" dialog_act="" comm_act_type="" link_to="" pos="" pos_count="" pos_origin="" topic="" polarity="">Is it different from similar stories?  I really didn't follow it.</turn>
<turn mode="chat" speaker="mara" end_time="1:23:13 PM" turn_no="78" dialog_act="" comm_act_type="" link_to="" pos="" pos_count="" pos_origin="" topic="" polarity="">im not sure... i think there is toomuch left out of it to be honest</turn>
<turn mode="chat" speaker="vincent" end_time="1:23:27 PM" turn_no="79" dialog_act="" comm_act_type="" link_to="" pos="" pos_count="" pos_origin="" topic="" polarity="">hm "be like this cool famous singer and stay with your abusive boyfriend" ?</turn>
<turn mode="chat" speaker="mara" end_time="1:23:41 PM" turn_no="80" dialog_act="" comm_act_type="" link_to="" pos="" pos_count="" pos_origin="" topic="" polarity="">i just feel if hollywood is going to talk about these things, they need to give more information because it can be very misleading to us</turn>
<turn mode="chat" speaker="rachael" end_time="1:23:55 PM" turn_no="81" dialog_act="" comm_act_type="" link_to="" pos="" pos_count="" pos_origin="" topic="" polarity="">I understand that the danger of thinking it romantic is especially appealing (and threatening) to teenagers.</turn>
<turn mode="chat" speaker="vincent" end_time="1:24:32 PM" turn_no="82" dialog_act="" comm_act_type="" link_to="" pos="" pos_count="" pos_origin="" topic="" polarity="">totally, I mean suicidal infatuation (romeo and juliet) is supposed to be the most romantic thing ever.</turn>
<turn mode="chat" speaker="mara" end_time="1:24:45 PM" turn_no="83" dialog_act="" comm_act_type="" link_to="" pos="" pos_count="" pos_origin="" topic="" polarity="">wow, we are going as far as to say it can be romantic now, in that weird sort of way?</turn>
<turn mode="chat" speaker="rachael" end_time="1:24:51 PM" turn_no="84" dialog_act="" comm_act_type="" link_to="" pos="" pos_count="" pos_origin="" topic="" polarity="">Not much future in it.</turn>
<turn mode="chat" speaker="vincent" end_time="1:24:59 PM" turn_no="85" dialog_act="" comm_act_type="" link_to="" pos="" pos_count="" pos_origin="" topic="" polarity="">I think it could be spun that way, in the stories.</turn>
<turn mode="chat" speaker="mara" end_time="1:25:22 PM" turn_no="86" dialog_act="" comm_act_type="" link_to="" pos="" pos_count="" pos_origin="" topic="" polarity="">hmm... i find that very interesting</turn>
<turn mode="chat" speaker="mara" end_time="1:26:14 PM" turn_no="87" dialog_act="" comm_act_type="" link_to="" pos="" pos_count="" pos_origin="" topic="" polarity="">how about those choking games that teenage boys are known to play?</turn>
<turn mode="chat" speaker="vincent" end_time="1:26:20 PM" turn_no="88" dialog_act="" comm_act_type="" link_to="" pos="" pos_count="" pos_origin="" topic="" polarity="">Hollywood has romanticized suicide, murder, heroin, etc... I wouldn't be surprised.</turn>
<turn mode="chat" speaker="rachael" end_time="1:26:20 PM" turn_no="89" dialog_act="" comm_act_type="" link_to="" pos="" pos_count="" pos_origin="" topic="" polarity="">I can't see enobling abuse by thinking of it as romantic in any way.</turn>
<turn mode="chat" speaker="rachael" end_time="1:27:17 PM" turn_no="90" dialog_act="" comm_act_type="" link_to="" pos="" pos_count="" pos_origin="" topic="" polarity="">That's a conversation stopper.</turn>
<turn mode="chat" speaker="vincent" end_time="1:27:30 PM" turn_no="91" dialog_act="" comm_act_type="" link_to="" pos="" pos_count="" pos_origin="" topic="" polarity="">it's pretty heavy</turn>
<turn mode="chat" speaker="vincent" end_time="1:27:54 PM" turn_no="92" dialog_act="" comm_act_type="" link_to="" pos="" pos_count="" pos_origin="" topic="" polarity="">choking games? like when the pass out?</turn>
<turn mode="chat" speaker="vincent" end_time="1:27:57 PM" turn_no="93" dialog_act="" comm_act_type="" link_to="" pos="" pos_count="" pos_origin="" topic="" polarity="">they</turn>
<turn mode="chat" speaker="mara" end_time="1:28:39 PM" turn_no="94" dialog_act="" comm_act_type="" link_to="" pos="" pos_count="" pos_origin="" topic="" polarity="">yeah, that's my point I feel like if abuse is this made to be the way vincent talks about it, maybe it has effects on boys and girls the same</turn>
<turn mode="chat" speaker="mara" end_time="1:29:22 PM" turn_no="95" dialog_act="" comm_act_type="" link_to="" pos="" pos_count="" pos_origin="" topic="" polarity="">those games, as far as i know, can be used to relieve sexual frustrations, much like cutting does for some</turn>
<turn mode="chat" speaker="vincent" end_time="1:29:34 PM" turn_no="96" dialog_act="" comm_act_type="" link_to="" pos="" pos_count="" pos_origin="" topic="" polarity="">possibly... or like that show Jackass where a group of friends just beat each other up</turn>
<turn mode="chat" speaker="vincent" end_time="1:29:38 PM" turn_no="97" dialog_act="" comm_act_type="" link_to="" pos="" pos_count="" pos_origin="" topic="" polarity="">beats</turn>
<turn mode="chat" speaker="mara" end_time="1:30:19 PM" turn_no="98" dialog_act="" comm_act_type="" link_to="" pos="" pos_count="" pos_origin="" topic="" polarity="">yeah what is it that is so entertaining about that show anyway?</turn>
<turn mode="chat" speaker="vincent" end_time="1:30:54 PM" turn_no="99" dialog_act="" comm_act_type="" link_to="" pos="" pos_count="" pos_origin="" topic="" polarity="">I don't know at all... I've seen bits of it that I laughed at, but then I felt bad for laughing.</turn>
<turn mode="chat" speaker="mara" end_time="1:31:06 PM" turn_no="100" dialog_act="" comm_act_type="" link_to="" pos="" pos_count="" pos_origin="" topic="" polarity="">i mean I watched the movie, but i didnt laugh nearly as many times as the people in the theater did</turn>
<turn mode="chat" speaker="mara" end_time="1:31:38 PM" turn_no="101" dialog_act="" comm_act_type="" link_to="" pos="" pos_count="" pos_origin="" topic="" polarity="">what about movies like "The Ringer"? Are you guys familiar?</turn>
<turn mode="chat" speaker="vincent" end_time="1:31:49 PM" turn_no="102" dialog_act="" comm_act_type="" link_to="" pos="" pos_count="" pos_origin="" topic="" polarity="">yeah.  I mean a lot of that stuff and Reality tv is like watching people go through painful stuff... is it like the new version of the Colleseum? watching gladiators?</turn>
<turn mode="chat" speaker="rachael" end_time="1:31:49 PM" turn_no="103" dialog_act="" comm_act_type="" link_to="" pos="" pos_count="" pos_origin="" topic="" polarity="">No</turn>
<turn mode="chat" speaker="vincent" end_time="1:31:56 PM" turn_no="104" dialog_act="" comm_act_type="" link_to="" pos="" pos_count="" pos_origin="" topic="" polarity="">I don't know the Ringer?</turn>
<turn mode="chat" speaker="vincent" end_time="1:32:30 PM" turn_no="105" dialog_act="" comm_act_type="" link_to="" pos="" pos_count="" pos_origin="" topic="" polarity="">what is it?</turn>
<turn mode="chat" speaker="mara" end_time="1:32:45 PM" turn_no="106" dialog_act="" comm_act_type="" link_to="" pos="" pos_count="" pos_origin="" topic="" polarity="">its a movie where a man pretends to be "differently abled" and gets into the special olympics</turn>
<turn mode="chat" speaker="mara" end_time="1:33:07 PM" turn_no="107" dialog_act="" comm_act_type="" link_to="" pos="" pos_count="" pos_origin="" topic="" polarity="">then basically he wins the whole thing because hes really not disabled at all... just plays it off like that</turn>
<turn mode="chat" speaker="vincent" end_time="1:33:11 PM" turn_no="108" dialog_act="" comm_act_type="" link_to="" pos="" pos_count="" pos_origin="" topic="" polarity="">ouch.</turn>
<turn mode="chat" speaker="mara" end_time="1:33:59 PM" turn_no="109" dialog_act="" comm_act_type="" link_to="" pos="" pos_count="" pos_origin="" topic="" polarity="">yeah what gives hollywood the right to make films about these things... they are sensitive to some</turn>
<turn mode="chat" speaker="vincent" end_time="1:34:07 PM" turn_no="110" dialog_act="" comm_act_type="" link_to="" pos="" pos_count="" pos_origin="" topic="" polarity="">that's very much Jackass humor</turn>
<turn mode="chat" speaker="vincent" end_time="1:34:49 PM" turn_no="111" dialog_act="" comm_act_type="" link_to="" pos="" pos_count="" pos_origin="" topic="" polarity="">yeah, once you get near the good taste vs. freedom of speech thing, it gets really tricky</turn>
<turn mode="chat" speaker="mara" end_time="1:34:54 PM" turn_no="112" dialog_act="" comm_act_type="" link_to="" pos="" pos_count="" pos_origin="" topic="" polarity="">i think the actor that plays the fake in this movie is one of the guys from jackass actually</turn>
<turn mode="chat" speaker="rachael" end_time="1:35:13 PM" turn_no="113" dialog_act="" comm_act_type="" link_to="" pos="" pos_count="" pos_origin="" topic="" polarity="">Well, they have the right to make movies about anything.  If people buy tickets, they're voting for the movie.</turn>
<turn mode="chat" speaker="vincent" end_time="1:35:24 PM" turn_no="114" dialog_act="" comm_act_type="" link_to="" pos="" pos_count="" pos_origin="" topic="" polarity="">right.</turn>
<turn mode="chat" speaker="mara" end_time="1:35:54 PM" turn_no="115" dialog_act="" comm_act_type="" link_to="" pos="" pos_count="" pos_origin="" topic="" polarity="">oh ofcourse, but to make things like that humorous... i just have a hard time dealing i guess</turn>
<turn mode="chat" speaker="vincent" end_time="1:35:58 PM" turn_no="116" dialog_act="" comm_act_type="" link_to="" pos="" pos_count="" pos_origin="" topic="" polarity="">the question is what producer was like, "I think this movie will be popular" and what people are actually making that a true prediction</turn>
<turn mode="chat" speaker="mara" end_time="1:36:17 PM" turn_no="117" dialog_act="" comm_act_type="" link_to="" pos="" pos_count="" pos_origin="" topic="" polarity="">exactly</turn>
<turn mode="chat" speaker="mara" end_time="1:37:29 PM" turn_no="118" dialog_act="" comm_act_type="" link_to="" pos="" pos_count="" pos_origin="" topic="" polarity="">so rachael what you want to talk about?</turn>
<turn mode="chat" speaker="vincent" end_time="1:37:37 PM" turn_no="119" dialog_act="" comm_act_type="" link_to="" pos="" pos_count="" pos_origin="" topic="" polarity="">it's somehow something a lot of people see, the plot summary, and think "yeah!  I get this!"... weird.</turn>
<turn mode="chat" speaker="mara" end_time="1:38:21 PM" turn_no="120" dialog_act="" comm_act_type="" link_to="" pos="" pos_count="" pos_origin="" topic="" polarity="">what kinda of movies do you guys watch?</turn>
<turn mode="chat" speaker="vincent" end_time="1:38:24 PM" turn_no="121" dialog_act="" comm_act_type="" link_to="" pos="" pos_count="" pos_origin="" topic="" polarity="">yeah, how you doing, rachael?</turn>
<turn mode="chat" speaker="mara" end_time="1:38:34 PM" turn_no="122" dialog_act="" comm_act_type="" link_to="" pos="" pos_count="" pos_origin="" topic="" polarity="">lol</turn>
<turn mode="chat" speaker="rachael" end_time="1:38:55 PM" turn_no="123" dialog_act="" comm_act_type="" link_to="" pos="" pos_count="" pos_origin="" topic="" polarity="">Ok, just sitting here!  No problem.</turn>
<turn mode="chat" speaker="vincent" end_time="1:39:23 PM" turn_no="124" dialog_act="" comm_act_type="" link_to="" pos="" pos_count="" pos_origin="" topic="" polarity="">mara and I were both "here" yesterday... so you're the interesting one!</turn>
<turn mode="chat" speaker="mara" end_time="1:39:31 PM" turn_no="125" dialog_act="" comm_act_type="" link_to="" pos="" pos_count="" pos_origin="" topic="" polarity="">well vincent and i kinda met yesterday... as much as this is a meeting haha</turn>
<turn mode="chat" speaker="mara" end_time="1:39:36 PM" turn_no="126" dialog_act="" comm_act_type="" link_to="" pos="" pos_count="" pos_origin="" topic="" polarity="">yeah thats what im saying vincent</turn>
<turn mode="chat" speaker="mara" end_time="1:39:45 PM" turn_no="127" dialog_act="" comm_act_type="" link_to="" pos="" pos_count="" pos_origin="" topic="" polarity="">whats interesting to you rachael?</turn>
<turn mode="chat" speaker="mara" end_time="1:40:01 PM" turn_no="128" dialog_act="" comm_act_type="" link_to="" pos="" pos_count="" pos_origin="" topic="" polarity="">we are already half way through so...</turn>
<turn mode="chat" speaker="mara" end_time="1:40:37 PM" turn_no="129" dialog_act="" comm_act_type="" link_to="" pos="" pos_count="" pos_origin="" topic="" polarity="">vincent, how did you find out about this research?</turn>
<turn mode="chat" speaker="rachael" end_time="1:40:53 PM" turn_no="130" dialog_act="" comm_act_type="" link_to="" pos="" pos_count="" pos_origin="" topic="" polarity="">It's a little strange.  But I'm involved in a class that causes tenporary insanity, so it's hard to recall too much about news and movies.  I did read about Natasha Richardson a lot.  I was worried about her two young children.</turn>
<turn mode="chat" speaker="vincent" end_time="1:41:12 PM" turn_no="131" dialog_act="" comm_act_type="" link_to="" pos="" pos_count="" pos_origin="" topic="" polarity="">My friend Katie who lives in NY used to go to school at SUNY Albany, and she sent it out on Facebook....</turn>
<turn mode="chat" speaker="vincent" end_time="1:41:25 PM" turn_no="132" dialog_act="" comm_act_type="" link_to="" pos="" pos_count="" pos_origin="" topic="" polarity="">temporary insanity?</turn>
<turn mode="chat" speaker="rachael" end_time="1:41:59 PM" turn_no="133" dialog_act="" comm_act_type="" link_to="" pos="" pos_count="" pos_origin="" topic="" polarity="">I got an email on the IST listserve from SUNY Albany, where I'm taking the class.</turn>
<turn mode="chat" speaker="mara" end_time="1:42:00 PM" turn_no="134" dialog_act="" comm_act_type="" link_to="" pos="" pos_count="" pos_origin="" topic="" polarity="">yeah i read about her recently too... very sad situation</turn>
<turn mode="chat" speaker="vincent" end_time="1:42:00 PM" turn_no="135" dialog_act="" comm_act_type="" link_to="" pos="" pos_count="" pos_origin="" topic="" polarity="">like they keep you up all night and shoot strobe lights at you?</turn>
<turn mode="chat" speaker="mara" end_time="1:42:14 PM" turn_no="136" dialog_act="" comm_act_type="" link_to="" pos="" pos_count="" pos_origin="" topic="" polarity="">haha</turn>
<turn mode="chat" speaker="vincent" end_time="1:43:20 PM" turn_no="137" dialog_act="" comm_act_type="" link_to="" pos="" pos_count="" pos_origin="" topic="" polarity="">when people read these logs to study them it's going to be confusing</turn>
<turn mode="chat" speaker="rachael" end_time="1:43:25 PM" turn_no="138" dialog_act="" comm_act_type="" link_to="" pos="" pos_count="" pos_origin="" topic="" polarity="">yes, maybe permanent.  It's a class that meets six full Saturdays, which is nice, but the instruction is disorganized and very fast-paced.  The assignments keep changing.  But it's 66.666 % over!</turn>
<turn mode="chat" speaker="mara" end_time="1:43:31 PM" turn_no="139" dialog_act="" comm_act_type="" link_to="" pos="" pos_count="" pos_origin="" topic="" polarity="">or that lady that just had the 8 babies and already has 6... OMG</turn>
<turn mode="chat" speaker="rachael" end_time="1:43:55 PM" turn_no="140" dialog_act="" comm_act_type="" link_to="" pos="" pos_count="" pos_origin="" topic="" polarity="">Again, that's just too yucky a story to follow.</turn>
<turn mode="chat" speaker="mara" end_time="1:44:12 PM" turn_no="141" dialog_act="" comm_act_type="" link_to="" pos="" pos_count="" pos_origin="" topic="" polarity="">welll look on the bright side... what do you study rachael?</turn>
<turn mode="chat" speaker="mara" end_time="1:44:49 PM" turn_no="142" dialog_act="" comm_act_type="" link_to="" pos="" pos_count="" pos_origin="" topic="" polarity="">yeah i dont follow it, i just read one article about it and thought "GOOD LUCK MY FELLOW WOMAN"</turn>
<turn mode="chat" speaker="rachael" end_time="1:45:22 PM" turn_no="143" dialog_act="" comm_act_type="" link_to="" pos="" pos_count="" pos_origin="" topic="" polarity="">I work at SUNY New Paltz in the School of Education,.  We had to move out of our building for renovation, and my office moved to the library building.  I got so interested I started taking library science courses.</turn>
<turn mode="chat" speaker="mara" end_time="1:45:49 PM" turn_no="144" dialog_act="" comm_act_type="" link_to="" pos="" pos_count="" pos_origin="" topic="" polarity="">I love the library!</turn>
<turn mode="chat" speaker="vincent" end_time="1:45:58 PM" turn_no="145" dialog_act="" comm_act_type="" link_to="" pos="" pos_count="" pos_origin="" topic="" polarity="">ooh, I used to live in Ithaca, NY, but a couple of my best friends moved to NP.  I used to go there a lot.</turn>
<turn mode="chat" speaker="mara" end_time="1:46:03 PM" turn_no="146" dialog_act="" comm_act_type="" link_to="" pos="" pos_count="" pos_origin="" topic="" polarity="">i dont know but about the soft science, but its got to be interesting</turn>
<turn mode="chat" speaker="vincent" end_time="1:46:09 PM" turn_no="147" dialog_act="" comm_act_type="" link_to="" pos="" pos_count="" pos_origin="" topic="" polarity="">cute little hippie town</turn>
<turn mode="chat" speaker="rachael" end_time="1:46:18 PM" turn_no="148" dialog_act="" comm_act_type="" link_to="" pos="" pos_count="" pos_origin="" topic="" polarity="">IS that your field of study, mara?</turn>
<turn mode="chat" speaker="mara" end_time="1:46:22 PM" turn_no="149" dialog_act="" comm_act_type="" link_to="" pos="" pos_count="" pos_origin="" topic="" polarity="">yeah my ex went to Cornell which is in ithica</turn>
<turn mode="chat" speaker="mara" end_time="1:46:37 PM" turn_no="150" dialog_act="" comm_act_type="" link_to="" pos="" pos_count="" pos_origin="" topic="" polarity="">i study interpersonal communication</turn>
<turn mode="chat" speaker="vincent" end_time="1:46:41 PM" turn_no="151" dialog_act="" comm_act_type="" link_to="" pos="" pos_count="" pos_origin="" topic="" polarity="">yeah, Ithaca is definitely a hippie town too.  I love Ithaca</turn>
<turn mode="chat" speaker="mara" end_time="1:46:53 PM" turn_no="152" dialog_act="" comm_act_type="" link_to="" pos="" pos_count="" pos_origin="" topic="" polarity="">but i spend lots and lots of time in the library and i know how to use eery aspect of it</turn>
<turn mode="chat" speaker="vincent" end_time="1:47:03 PM" turn_no="153" dialog_act="" comm_act_type="" link_to="" pos="" pos_count="" pos_origin="" topic="" polarity="">have you guys seen stuff about the new Seattle public library?</turn>
<turn mode="chat" speaker="mara" end_time="1:47:06 PM" turn_no="154" dialog_act="" comm_act_type="" link_to="" pos="" pos_count="" pos_origin="" topic="" polarity="">its pretty there</turn>
<turn mode="chat" speaker="mara" end_time="1:47:21 PM" turn_no="155" dialog_act="" comm_act_type="" link_to="" pos="" pos_count="" pos_origin="" topic="" polarity="">nope!</turn>
<turn mode="chat" speaker="rachael" end_time="1:47:25 PM" turn_no="156" dialog_act="" comm_act_type="" link_to="" pos="" pos_count="" pos_origin="" topic="" polarity="">NP's a nice place to work,.  The students are on break now and the town is dead; I can never wait until they come back!</turn>
<turn mode="chat" speaker="vincent" end_time="1:48:03 PM" turn_no="157" dialog_act="" comm_act_type="" link_to="" pos="" pos_count="" pos_origin="" topic="" polarity="">we just got the new library a couple years ago.  Rem Koolhas designed this totally crazy building, it's so fun to wander around</turn>
<turn mode="chat" speaker="vincent" end_time="1:48:24 PM" turn_no="158" dialog_act="" comm_act_type="" link_to="" pos="" pos_count="" pos_origin="" topic="" polarity="">there's this floor of meeting rooms that kind of looks like you're inside intestines?</turn>
<turn mode="chat" speaker="mara" end_time="1:48:42 PM" turn_no="159" dialog_act="" comm_act_type="" link_to="" pos="" pos_count="" pos_origin="" topic="" polarity="">gross, but interesting ha</turn>
<turn mode="chat" speaker="vincent" end_time="1:48:47 PM" turn_no="160" dialog_act="" comm_act_type="" link_to="" pos="" pos_count="" pos_origin="" topic="" polarity="">yeah</turn>
<turn mode="chat" speaker="rachael" end_time="1:48:49 PM" turn_no="161" dialog_act="" comm_act_type="" link_to="" pos="" pos_count="" pos_origin="" topic="" polarity="">I'll look on  line for the Seattle Public Library.  I was only in Seattle once and my main recollection is all the different manhole covers downtown.  Each one was different, and all the designs were lovely.</turn>
<turn mode="chat" speaker="mara" end_time="1:49:01 PM" turn_no="162" dialog_act="" comm_act_type="" link_to="" pos="" pos_count="" pos_origin="" topic="" polarity="">yeah rachael, thats how i feel about being in albany during the summer.. "where is everyone?"</turn>
<turn mode="chat" speaker="vincent" end_time="1:49:12 PM" turn_no="163" dialog_act="" comm_act_type="" link_to="" pos="" pos_count="" pos_origin="" topic="" polarity="">yeah! they're cool!  I'm sure there are tons of library photos online</turn>
<turn mode="chat" speaker="rachael" end_time="1:49:46 PM" turn_no="164" dialog_act="" comm_act_type="" link_to="" pos="" pos_count="" pos_origin="" topic="" polarity="">Intestines are nice, but the new Ulster County jail has an I-beam through an elevator shaft,.  Can't beat that.</turn>
<turn mode="chat" speaker="vincent" end_time="1:49:59 PM" turn_no="165" dialog_act="" comm_act_type="" link_to="" pos="" pos_count="" pos_origin="" topic="" polarity="">does New Paltz still have that, like, 20-year-old mayor?</turn>
<turn mode="chat" speaker="mara" end_time="1:50:00 PM" turn_no="166" dialog_act="" comm_act_type="" link_to="" pos="" pos_count="" pos_origin="" topic="" polarity="">i visited spain and they have the nicest libraries EVER</turn>
<turn mode="chat" speaker="vincent" end_time="1:50:18 PM" turn_no="167" dialog_act="" comm_act_type="" link_to="" pos="" pos_count="" pos_origin="" topic="" polarity="">Spain is awesome!</turn>
<turn mode="chat" speaker="mara" end_time="1:50:39 PM" turn_no="168" dialog_act="" comm_act_type="" link_to="" pos="" pos_count="" pos_origin="" topic="" polarity="">where did you visit in spain?</turn>
<turn mode="chat" speaker="vincent" end_time="1:51:06 PM" turn_no="169" dialog_act="" comm_act_type="" link_to="" pos="" pos_count="" pos_origin="" topic="" polarity="">the band I'm in played in Barcelona and Madrid</turn>
<turn mode="chat" speaker="rachael" end_time="1:51:08 PM" turn_no="170" dialog_act="" comm_act_type="" link_to="" pos="" pos_count="" pos_origin="" topic="" polarity="">No, I'mnot sure who the mayor is now.  I live in Kingston.  Where did you go in Spain?</turn>
<turn mode="chat" speaker="vincent" end_time="1:51:19 PM" turn_no="171" dialog_act="" comm_act_type="" link_to="" pos="" pos_count="" pos_origin="" topic="" polarity="">only two days, but in Barcelona I didn't sleep.</turn>
<turn mode="chat" speaker="vincent" end_time="1:51:25 PM" turn_no="172" dialog_act="" comm_act_type="" link_to="" pos="" pos_count="" pos_origin="" topic="" polarity="">what about you?</turn>
<turn mode="chat" speaker="rachael" end_time="1:51:32 PM" turn_no="173" dialog_act="" comm_act_type="" link_to="" pos="" pos_count="" pos_origin="" topic="" polarity="">What's the name of your band?  Where else do you play?</turn>
<turn mode="chat" speaker="mara" end_time="1:51:36 PM" turn_no="174" dialog_act="" comm_act_type="" link_to="" pos="" pos_count="" pos_origin="" topic="" polarity="">i was in madrid the whole three weeks i was there</turn>
<turn mode="chat" speaker="mara" end_time="1:51:43 PM" turn_no="175" dialog_act="" comm_act_type="" link_to="" pos="" pos_count="" pos_origin="" topic="" polarity="">soooo old city i love it</turn>
<turn mode="chat" speaker="mara" end_time="1:52:05 PM" turn_no="176" dialog_act="" comm_act_type="" link_to="" pos="" pos_count="" pos_origin="" topic="" polarity="">i didnt sleep much either, it was a great time thats for sure!</turn>
<turn mode="chat" speaker="vincent" end_time="1:52:21 PM" turn_no="177" dialog_act="" comm_act_type="" link_to="" pos="" pos_count="" pos_origin="" topic="" polarity="">I'm mostly in a band called The Dead Science, we tour a lot and all over.  In April I'm going to Europe to play for a friend's band.. funny name... Casiotone For The Painfully Alone</turn>
<turn mode="chat" speaker="vincent" end_time="1:52:49 PM" turn_no="178" dialog_act="" comm_act_type="" link_to="" pos="" pos_count="" pos_origin="" topic="" polarity="">Spain stays up later than New York!</turn>
<turn mode="chat" speaker="rachael" end_time="1:52:55 PM" turn_no="179" dialog_act="" comm_act_type="" link_to="" pos="" pos_count="" pos_origin="" topic="" polarity="">Are you a gang of economists?</turn>
<turn mode="chat" speaker="vincent" end_time="1:53:08 PM" turn_no="180" dialog_act="" comm_act_type="" link_to="" pos="" pos_count="" pos_origin="" topic="" polarity="">ha!</turn>
<turn mode="chat" speaker="mara" end_time="1:53:15 PM" turn_no="181" dialog_act="" comm_act_type="" link_to="" pos="" pos_count="" pos_origin="" topic="" polarity="">lol</turn>
<turn mode="chat" speaker="vincent" end_time="1:53:30 PM" turn_no="182" dialog_act="" comm_act_type="" link_to="" pos="" pos_count="" pos_origin="" topic="" polarity="">that's a way funnier answer than mine, I usually say Alchemy.</turn>
<turn mode="chat" speaker="rachael" end_time="1:53:43 PM" turn_no="183" dialog_act="" comm_act_type="" link_to="" pos="" pos_count="" pos_origin="" topic="" polarity="">Where are you going to play with the CTone Painfully Alone?</turn>
<turn mode="chat" speaker="mara" end_time="1:54:12 PM" turn_no="184" dialog_act="" comm_act_type="" link_to="" pos="" pos_count="" pos_origin="" topic="" polarity="">indie rock?</turn>
<turn mode="chat" speaker="vincent" end_time="1:54:29 PM" turn_no="185" dialog_act="" comm_act_type="" link_to="" pos="" pos_count="" pos_origin="" topic="" polarity="">All over the U.K., Scandanavia (!), and central Europe (france, germany, netherlands, austria)</turn>
<turn mode="chat" speaker="vincent" end_time="1:54:40 PM" turn_no="186" dialog_act="" comm_act_type="" link_to="" pos="" pos_count="" pos_origin="" topic="" polarity="">no Spain or Italy this time... yeah indie rock</turn>
<turn mode="chat" speaker="mara" end_time="1:54:59 PM" turn_no="187" dialog_act="" comm_act_type="" link_to="" pos="" pos_count="" pos_origin="" topic="" polarity="">you know death cab for cutie?</turn>
<turn mode="chat" speaker="rachael" end_time="1:55:12 PM" turn_no="188" dialog_act="" comm_act_type="" link_to="" pos="" pos_count="" pos_origin="" topic="" polarity="">That sounds wonderful.  I've been to Denmark, but not to the rest of Scandinavia.</turn>
<turn mode="chat" speaker="vincent" end_time="1:55:30 PM" turn_no="189" dialog_act="" comm_act_type="" link_to="" pos="" pos_count="" pos_origin="" topic="" polarity="">yeah, one or two of those guys I see around at Seattle coffee shops all the time.  Don't know them personally.</turn>
<turn mode="chat" speaker="vincent" end_time="1:55:38 PM" turn_no="190" dialog_act="" comm_act_type="" link_to="" pos="" pos_count="" pos_origin="" topic="" polarity="">you were in Copenhagen?</turn>
<turn mode="chat" speaker="mara" end_time="1:55:51 PM" turn_no="191" dialog_act="" comm_act_type="" link_to="" pos="" pos_count="" pos_origin="" topic="" polarity="">im going to a concert of theirs in NC middle of april</turn>
<turn mode="chat" speaker="vincent" end_time="1:56:15 PM" turn_no="192" dialog_act="" comm_act_type="" link_to="" pos="" pos_count="" pos_origin="" topic="" polarity="">cool!  is that why you're going down?</turn>
<turn mode="chat" speaker="mara" end_time="1:56:52 PM" turn_no="193" dialog_act="" comm_act_type="" link_to="" pos="" pos_count="" pos_origin="" topic="" polarity="">no its not... im going to visit a friend but he had tickets and offered to get me one too since I was going to be there</turn>
<turn mode="chat" speaker="vincent" end_time="1:57:03 PM" turn_no="194" dialog_act="" comm_act_type="" link_to="" pos="" pos_count="" pos_origin="" topic="" polarity="">in Charlotte?  just a guess.</turn>
<turn mode="chat" speaker="vincent" end_time="1:57:12 PM" turn_no="195" dialog_act="" comm_act_type="" link_to="" pos="" pos_count="" pos_origin="" topic="" polarity="">or Chapel Hill?</turn>
<turn mode="chat" speaker="mara" end_time="1:57:27 PM" turn_no="196" dialog_act="" comm_act_type="" link_to="" pos="" pos_count="" pos_origin="" topic="" polarity="">Greensboro</turn>
<turn mode="chat" speaker="vincent" end_time="1:57:50 PM" turn_no="197" dialog_act="" comm_act_type="" link_to="" pos="" pos_count="" pos_origin="" topic="" polarity="">cool.  We should do a chat that's just about travel one of these times</turn>
<turn mode="chat" speaker="mara" end_time="1:58:13 PM" turn_no="198" dialog_act="" comm_act_type="" link_to="" pos="" pos_count="" pos_origin="" topic="" polarity="">well we have about twenty more mins</turn>
<turn mode="chat" speaker="rachael" end_time="1:58:32 PM" turn_no="199" dialog_act="" comm_act_type="" link_to="" pos="" pos_count="" pos_origin="" topic="" polarity="">I don't know that band, but all the teenagers I know love it.</turn>
<turn mode="chat" speaker="vincent" end_time="1:58:56 PM" turn_no="200" dialog_act="" comm_act_type="" link_to="" pos="" pos_count="" pos_origin="" topic="" polarity="">cool, I've been getting to travel like crazy these last few years on lots of different "levels"... do you guys get to travel much with school and everything?</turn>
<turn mode="chat" speaker="mara" end_time="1:59:04 PM" turn_no="201" dialog_act="" comm_act_type="" link_to="" pos="" pos_count="" pos_origin="" topic="" polarity="">yeah rachael, i just heard of them myself, but ive been listening to get familiar with the music and its acutally something im interested in</turn>
<turn mode="chat" speaker="vincent" end_time="1:59:32 PM" turn_no="202" dialog_act="" comm_act_type="" link_to="" pos="" pos_count="" pos_origin="" topic="" polarity="">I think Death cab is nice, I think they have pretty well-written lyrics</turn>
<turn mode="chat" speaker="mara" end_time="1:59:34 PM" turn_no="203" dialog_act="" comm_act_type="" link_to="" pos="" pos_count="" pos_origin="" topic="" polarity="">my parents never brought me anywhere when i was young so not i get out there whenever i have a change</turn>
<turn mode="chat" speaker="mara" end_time="1:59:37 PM" turn_no="204" dialog_act="" comm_act_type="" link_to="" pos="" pos_count="" pos_origin="" topic="" polarity="">chance*</turn>
<turn mode="chat" speaker="vincent" end_time="1:59:53 PM" turn_no="205" dialog_act="" comm_act_type="" link_to="" pos="" pos_count="" pos_origin="" topic="" polarity="">whenever you get a change works too</turn>
<turn mode="chat" speaker="rachael" end_time="1:59:55 PM" turn_no="206" dialog_act="" comm_act_type="" link_to="" pos="" pos_count="" pos_origin="" topic="" polarity="">Why didn't they bring you anywhere?</turn>
<turn mode="chat" speaker="vincent" end_time="2:00:07 PM" turn_no="207" dialog_act="" comm_act_type="" link_to="" pos="" pos_count="" pos_origin="" topic="" polarity="">whenever you save up enough change</turn>
<turn mode="chat" speaker="mara" end_time="2:00:26 PM" turn_no="208" dialog_act="" comm_act_type="" link_to="" pos="" pos_count="" pos_origin="" topic="" polarity="">my dad hates going anywhere but home haha my mom can never get him to go on vaca or anything</turn>
<turn mode="chat" speaker="mara" end_time="2:00:40 PM" turn_no="209" dialog_act="" comm_act_type="" link_to="" pos="" pos_count="" pos_origin="" topic="" polarity="">they are homebodies... ya know?</turn>
<turn mode="chat" speaker="vincent" end_time="2:00:56 PM" turn_no="210" dialog_act="" comm_act_type="" link_to="" pos="" pos_count="" pos_origin="" topic="" polarity="">yeah, my parents travelled a lot when I was little, but now they just chill.</turn>
<turn mode="chat" speaker="rachael" end_time="2:01:06 PM" turn_no="211" dialog_act="" comm_act_type="" link_to="" pos="" pos_count="" pos_origin="" topic="" polarity="">My dad was like that too.  My husband is too, unfortunately, but Im working on him.</turn>
<turn mode="chat" speaker="mara" end_time="2:01:15 PM" turn_no="212" dialog_act="" comm_act_type="" link_to="" pos="" pos_count="" pos_origin="" topic="" polarity="">boring if you ask me... and its funny whenever i tell my mom Im going somewhere like NC this april... shes like "what are you doing that for?"  Never get is...</turn>
<turn mode="chat" speaker="mara" end_time="2:01:34 PM" turn_no="213" dialog_act="" comm_act_type="" link_to="" pos="" pos_count="" pos_origin="" topic="" polarity="">it*</turn>
<turn mode="chat" speaker="rachael" end_time="2:01:47 PM" turn_no="214" dialog_act="" comm_act_type="" link_to="" pos="" pos_count="" pos_origin="" topic="" polarity="">I don;t understand her reaction.</turn>
<turn mode="chat" speaker="vincent" end_time="2:01:52 PM" turn_no="215" dialog_act="" comm_act_type="" link_to="" pos="" pos_count="" pos_origin="" topic="" polarity="">best is to find out what someone is "into" and then show them that some places have more of the stuff they like than others...</turn>
<turn mode="chat" speaker="vincent" end_time="2:02:09 PM" turn_no="216" dialog_act="" comm_act_type="" link_to="" pos="" pos_count="" pos_origin="" topic="" polarity="">whoa, my window just went crazy</turn>
<turn mode="chat" speaker="vincent" end_time="2:02:30 PM" turn_no="217" dialog_act="" comm_act_type="" link_to="" pos="" pos_count="" pos_origin="" topic="" polarity="">are you guys here?</turn>
<turn mode="chat" speaker="rachael" end_time="2:02:36 PM" turn_no="218" dialog_act="" comm_act_type="" link_to="" pos="" pos_count="" pos_origin="" topic="" polarity="">I wonder what the moderator is thinking.</turn>
<turn mode="chat" speaker="mara" end_time="2:02:39 PM" turn_no="219" dialog_act="" comm_act_type="" link_to="" pos="" pos_count="" pos_origin="" topic="" polarity="">yeah!</turn>
<turn mode="chat" speaker="mara" end_time="2:02:39 PM" turn_no="220" dialog_act="" comm_act_type="" link_to="" pos="" pos_count="" pos_origin="" topic="" polarity=""></turn>
<turn mode="chat" speaker="rachael" end_time="2:02:43 PM" turn_no="221" dialog_act="" comm_act_type="" link_to="" pos="" pos_count="" pos_origin="" topic="" polarity="">Yes, we're here.</turn>
<turn mode="chat" speaker="vincent" end_time="2:02:56 PM" turn_no="222" dialog_act="" comm_act_type="" link_to="" pos="" pos_count="" pos_origin="" topic="" polarity="">okay, better.</turn>
<turn mode="chat" speaker="mara" end_time="2:03:06 PM" turn_no="223" dialog_act="" comm_act_type="" link_to="" pos="" pos_count="" pos_origin="" topic="" polarity="">i know i just want them to respond! haha</turn>
<turn mode="chat" speaker="rachael" end_time="2:03:37 PM" turn_no="224" dialog_act="" comm_act_type="" link_to="" pos="" pos_count="" pos_origin="" topic="" polarity="">Maybe we could goad them into saying something....</turn>
<turn mode="chat" speaker="vincent" end_time="2:03:56 PM" turn_no="225" dialog_act="" comm_act_type="" link_to="" pos="" pos_count="" pos_origin="" topic="" polarity="">originally I thought they were going to try to sneak a robot in here as a person, and see if we notice that they're not real</turn>
<turn mode="chat" speaker="mara" end_time="2:03:59 PM" turn_no="226" dialog_act="" comm_act_type="" link_to="" pos="" pos_count="" pos_origin="" topic="" polarity="">yeah good luck</turn>
<turn mode="chat" speaker="vincent" end_time="2:04:15 PM" turn_no="227" dialog_act="" comm_act_type="" link_to="" pos="" pos_count="" pos_origin="" topic="" polarity="">I have a computer science roomate, he said people are working on that now</turn>
<turn mode="chat" speaker="rachael" end_time="2:04:26 PM" turn_no="228" dialog_act="" comm_act_type="" link_to="" pos="" pos_count="" pos_origin="" topic="" polarity="">That's a good idea, actually,</turn>
<turn mode="chat" speaker="mara" end_time="2:04:38 PM" turn_no="229" dialog_act="" comm_act_type="" link_to="" pos="" pos_count="" pos_origin="" topic="" polarity="">they are going to do that but this is the trial run they have to view our chat to see how that robot would have to talk to persuade is ya now</turn>
<turn mode="chat" speaker="vincent" end_time="2:04:47 PM" turn_no="230" dialog_act="" comm_act_type="" link_to="" pos="" pos_count="" pos_origin="" topic="" polarity="">right!</turn>
<turn mode="chat" speaker="mara" end_time="2:04:55 PM" turn_no="231" dialog_act="" comm_act_type="" link_to="" pos="" pos_count="" pos_origin="" topic="" polarity="">in the next couple weeks they will add him i bet</turn>
<turn mode="chat" speaker="mara" end_time="2:04:57 PM" turn_no="232" dialog_act="" comm_act_type="" link_to="" pos="" pos_count="" pos_origin="" topic="" polarity="">or her</turn>
<turn mode="chat" speaker="mara" end_time="2:04:58 PM" turn_no="233" dialog_act="" comm_act_type="" link_to="" pos="" pos_count="" pos_origin="" topic="" polarity="">lol</turn>
<turn mode="chat" speaker="vincent" end_time="2:05:00 PM" turn_no="234" dialog_act="" comm_act_type="" link_to="" pos="" pos_count="" pos_origin="" topic="" polarity="">they're going to build a hybrid personality out of all of our ideas!</turn>
<turn mode="chat" speaker="rachael" end_time="2:05:05 PM" turn_no="235" dialog_act="" comm_act_type="" link_to="" pos="" pos_count="" pos_origin="" topic="" polarity="">Are you serious?</turn>
<turn mode="chat" speaker="vincent" end_time="2:05:24 PM" turn_no="236" dialog_act="" comm_act_type="" link_to="" pos="" pos_count="" pos_origin="" topic="" polarity="">they're going to build a hybrid personality out of all of our ideas!</turn>
<turn mode="chat" speaker="rachael" end_time="2:05:32 PM" turn_no="237" dialog_act="" comm_act_type="" link_to="" pos="" pos_count="" pos_origin="" topic="" polarity="">That should be interesting!</turn>
<turn mode="chat" speaker="mara" end_time="2:05:48 PM" turn_no="238" dialog_act="" comm_act_type="" link_to="" pos="" pos_count="" pos_origin="" topic="" polarity="">im guessing that would be the only way that we wouldnt notice who it was</turn>
<turn mode="chat" speaker="mara" end_time="2:06:10 PM" turn_no="239" dialog_act="" comm_act_type="" link_to="" pos="" pos_count="" pos_origin="" topic="" polarity="">right? or else we would all know who the robot was becuase now we are familiar with eachother and the way we chat</turn>
<turn mode="chat" speaker="mara" end_time="2:06:18 PM" turn_no="240" dialog_act="" comm_act_type="" link_to="" pos="" pos_count="" pos_origin="" topic="" polarity="">like we discussed yesterday, sort of</turn>
<turn mode="chat" speaker="vincent" end_time="2:06:40 PM" turn_no="241" dialog_act="" comm_act_type="" link_to="" pos="" pos_count="" pos_origin="" topic="" polarity="">I don't know enough about it, but if you guys ever have time to kill, look up this guy Ray Kurzweil on wikipedia... he's all into ideas of Artificial Intelligence, and his predictions are totally weird and kind of scary</turn>
<turn mode="chat" speaker="rachael" end_time="2:06:46 PM" turn_no="242" dialog_act="" comm_act_type="" link_to="" pos="" pos_count="" pos_origin="" topic="" polarity="">But all these mannerisms could be copied, couldn't they?</turn>
<turn mode="chat" speaker="rachael" end_time="2:07:13 PM" turn_no="243" dialog_act="" comm_act_type="" link_to="" pos="" pos_count="" pos_origin="" topic="" polarity="">I'll look up Ray Kurzweil. That sounds interesting</turn>
<turn mode="chat" speaker="vincent" end_time="2:07:18 PM" turn_no="244" dialog_act="" comm_act_type="" link_to="" pos="" pos_count="" pos_origin="" topic="" polarity="">they have low-level algorhythms (sp?) where they have canned responses to most of the things they expect people to say</turn>
<turn mode="chat" speaker="vincent" end_time="2:07:40 PM" turn_no="245" dialog_act="" comm_act_type="" link_to="" pos="" pos_count="" pos_origin="" topic="" polarity="">I've heard a lot of scammers use them, like those Nigerian bank account scam guys</turn>
<turn mode="chat" speaker="mara" end_time="2:07:59 PM" turn_no="246" dialog_act="" comm_act_type="" link_to="" pos="" pos_count="" pos_origin="" topic="" polarity="">oh great way to help ILS out haha</turn>
<turn mode="chat" speaker="rachael" end_time="2:08:06 PM" turn_no="247" dialog_act="" comm_act_type="" link_to="" pos="" pos_count="" pos_origin="" topic="" polarity="">How do they work></turn>
<turn mode="chat" speaker="vincent" end_time="2:08:50 PM" turn_no="248" dialog_act="" comm_act_type="" link_to="" pos="" pos_count="" pos_origin="" topic="" polarity="">I don't know... like they know you're going to say "why do you need my account number," and it will know how to answer</turn>
<turn mode="chat" speaker="vincent" end_time="2:09:03 PM" turn_no="249" dialog_act="" comm_act_type="" link_to="" pos="" pos_count="" pos_origin="" topic="" polarity="">so they can run lots of different scams at the same time</turn>
<turn mode="chat" speaker="vincent" end_time="2:09:13 PM" turn_no="250" dialog_act="" comm_act_type="" link_to="" pos="" pos_count="" pos_origin="" topic="" polarity="">such a weird world</turn>
<turn mode="chat" speaker="vincent" end_time="2:10:14 PM" turn_no="251" dialog_act="" comm_act_type="" link_to="" pos="" pos_count="" pos_origin="" topic="" polarity="">what does ILS stand for?</turn>
<turn mode="chat" speaker="rachael" end_time="2:10:23 PM" turn_no="252" dialog_act="" comm_act_type="" link_to="" pos="" pos_count="" pos_origin="" topic="" polarity="">But so many of them, like the Nigerian scam letters, sound so obviously stupid, I don't see how anyone could fall for them.</turn>
<turn mode="chat" speaker="mara" end_time="2:10:36 PM" turn_no="253" dialog_act="" comm_act_type="" link_to="" pos="" pos_count="" pos_origin="" topic="" polarity="">no idea</turn>
<turn mode="chat" speaker="rachael" end_time="2:10:37 PM" turn_no="254" dialog_act="" comm_act_type="" link_to="" pos="" pos_count="" pos_origin="" topic="" polarity="">Information and Library Science.</turn>
<turn mode="chat" speaker="rachael" end_time="2:10:50 PM" turn_no="255" dialog_act="" comm_act_type="" link_to="" pos="" pos_count="" pos_origin="" topic="" polarity="">Is that right?</turn>
<turn mode="chat" speaker="vincent" end_time="2:10:50 PM" turn_no="256" dialog_act="" comm_act_type="" link_to="" pos="" pos_count="" pos_origin="" topic="" polarity="">nice</turn>
<turn mode="chat" speaker="vincent" end_time="2:11:15 PM" turn_no="257" dialog_act="" comm_act_type="" link_to="" pos="" pos_count="" pos_origin="" topic="" polarity="">I know!  but I guess it's so cheap, or free, to send out like a billion letters a day... so if .00001% of people reply, you're still making money</turn>
<turn mode="chat" speaker="vincent" end_time="2:11:37 PM" turn_no="258" dialog_act="" comm_act_type="" link_to="" pos="" pos_count="" pos_origin="" topic="" polarity="">it's the same as most spam... it looks so stupid, but they keep doing it, so it must work on someone?</turn>
<turn mode="chat" speaker="rachael" end_time="2:11:52 PM" turn_no="259" dialog_act="" comm_act_type="" link_to="" pos="" pos_count="" pos_origin="" topic="" polarity="">True.  Depressing, though, to think anyone would fall for it.</turn>
<turn mode="chat" speaker="vincent" end_time="2:12:29 PM" turn_no="260" dialog_act="" comm_act_type="" link_to="" pos="" pos_count="" pos_origin="" topic="" polarity="">yeah, maybe lots of old people who are confused by the internet?</turn>
<turn mode="chat" speaker="vincent" end_time="2:12:32 PM" turn_no="261" dialog_act="" comm_act_type="" link_to="" pos="" pos_count="" pos_origin="" topic="" polarity="">sad.</turn>
<turn mode="chat" speaker="mara" end_time="2:12:58 PM" turn_no="262" dialog_act="" comm_act_type="" link_to="" pos="" pos_count="" pos_origin="" topic="" polarity="">thats why i have a MAC... hate spam!</turn>
<turn mode="chat" speaker="rachael" end_time="2:13:27 PM" turn_no="263" dialog_act="" comm_act_type="" link_to="" pos="" pos_count="" pos_origin="" topic="" polarity="">You have less spam with a MAC?</turn>
<turn mode="chat" speaker="mara" end_time="2:13:29 PM" turn_no="264" dialog_act="" comm_act_type="" link_to="" pos="" pos_count="" pos_origin="" topic="" polarity="">no pop-up... not yet at least, someone is soon to figure out how to get change it i bet</turn>
<turn mode="chat" speaker="mara" end_time="2:13:49 PM" turn_no="265" dialog_act="" comm_act_type="" link_to="" pos="" pos_count="" pos_origin="" topic="" polarity="">yeah.. no viruses everything is mostly protected</turn>
<turn mode="chat" speaker="mara" end_time="2:13:55 PM" turn_no="266" dialog_act="" comm_act_type="" link_to="" pos="" pos_count="" pos_origin="" topic="" polarity="">im sure things will change though, as i said</turn>
<turn mode="chat" speaker="vincent" end_time="2:14:00 PM" turn_no="267" dialog_act="" comm_act_type="" link_to="" pos="" pos_count="" pos_origin="" topic="" polarity="">I have a pc, but firefox and lots of anti-spyware programs keep it pretty mellow.</turn>
<turn mode="chat" speaker="vincent" end_time="2:14:30 PM" turn_no="268" dialog_act="" comm_act_type="" link_to="" pos="" pos_count="" pos_origin="" topic="" polarity="">I think maybe hackers just haven't targeted macs yet?</turn>
<turn mode="chat" speaker="mara" end_time="2:14:46 PM" turn_no="269" dialog_act="" comm_act_type="" link_to="" pos="" pos_count="" pos_origin="" topic="" polarity="">agreeed</turn>
<turn mode="chat" speaker="rachael" end_time="2:14:46 PM" turn_no="270" dialog_act="" comm_act_type="" link_to="" pos="" pos_count="" pos_origin="" topic="" polarity="">I don't get pop-ups at home or at work, but I do get a lot of emails from Christian dating services and nursing education   programs.  I wonder who they think I am.</turn>
<turn mode="chat" speaker="vincent" end_time="2:14:52 PM" turn_no="271" dialog_act="" comm_act_type="" link_to="" pos="" pos_count="" pos_origin="" topic="" polarity="">Like most things that hackers would want to mess with, institutional stuff, is run off of PCs.</turn>
<turn mode="chat" speaker="vincent" end_time="2:15:13 PM" turn_no="272" dialog_act="" comm_act_type="" link_to="" pos="" pos_count="" pos_origin="" topic="" polarity="">Christian dating!</turn>
<turn mode="chat" speaker="mara" end_time="2:15:20 PM" turn_no="273" dialog_act="" comm_act_type="" link_to="" pos="" pos_count="" pos_origin="" topic="" polarity="">they are relatively new... but this program wont work on a mac so i had to borrow a lap top from them to participate</turn>
<turn mode="chat" speaker="vincent" end_time="2:15:29 PM" turn_no="274" dialog_act="" comm_act_type="" link_to="" pos="" pos_count="" pos_origin="" topic="" polarity="">annoying.</turn>
<turn mode="chat" speaker="rachael" end_time="2:15:57 PM" turn_no="275" dialog_act="" comm_act_type="" link_to="" pos="" pos_count="" pos_origin="" topic="" polarity="">Christian mortgages, too.  Creepy.</turn>
<turn mode="chat" speaker="vincent" end_time="2:16:13 PM" turn_no="276" dialog_act="" comm_act_type="" link_to="" pos="" pos_count="" pos_origin="" topic="" polarity="">what?  why would christians have different mortgages?</turn>
<turn mode="chat" speaker="mara" end_time="2:16:36 PM" turn_no="277" dialog_act="" comm_act_type="" link_to="" pos="" pos_count="" pos_origin="" topic="" polarity="">they are loved by god</turn>
<turn mode="chat" speaker="mara" end_time="2:16:38 PM" turn_no="278" dialog_act="" comm_act_type="" link_to="" pos="" pos_count="" pos_origin="" topic="" polarity="">ha</turn>
<turn mode="chat" speaker="mara" end_time="2:16:42 PM" turn_no="279" dialog_act="" comm_act_type="" link_to="" pos="" pos_count="" pos_origin="" topic="" polarity="">thats my guess</turn>
<turn mode="chat" speaker="vincent" end_time="2:16:53 PM" turn_no="280" dialog_act="" comm_act_type="" link_to="" pos="" pos_count="" pos_origin="" topic="" polarity="">I was just sick and watched a million episodes of 30 Rock in a row, there was something about "plus-size perume"</turn>
<turn mode="chat" speaker="mara" end_time="2:17:00 PM" turn_no="281" dialog_act="" comm_act_type="" link_to="" pos="" pos_count="" pos_origin="" topic="" polarity="">but the westboro baptists think differently, thats for sure</turn>
<turn mode="chat" speaker="rachael" end_time="2:17:07 PM" turn_no="282" dialog_act="" comm_act_type="" link_to="" pos="" pos_count="" pos_origin="" topic="" polarity="">I think the implication is that you would be dealing with someone honest and compassionate.</turn>
<turn mode="chat" speaker="vincent" end_time="2:17:14 PM" turn_no="283" dialog_act="" comm_act_type="" link_to="" pos="" pos_count="" pos_origin="" topic="" polarity="">god loves a sweet mortgage</turn>
<turn mode="chat" speaker="mara" end_time="2:17:16 PM" turn_no="284" dialog_act="" comm_act_type="" link_to="" pos="" pos_count="" pos_origin="" topic="" polarity="">lol</turn>
<turn mode="chat" speaker="rachael" end_time="2:17:22 PM" turn_no="285" dialog_act="" comm_act_type="" link_to="" pos="" pos_count="" pos_origin="" topic="" polarity="">What's perume?  Perfume?</turn>
<turn mode="chat" speaker="vincent" end_time="2:17:28 PM" turn_no="286" dialog_act="" comm_act_type="" link_to="" pos="" pos_count="" pos_origin="" topic="" polarity="">sorry, eys</turn>
<turn mode="chat" speaker="vincent" end_time="2:17:29 PM" turn_no="287" dialog_act="" comm_act_type="" link_to="" pos="" pos_count="" pos_origin="" topic="" polarity="">yes</turn>
<turn mode="chat" speaker="mara" end_time="2:17:36 PM" turn_no="288" dialog_act="" comm_act_type="" link_to="" pos="" pos_count="" pos_origin="" topic="" polarity="">the smelly spray ya know?</turn>
<turn mode="chat" speaker="mara" end_time="2:17:45 PM" turn_no="289" dialog_act="" comm_act_type="" link_to="" pos="" pos_count="" pos_origin="" topic="" polarity="">oh hah sorry it was a typo</turn>
<turn mode="chat" speaker="mara" end_time="2:17:57 PM" turn_no="290" dialog_act="" comm_act_type="" link_to="" pos="" pos_count="" pos_origin="" topic="" polarity="">plus-size perfume... what is that exactly?</turn>
<turn mode="chat" speaker="rachael" end_time="2:18:04 PM" turn_no="291" dialog_act="" comm_act_type="" link_to="" pos="" pos_count="" pos_origin="" topic="" polarity="">For plus-size people?  That's a weird as Christian mortgages.</turn>
<turn mode="chat" speaker="vincent" end_time="2:18:14 PM" turn_no="292" dialog_act="" comm_act_type="" link_to="" pos="" pos_count="" pos_origin="" topic="" polarity="">it was a joke on the show, like why would perfume have to be any different?</turn>
<turn mode="chat" speaker="mara" end_time="2:18:16 PM" turn_no="293" dialog_act="" comm_act_type="" link_to="" pos="" pos_count="" pos_origin="" topic="" polarity="">OMG</turn>
<turn mode="chat" speaker="mara" end_time="2:18:36 PM" turn_no="294" dialog_act="" comm_act_type="" link_to="" pos="" pos_count="" pos_origin="" topic="" polarity="">oh funny story...</turn>
<turn mode="chat" speaker="vincent" end_time="2:18:38 PM" turn_no="295" dialog_act="" comm_act_type="" link_to="" pos="" pos_count="" pos_origin="" topic="" polarity="">marketing joke</turn>
<turn mode="chat" speaker="rachael" end_time="2:18:43 PM" turn_no="296" dialog_act="" comm_act_type="" link_to="" pos="" pos_count="" pos_origin="" topic="" polarity="">Maybe it's just a large bottle.</turn>
<turn mode="chat" speaker="vincent" end_time="2:18:56 PM" turn_no="297" dialog_act="" comm_act_type="" link_to="" pos="" pos_count="" pos_origin="" topic="" polarity="">yeah!</turn>
<turn mode="chat" speaker="vincent" end_time="2:19:19 PM" turn_no="298" dialog_act="" comm_act_type="" link_to="" pos="" pos_count="" pos_origin="" topic="" polarity="">exactly, Christian mortgages are just as funny.  so weird.</turn>
<turn mode="chat" speaker="mara" end_time="2:19:34 PM" turn_no="299" dialog_act="" comm_act_type="" link_to="" pos="" pos_count="" pos_origin="" topic="" polarity="">they have this product for your hair called "super skinny" and this heavier set lady came into the salon and was saw it and said "if i take a bath in this will it work for my body"</turn>
<turn mode="chat" speaker="vincent" end_time="2:19:52 PM" turn_no="300" dialog_act="" comm_act_type="" link_to="" pos="" pos_count="" pos_origin="" topic="" polarity="">oh no</turn>
<turn mode="chat" speaker="rachael" end_time="2:20:01 PM" turn_no="301" dialog_act="" comm_act_type="" link_to="" pos="" pos_count="" pos_origin="" topic="" polarity="">Why would you want skinny hair?</turn>
<turn mode="chat" speaker="mara" end_time="2:20:05 PM" turn_no="302" dialog_act="" comm_act_type="" link_to="" pos="" pos_count="" pos_origin="" topic="" polarity="">she had a sense of humor at least</turn>
<turn mode="chat" speaker="vincent" end_time="2:20:15 PM" turn_no="303" dialog_act="" comm_act_type="" link_to="" pos="" pos_count="" pos_origin="" topic="" polarity="">maybe if you have dreads?</turn>
<turn mode="chat" speaker="mara" end_time="2:20:25 PM" turn_no="304" dialog_act="" comm_act_type="" link_to="" pos="" pos_count="" pos_origin="" topic="" polarity="">its something that you put on before you straighten it</turn>
<turn mode="chat" speaker="mara" end_time="2:20:33 PM" turn_no="305" dialog_act="" comm_act_type="" link_to="" pos="" pos_count="" pos_origin="" topic="" polarity="">just makes it very flat and no frizzies</turn>
<turn mode="chat" speaker="mara" end_time="2:20:48 PM" turn_no="306" dialog_act="" comm_act_type="" link_to="" pos="" pos_count="" pos_origin="" topic="" polarity="">personally i think it makes my hair oily, greasy GROSS!</turn>
<turn mode="chat" speaker="rachael" end_time="2:21:11 PM" turn_no="307" dialog_act="" comm_act_type="" link_to="" pos="" pos_count="" pos_origin="" topic="" polarity="">Since I have straight hair, I could never understand that.</turn>
<turn mode="chat" speaker="vincent" end_time="2:21:51 PM" turn_no="308" dialog_act="" comm_act_type="" link_to="" pos="" pos_count="" pos_origin="" topic="" polarity="">are either of you signed up for tomorrow?</turn>
<turn mode="chat" speaker="mara" end_time="2:22:13 PM" turn_no="309" dialog_act="" comm_act_type="" link_to="" pos="" pos_count="" pos_origin="" topic="" polarity="">yes sir</turn>
<turn mode="chat" speaker="mara" end_time="2:22:19 PM" turn_no="310" dialog_act="" comm_act_type="" link_to="" pos="" pos_count="" pos_origin="" topic="" polarity="">ill be here</turn>
<turn mode="chat" speaker="rachael" end_time="2:22:25 PM" turn_no="311" dialog_act="" comm_act_type="" link_to="" pos="" pos_count="" pos_origin="" topic="" polarity="">Yes, I am.  I've done this with kids and a dog running around, so maybe tomorrow will be calmer.</turn>
<turn mode="chat" speaker="vincent" end_time="2:22:37 PM" turn_no="312" dialog_act="" comm_act_type="" link_to="" pos="" pos_count="" pos_origin="" topic="" polarity="">oh wow, you didn't let on.</turn>
<turn mode="chat" speaker="mara" end_time="2:23:00 PM" turn_no="313" dialog_act="" comm_act_type="" link_to="" pos="" pos_count="" pos_origin="" topic="" polarity="">yeah i was babysitting yesterday its not the easiest task when you have a screaming one around haha</turn>
<turn mode="chat" speaker="mara" end_time="2:23:15 PM" turn_no="314" dialog_act="" comm_act_type="" link_to="" pos="" pos_count="" pos_origin="" topic="" polarity="">what about you vincent? you be here</turn>
<turn mode="chat" speaker="rachael" end_time="2:23:22 PM" turn_no="315" dialog_act="" comm_act_type="" link_to="" pos="" pos_count="" pos_origin="" topic="" polarity="">That's only because it's typed, not audible.  So you didn't hear me telling everyone to cut it out.</turn>
<turn mode="chat" speaker="vincent" end_time="2:23:36 PM" turn_no="316" dialog_act="" comm_act_type="" link_to="" pos="" pos_count="" pos_origin="" topic="" polarity="">yeah, signed up for 1pm.  10am my time.</turn>
<turn mode="chat" speaker="mara" end_time="2:23:38 PM" turn_no="317" dialog_act="" comm_act_type="" link_to="" pos="" pos_count="" pos_origin="" topic="" polarity="">lol</turn>
<turn mode="chat" speaker="mara" end_time="2:23:58 PM" turn_no="318" dialog_act="" comm_act_type="" link_to="" pos="" pos_count="" pos_origin="" topic="" polarity="">i wish it was that early here i have a lot to do and half the day is gone</turn>
<turn mode="chat" speaker="rachael" end_time="2:24:15 PM" turn_no="319" dialog_act="" comm_act_type="" link_to="" pos="" pos_count="" pos_origin="" topic="" polarity="">Still not a word out of the mystery moderator.</turn>
<turn mode="chat" speaker="mara" end_time="2:24:21 PM" turn_no="320" dialog_act="" comm_act_type="" link_to="" pos="" pos_count="" pos_origin="" topic="" polarity="">i stayed out too late last night so i was lazy till now</turn>
<turn mode="chat" speaker="vincent" end_time="2:24:30 PM" turn_no="321" dialog_act="" comm_act_type="" link_to="" pos="" pos_count="" pos_origin="" topic="" polarity="">we need to provoke them next time.  find out what makes them mad.</turn>
<turn mode="chat" speaker="rachael" end_time="2:24:39 PM" turn_no="322" dialog_act="" comm_act_type="" link_to="" pos="" pos_count="" pos_origin="" topic="" polarity="">LOL</turn>
<turn mode="chat" speaker="vincent" end_time="2:24:46 PM" turn_no="323" dialog_act="" comm_act_type="" link_to="" pos="" pos_count="" pos_origin="" topic="" polarity="">big Friday night?</turn>
<turn mode="chat" speaker="mara" end_time="2:24:47 PM" turn_no="324" dialog_act="" comm_act_type="" link_to="" pos="" pos_count="" pos_origin="" topic="" polarity="">its weird... i signed on this chat at like noon and they were blue... so maybe they really arent on right now</turn>
<turn mode="chat" speaker="rachael" end_time="2:24:54 PM" turn_no="325" dialog_act="" comm_act_type="" link_to="" pos="" pos_count="" pos_origin="" topic="" polarity="">Everyone has a weak spot...</turn>
<turn mode="chat" speaker="mara" end_time="2:24:58 PM" turn_no="326" dialog_act="" comm_act_type="" link_to="" pos="" pos_count="" pos_origin="" topic="" polarity="">yes too BIG for me</turn>
<turn mode="chat" speaker="vincent" end_time="2:25:11 PM" turn_no="327" dialog_act="" comm_act_type="" link_to="" pos="" pos_count="" pos_origin="" topic="" polarity="">I hear that we can "address them" if we have a problem...</turn>
<turn mode="chat" speaker="mara" end_time="2:25:21 PM" turn_no="328" dialog_act="" comm_act_type="" link_to="" pos="" pos_count="" pos_origin="" topic="" polarity="">ohhhhh</turn>
<turn mode="chat" speaker="mara" end_time="2:25:46 PM" turn_no="329" dialog_act="" comm_act_type="" link_to="" pos="" pos_count="" pos_origin="" topic="" polarity="">well my screen just did what yours did i think vincent</turn>
<turn mode="chat" speaker="mara" end_time="2:25:51 PM" turn_no="330" dialog_act="" comm_act_type="" link_to="" pos="" pos_count="" pos_origin="" topic="" polarity="">weird!</turn>
<turn mode="chat" speaker="vincent" end_time="2:25:59 PM" turn_no="331" dialog_act="" comm_act_type="" link_to="" pos="" pos_count="" pos_origin="" topic="" polarity="">yeah, it bounced you up to earlier in the conversation?</turn>
<turn mode="chat" speaker="rachael" end_time="2:26:08 PM" turn_no="332" dialog_act="" comm_act_type="" link_to="" pos="" pos_count="" pos_origin="" topic="" polarity="">What are your screens doing?  Mine's fine so far.</turn>
<turn mode="chat" speaker="mara" end_time="2:26:27 PM" turn_no="333" dialog_act="" comm_act_type="" link_to="" pos="" pos_count="" pos_origin="" topic="" polarity="">yup thats what it did..</turn>
<turn mode="chat" speaker="rachael" end_time="2:26:45 PM" turn_no="334" dialog_act="" comm_act_type="" link_to="" pos="" pos_count="" pos_origin="" topic="" polarity="">Odd.</turn>
<turn mode="chat" speaker="vincent" end_time="2:26:51 PM" turn_no="335" dialog_act="" comm_act_type="" link_to="" pos="" pos_count="" pos_origin="" topic="" polarity="">weird.</turn>
<turn mode="chat" speaker="vincent" end_time="2:27:08 PM" turn_no="336" dialog_act="" comm_act_type="" link_to="" pos="" pos_count="" pos_origin="" topic="" polarity="">okay folks, I'm gonna sign out.  tomorrow?</turn>
<turn mode="chat" speaker="mara" end_time="2:27:13 PM" turn_no="337" dialog_act="" comm_act_type="" link_to="" pos="" pos_count="" pos_origin="" topic="" polarity="">i need to shower and get my lazy butt in motions</turn>
<turn mode="chat" speaker="vincent" end_time="2:27:21 PM" turn_no="338" dialog_act="" comm_act_type="" link_to="" pos="" pos_count="" pos_origin="" topic="" polarity="">good luck!</turn>
<turn mode="chat" speaker="mara" end_time="2:27:22 PM" turn_no="339" dialog_act="" comm_act_type="" link_to="" pos="" pos_count="" pos_origin="" topic="" polarity="">to tomorrow!!!! CHEERS</turn>
<turn mode="chat" speaker="mara" end_time="2:27:24 PM" turn_no="340" dialog_act="" comm_act_type="" link_to="" pos="" pos_count="" pos_origin="" topic="" polarity="">haha</turn>
<turn mode="chat" speaker="rachael" end_time="2:27:30 PM" turn_no="341" dialog_act="" comm_act_type="" link_to="" pos="" pos_count="" pos_origin="" topic="" polarity="">See you tomorrow.  Not sure how to sign out!</turn>
<turn mode="chat" speaker="mara" end_time="2:27:34 PM" turn_no="342" dialog_act="" comm_act_type="" link_to="" pos="" pos_count="" pos_origin="" topic="" polarity="">have  a good day ill miss you</turn>
<turn mode="chat" speaker="mara" end_time="2:27:34 PM" turn_no="343" dialog_act="" comm_act_type="" link_to="" pos="" pos_count="" pos_origin="" topic="" polarity="">haha</turn>
<turn mode="chat" speaker="vincent" end_time="2:27:47 PM" turn_no="344" dialog_act="" comm_act_type="" link_to="" pos="" pos_count="" pos_origin="" topic="" polarity="">just close the window, then it takes you to a survey</turn>
<turn mode="chat" speaker="mara" end_time="2:27:47 PM" turn_no="345" dialog_act="" comm_act_type="" link_to="" pos="" pos_count="" pos_origin="" topic="" polarity="">just X out</turn>
<turn mode="chat" speaker="vincent" end_time="2:27:52 PM" turn_no="346" dialog_act="" comm_act_type="" link_to="" pos="" pos_count="" pos_origin="" topic="" polarity="">ha</turn>
<turn mode="chat" speaker="rachael" end_time="2:27:54 PM" turn_no="347" dialog_act="" comm_act_type="" link_to="" pos="" pos_count="" pos_origin="" topic="" polarity="">Thanks!</turn>
<turn mode="chat" speaker="vincent" end_time="2:27:54 PM" turn_no="348" dialog_act="" comm_act_type="" link_to="" pos="" pos_count="" pos_origin="" topic="" polarity="">bye!</turn>
<turn mode="chat" speaker="mara" end_time="2:28:00 PM" turn_no="349" dialog_act="" comm_act_type="" link_to="" pos="" pos_count="" pos_origin="" topic="" polarity="">ok bye bye</turn>
</Dialogue>
