<?xml version="1.0" encoding="UTF-8" ?>
<Dialogue date="2010-02-27" >
<turn mode="chat" speaker="melany" end_time="19:58:45 PM" turn_no="1" dialog_act="" comm_act_type="" link_to="" pos="" pos_count="" pos_origin="" topic="" polarity="">hey 8urrrrrrveryboy</turn>
<turn mode="chat" speaker="melany" end_time="19:58:53 PM" turn_no="2" dialog_act="" comm_act_type="" link_to="" pos="" pos_count="" pos_origin="" topic="" polarity="">sorry that was my roommate</turn>
<turn mode="chat" speaker="melany" end_time="19:58:55 PM" turn_no="3" dialog_act="" comm_act_type="" link_to="" pos="" pos_count="" pos_origin="" topic="" polarity="">hi everyone</turn>
<turn mode="chat" speaker="david" end_time="19:59:05 PM" turn_no="4" dialog_act="" comm_act_type="" link_to="" pos="" pos_count="" pos_origin="" topic="" polarity="">hello</turn>
<turn mode="chat" speaker="ariel" end_time="19:59:39 PM" turn_no="5" dialog_act="" comm_act_type="" link_to="" pos="" pos_count="" pos_origin="" topic="" polarity="">hey</turn>
<turn mode="chat" speaker="cinthia" end_time="20:00:40 PM" turn_no="6" dialog_act="" comm_act_type="" link_to="" pos="" pos_count="" pos_origin="" topic="" polarity="">hey guys</turn>
<turn mode="chat" speaker="moderator" end_time="20:01:16 PM" turn_no="7" dialog_act="" comm_act_type="" link_to="" pos="" pos_count="" pos_origin="" topic="" polarity="">Hi guys. Please wait a few moments. I believe a couple other people may show up.</turn>
<turn mode="chat" speaker="ariel" end_time="20:02:32 PM" turn_no="8" dialog_act="" comm_act_type="" link_to="" pos="" pos_count="" pos_origin="" topic="" polarity="">kk!</turn>
<turn mode="chat" speaker="ariel" end_time="20:02:46 PM" turn_no="9" dialog_act="" comm_act_type="" link_to="" pos="" pos_count="" pos_origin="" topic="" polarity="">sounds good to me im gonna get some munchies</turn>
<turn mode="chat" speaker="moderator" end_time="20:03:46 PM" turn_no="10" dialog_act="" comm_act_type="" link_to="" pos="" pos_count="" pos_origin="" topic="" polarity="">There are a couple people less in Group B. luke and melany, could you please join Group B.</turn>
<turn mode="chat" speaker="melany" end_time="20:03:53 PM" turn_no="11" dialog_act="" comm_act_type="" link_to="" pos="" pos_count="" pos_origin="" topic="" polarity="">ok</turn>
<turn mode="chat" speaker="luke" end_time="20:04:05 PM" turn_no="12" dialog_act="" comm_act_type="" link_to="" pos="" pos_count="" pos_origin="" topic="" polarity="">kkkkkk</turn>
<turn mode="chat" speaker="david" end_time="20:04:56 PM" turn_no="13" dialog_act="" comm_act_type="" link_to="" pos="" pos_count="" pos_origin="" topic="" polarity="">informal tally who's going to win the gold medal game, canada or U.S.? -basically, somebody said something about food or snacks that wasn't relevant to our assigment, so i'm doing the same thing -</turn>
<turn mode="chat" speaker="david" end_time="20:05:21 PM" turn_no="14" dialog_act="" comm_act_type="" link_to="" pos="" pos_count="" pos_origin="" topic="" polarity="">okay , well - maybe we can get started</turn>
<turn mode="chat" speaker="moderator" end_time="20:05:25 PM" turn_no="15" dialog_act="" comm_act_type="" link_to="" pos="" pos_count="" pos_origin="" topic="" polarity="">josh, could you please lead today?</turn>
<turn mode="chat" speaker="moderator" end_time="20:05:26 PM" turn_no="16" dialog_act="" comm_act_type="" link_to="" pos="" pos_count="" pos_origin="" topic="" polarity="">You simply have to ensure that the discussion stays on track and that you (as a group) reach a consensus at the end.</turn>
<turn mode="chat" speaker="josh" end_time="20:06:44 PM" turn_no="17" dialog_act="" comm_act_type="" link_to="" pos="" pos_count="" pos_origin="" topic="" polarity="">ok</turn>
<turn mode="chat" speaker="moderator" end_time="20:06:58 PM" turn_no="18" dialog_act="" comm_act_type="" link_to="" pos="" pos_count="" pos_origin="" topic="" polarity="">Great, you may begin now, guys! :-)</turn>
<turn mode="chat" speaker="cinthia" end_time="20:07:28 PM" turn_no="19" dialog_act="" comm_act_type="" link_to="" pos="" pos_count="" pos_origin="" topic="" polarity="">ight so who read it already?</turn>
<turn mode="chat" speaker="josh" end_time="20:07:38 PM" turn_no="20" dialog_act="" comm_act_type="" link_to="" pos="" pos_count="" pos_origin="" topic="" polarity="">not me lol</turn>
<turn mode="chat" speaker="cinthia" end_time="20:07:45 PM" turn_no="21" dialog_act="" comm_act_type="" link_to="" pos="" pos_count="" pos_origin="" topic="" polarity="">i wish i were a kid tryin it out</turn>
<turn mode="chat" speaker="david" end_time="20:08:01 PM" turn_no="22" dialog_act="" comm_act_type="" link_to="" pos="" pos_count="" pos_origin="" topic="" polarity="">i read it, its about choosing a different tour of a learning facility, based on the criteria</turn>
<turn mode="chat" speaker="david" end_time="20:08:14 PM" turn_no="23" dialog_act="" comm_act_type="" link_to="" pos="" pos_count="" pos_origin="" topic="" polarity="">one of the criteria however, is anything else we think is important</turn>
<turn mode="chat" speaker="leah" end_time="20:09:30 PM" turn_no="24" dialog_act="" comm_act_type="" link_to="" pos="" pos_count="" pos_origin="" topic="" polarity="">hello everyone sorry for being late</turn>
<turn mode="chat" speaker="cinthia" end_time="20:09:33 PM" turn_no="25" dialog_act="" comm_act_type="" link_to="" pos="" pos_count="" pos_origin="" topic="" polarity="">i personaly like the tour of the world one</turn>
<turn mode="chat" speaker="david" end_time="20:09:54 PM" turn_no="26" dialog_act="" comm_act_type="" link_to="" pos="" pos_count="" pos_origin="" topic="" polarity="">i think wildlife and marine are pretty good for that age group - the science would proly have the best impact for job creation, but that's not really a criterion, unless it's the last - plus, a tour of a science museum might be too complex for 5th grade</turn>
<turn mode="chat" speaker="cinthia" end_time="20:10:34 PM" turn_no="27" dialog_act="" comm_act_type="" link_to="" pos="" pos_count="" pos_origin="" topic="" polarity="">exactly</turn>
<turn mode="chat" speaker="david" end_time="20:11:01 PM" turn_no="28" dialog_act="" comm_act_type="" link_to="" pos="" pos_count="" pos_origin="" topic="" polarity="">well, i'm not sure about exactly - but it's something to look into or consider, those points maybe</turn>
<turn mode="chat" speaker="cinthia" end_time="20:11:49 PM" turn_no="29" dialog_act="" comm_act_type="" link_to="" pos="" pos_count="" pos_origin="" topic="" polarity="">lets start with the criterion of which will be easiest to learn</turn>
<turn mode="chat" speaker="david" end_time="20:12:44 PM" turn_no="30" dialog_act="" comm_act_type="" link_to="" pos="" pos_count="" pos_origin="" topic="" polarity="">i think art history requires more perspective and more experience, it's tough for 5th graders</turn>
<turn mode="chat" speaker="david" end_time="20:12:48 PM" turn_no="31" dialog_act="" comm_act_type="" link_to="" pos="" pos_count="" pos_origin="" topic="" polarity="">would be my guess</turn>
<turn mode="chat" speaker="ariel" end_time="20:12:52 PM" turn_no="32" dialog_act="" comm_act_type="" link_to="" pos="" pos_count="" pos_origin="" topic="" polarity="">sorry about that this program closed and i had to restart it :(</turn>
<turn mode="chat" speaker="josh" end_time="20:12:52 PM" turn_no="33" dialog_act="" comm_act_type="" link_to="" pos="" pos_count="" pos_origin="" topic="" polarity="">the virtual tour looks like it would be something fun and interesting for the kids so i think we should choose one that 5th graders dont really like to learn about and maybe the virtual tour will cause them to like that type of material more than they would have in a traditional class room</turn>
<turn mode="chat" speaker="david" end_time="20:12:57 PM" turn_no="34" dialog_act="" comm_act_type="" link_to="" pos="" pos_count="" pos_origin="" topic="" polarity="">so maybe we can cross that off , sort of</turn>
<turn mode="chat" speaker="leah" end_time="20:12:59 PM" turn_no="35" dialog_act="" comm_act_type="" link_to="" pos="" pos_count="" pos_origin="" topic="" polarity="">i think wildlife would be easiest to learn because it would captivate their interest alot</turn>
<turn mode="chat" speaker="david" end_time="20:13:16 PM" turn_no="36" dialog_act="" comm_act_type="" link_to="" pos="" pos_count="" pos_origin="" topic="" polarity="">i think wildlife too</turn>
<turn mode="chat" speaker="ariel" end_time="20:13:27 PM" turn_no="37" dialog_act="" comm_act_type="" link_to="" pos="" pos_count="" pos_origin="" topic="" polarity="">Yeah</turn>
<turn mode="chat" speaker="david" end_time="20:13:29 PM" turn_no="38" dialog_act="" comm_act_type="" link_to="" pos="" pos_count="" pos_origin="" topic="" polarity="">it would really captivate their interest</turn>
<turn mode="chat" speaker="leah" end_time="20:13:34 PM" turn_no="39" dialog_act="" comm_act_type="" link_to="" pos="" pos_count="" pos_origin="" topic="" polarity="">definitely</turn>
<turn mode="chat" speaker="ariel" end_time="20:13:38 PM" turn_no="40" dialog_act="" comm_act_type="" link_to="" pos="" pos_count="" pos_origin="" topic="" polarity="">but i do have to say that the world tour sounds good to me as well</turn>
<turn mode="chat" speaker="ariel" end_time="20:13:54 PM" turn_no="41" dialog_act="" comm_act_type="" link_to="" pos="" pos_count="" pos_origin="" topic="" polarity="">i mean isent the 5th grade the classic age where kids learn all 50 states and capitals?</turn>
<turn mode="chat" speaker="david" end_time="20:14:10 PM" turn_no="42" dialog_act="" comm_act_type="" link_to="" pos="" pos_count="" pos_origin="" topic="" polarity="">yeah, but world tour is even better</turn>
<turn mode="chat" speaker="cinthia" end_time="20:14:14 PM" turn_no="43" dialog_act="" comm_act_type="" link_to="" pos="" pos_count="" pos_origin="" topic="" polarity="">i agree</turn>
<turn mode="chat" speaker="ariel" end_time="20:14:37 PM" turn_no="44" dialog_act="" comm_act_type="" link_to="" pos="" pos_count="" pos_origin="" topic="" polarity="">I mean i'll be honest i missed out on geography as a kid</turn>
<turn mode="chat" speaker="david" end_time="20:14:38 PM" turn_no="45" dialog_act="" comm_act_type="" link_to="" pos="" pos_count="" pos_origin="" topic="" polarity="">yeah, thatd be pretty cool - if u want to do a virtual world tour right, it'd proly be cost prohibitive for most places</turn>
<turn mode="chat" speaker="ariel" end_time="20:14:47 PM" turn_no="46" dialog_act="" comm_act_type="" link_to="" pos="" pos_count="" pos_origin="" topic="" polarity="">and now im in history class and i have no clue where anything is</turn>
<turn mode="chat" speaker="leah" end_time="20:14:51 PM" turn_no="47" dialog_act="" comm_act_type="" link_to="" pos="" pos_count="" pos_origin="" topic="" polarity="">lol</turn>
<turn mode="chat" speaker="cinthia" end_time="20:14:53 PM" turn_no="48" dialog_act="" comm_act_type="" link_to="" pos="" pos_count="" pos_origin="" topic="" polarity="">haha ariel</turn>
<turn mode="chat" speaker="cinthia" end_time="20:14:55 PM" turn_no="49" dialog_act="" comm_act_type="" link_to="" pos="" pos_count="" pos_origin="" topic="" polarity="">me too</turn>
<turn mode="chat" speaker="cinthia" end_time="20:15:08 PM" turn_no="50" dialog_act="" comm_act_type="" link_to="" pos="" pos_count="" pos_origin="" topic="" polarity="">but like especially with the new earthquake they could have it shown</turn>
<turn mode="chat" speaker="cinthia" end_time="20:15:16 PM" turn_no="51" dialog_act="" comm_act_type="" link_to="" pos="" pos_count="" pos_origin="" topic="" polarity="">and raise awareness with that age group of how they can help</turn>
<turn mode="chat" speaker="ariel" end_time="20:15:28 PM" turn_no="52" dialog_act="" comm_act_type="" link_to="" pos="" pos_count="" pos_origin="" topic="" polarity="">like it was so sad... they gave us an empty map and my group of 5 ppl came up with like 1/6th the countries and they were almost all wrong</turn>
<turn mode="chat" speaker="leah" end_time="20:15:34 PM" turn_no="53" dialog_act="" comm_act_type="" link_to="" pos="" pos_count="" pos_origin="" topic="" polarity="">great point</turn>
<turn mode="chat" speaker="david" end_time="20:15:34 PM" turn_no="54" dialog_act="" comm_act_type="" link_to="" pos="" pos_count="" pos_origin="" topic="" polarity="">one way to solve that is to look at a map, like google maps for example</turn>
<turn mode="chat" speaker="josh" end_time="20:16:00 PM" turn_no="55" dialog_act="" comm_act_type="" link_to="" pos="" pos_count="" pos_origin="" topic="" polarity="">yea that does sound good</turn>
<turn mode="chat" speaker="leah" end_time="20:16:54 PM" turn_no="56" dialog_act="" comm_act_type="" link_to="" pos="" pos_count="" pos_origin="" topic="" polarity="">and it gives them views of different important geographical places as well</turn>
<turn mode="chat" speaker="david" end_time="20:17:31 PM" turn_no="57" dialog_act="" comm_act_type="" link_to="" pos="" pos_count="" pos_origin="" topic="" polarity="">yeah, the world tour would be good - it is interesting content</turn>
<turn mode="chat" speaker="cinthia" end_time="20:17:42 PM" turn_no="58" dialog_act="" comm_act_type="" link_to="" pos="" pos_count="" pos_origin="" topic="" polarity="">generate interest in the countries potential for travel</turn>
<turn mode="chat" speaker="josh" end_time="20:17:56 PM" turn_no="59" dialog_act="" comm_act_type="" link_to="" pos="" pos_count="" pos_origin="" topic="" polarity="">ok so which ones would we def not want to do?</turn>
<turn mode="chat" speaker="ariel" end_time="20:17:57 PM" turn_no="60" dialog_act="" comm_act_type="" link_to="" pos="" pos_count="" pos_origin="" topic="" polarity="">yeah and i think that real life pictures of each place would also give them something to remember</turn>
<turn mode="chat" speaker="david" end_time="20:18:04 PM" turn_no="61" dialog_act="" comm_act_type="" link_to="" pos="" pos_count="" pos_origin="" topic="" polarity="">yeah, showing some places in each area</turn>
<turn mode="chat" speaker="leah" end_time="20:18:11 PM" turn_no="62" dialog_act="" comm_act_type="" link_to="" pos="" pos_count="" pos_origin="" topic="" polarity="">mhm</turn>
<turn mode="chat" speaker="david" end_time="20:18:24 PM" turn_no="63" dialog_act="" comm_act_type="" link_to="" pos="" pos_count="" pos_origin="" topic="" polarity="">yeah, some real life videos and pictures would help bring to life</turn>
<turn mode="chat" speaker="cinthia" end_time="20:18:35 PM" turn_no="64" dialog_act="" comm_act_type="" link_to="" pos="" pos_count="" pos_origin="" topic="" polarity="">not art</turn>
<turn mode="chat" speaker="leah" end_time="20:18:44 PM" turn_no="65" dialog_act="" comm_act_type="" link_to="" pos="" pos_count="" pos_origin="" topic="" polarity="">I think a famous historical museum would be boring</turn>
<turn mode="chat" speaker="ariel" end_time="20:19:02 PM" turn_no="66" dialog_act="" comm_act_type="" link_to="" pos="" pos_count="" pos_origin="" topic="" polarity="">yeah i agree to both of those</turn>
<turn mode="chat" speaker="josh" end_time="20:19:40 PM" turn_no="67" dialog_act="" comm_act_type="" link_to="" pos="" pos_count="" pos_origin="" topic="" polarity="">ok so history and art are out of the question</turn>
<turn mode="chat" speaker="david" end_time="20:19:41 PM" turn_no="68" dialog_act="" comm_act_type="" link_to="" pos="" pos_count="" pos_origin="" topic="" polarity="">it wouldnt be boring, but we have to consider its 5th graders - and it might be too dry for them - i mean, it would be too dry for me at points, but mostly i think it would enjoyable</turn>
<turn mode="chat" speaker="ariel" end_time="20:19:58 PM" turn_no="69" dialog_act="" comm_act_type="" link_to="" pos="" pos_count="" pos_origin="" topic="" polarity="">you know like i do think that a interactive tour of a famous science museum could be fun</turn>
<turn mode="chat" speaker="david" end_time="20:20:04 PM" turn_no="70" dialog_act="" comm_act_type="" link_to="" pos="" pos_count="" pos_origin="" topic="" polarity="">yeah, they're not real relateable for 5th graders, so we should cross those off josh</turn>
<turn mode="chat" speaker="ariel" end_time="20:20:10 PM" turn_no="71" dialog_act="" comm_act_type="" link_to="" pos="" pos_count="" pos_origin="" topic="" polarity="">have any of you ever heard of the liberty science center?</turn>
<turn mode="chat" speaker="cinthia" end_time="20:20:15 PM" turn_no="72" dialog_act="" comm_act_type="" link_to="" pos="" pos_count="" pos_origin="" topic="" polarity="">no</turn>
<turn mode="chat" speaker="leah" end_time="20:20:19 PM" turn_no="73" dialog_act="" comm_act_type="" link_to="" pos="" pos_count="" pos_origin="" topic="" polarity="">no</turn>
<turn mode="chat" speaker="josh" end_time="20:20:23 PM" turn_no="74" dialog_act="" comm_act_type="" link_to="" pos="" pos_count="" pos_origin="" topic="" polarity="">yea ive been there</turn>
<turn mode="chat" speaker="david" end_time="20:20:25 PM" turn_no="75" dialog_act="" comm_act_type="" link_to="" pos="" pos_count="" pos_origin="" topic="" polarity="">the Boston Children's Science Museum is world class</turn>
<turn mode="chat" speaker="david" end_time="20:20:47 PM" turn_no="76" dialog_act="" comm_act_type="" link_to="" pos="" pos_count="" pos_origin="" topic="" polarity="">its really, really good - i dont know the liberty science center though</turn>
<turn mode="chat" speaker="cinthia" end_time="20:20:58 PM" turn_no="77" dialog_act="" comm_act_type="" link_to="" pos="" pos_count="" pos_origin="" topic="" polarity="">personally... i have an interactive science center at home near ithaca and it is awesome</turn>
<turn mode="chat" speaker="david" end_time="20:20:59 PM" turn_no="78" dialog_act="" comm_act_type="" link_to="" pos="" pos_count="" pos_origin="" topic="" polarity="">wheres liberty</turn>
<turn mode="chat" speaker="cinthia" end_time="20:21:08 PM" turn_no="79" dialog_act="" comm_act_type="" link_to="" pos="" pos_count="" pos_origin="" topic="" polarity="">but if we already have them why make more? make something different</turn>
<turn mode="chat" speaker="josh" end_time="20:21:20 PM" turn_no="80" dialog_act="" comm_act_type="" link_to="" pos="" pos_count="" pos_origin="" topic="" polarity="">thats true</turn>
<turn mode="chat" speaker="ariel" end_time="20:21:24 PM" turn_no="81" dialog_act="" comm_act_type="" link_to="" pos="" pos_count="" pos_origin="" topic="" polarity="">its so cool its very interactive... like to teach you touch perception they have a pitch black tunnel where kids can climb through with there families for quite a bit... to teach gravity they have a rock wall</turn>
<turn mode="chat" speaker="david" end_time="20:21:26 PM" turn_no="82" dialog_act="" comm_act_type="" link_to="" pos="" pos_count="" pos_origin="" topic="" polarity="">yeah, Ithaca has a lot of those things despite being an otherwise small town, because of the university there</turn>
<turn mode="chat" speaker="cinthia" end_time="20:21:52 PM" turn_no="83" dialog_act="" comm_act_type="" link_to="" pos="" pos_count="" pos_origin="" topic="" polarity="">have u been there ariel</turn>
<turn mode="chat" speaker="david" end_time="20:21:55 PM" turn_no="84" dialog_act="" comm_act_type="" link_to="" pos="" pos_count="" pos_origin="" topic="" polarity="">well, the virtual world tour is different</turn>
<turn mode="chat" speaker="cinthia" end_time="20:21:58 PM" turn_no="85" dialog_act="" comm_act_type="" link_to="" pos="" pos_count="" pos_origin="" topic="" polarity="">it was so much fun when i was little</turn>
<turn mode="chat" speaker="ariel" end_time="20:22:07 PM" turn_no="86" dialog_act="" comm_act_type="" link_to="" pos="" pos_count="" pos_origin="" topic="" polarity="">link</turn>
<turn mode="chat" speaker="david" end_time="20:22:12 PM" turn_no="87" dialog_act="" comm_act_type="" link_to="" pos="" pos_count="" pos_origin="" topic="" polarity="">yeah, they're all real interactive</turn>
<turn mode="chat" speaker="ariel" end_time="20:22:14 PM" turn_no="88" dialog_act="" comm_act_type="" link_to="" pos="" pos_count="" pos_origin="" topic="" polarity="">yeah of course i have!</turn>
<turn mode="chat" speaker="leah" end_time="20:22:18 PM" turn_no="89" dialog_act="" comm_act_type="" link_to="" pos="" pos_count="" pos_origin="" topic="" polarity="">i think if we did do the museums it should be a museum that they can't have a class trip to go to..</turn>
<turn mode="chat" speaker="ariel" end_time="20:22:31 PM" turn_no="90" dialog_act="" comm_act_type="" link_to="" pos="" pos_count="" pos_origin="" topic="" polarity="">yeah i agree!</turn>
<turn mode="chat" speaker="josh" end_time="20:22:36 PM" turn_no="91" dialog_act="" comm_act_type="" link_to="" pos="" pos_count="" pos_origin="" topic="" polarity="">ok so lets go down the list and weed out which ones we can use</turn>
<turn mode="chat" speaker="ariel" end_time="20:22:47 PM" turn_no="92" dialog_act="" comm_act_type="" link_to="" pos="" pos_count="" pos_origin="" topic="" polarity="">it wouldnt limit the budet so much</turn>
<turn mode="chat" speaker="josh" end_time="20:23:25 PM" turn_no="93" dialog_act="" comm_act_type="" link_to="" pos="" pos_count="" pos_origin="" topic="" polarity="">for which program will be easiest for students to learn and use? what woud you guys pick?</turn>
<turn mode="chat" speaker="david" end_time="20:23:25 PM" turn_no="94" dialog_act="" comm_act_type="" link_to="" pos="" pos_count="" pos_origin="" topic="" polarity="">i've been to this one a bunch of times, its one minute from hanover, NH and where another school is , it's real good for kids - it's called Montshire Museum of Science and is for kids: link</turn>
<turn mode="chat" speaker="cinthia" end_time="20:23:48 PM" turn_no="95" dialog_act="" comm_act_type="" link_to="" pos="" pos_count="" pos_origin="" topic="" polarity="">i would pick world</turn>
<turn mode="chat" speaker="leah" end_time="20:24:01 PM" turn_no="96" dialog_act="" comm_act_type="" link_to="" pos="" pos_count="" pos_origin="" topic="" polarity="">marine life and wildlife</turn>
<turn mode="chat" speaker="david" end_time="20:24:14 PM" turn_no="97" dialog_act="" comm_act_type="" link_to="" pos="" pos_count="" pos_origin="" topic="" polarity="">kids can use things related to wildlife, bc they have sounboards you press and a narrator comes on, and explains the wildlife and their habitat, etc. - and all the time the kids are looking at them</turn>
<turn mode="chat" speaker="ariel" end_time="20:24:24 PM" turn_no="98" dialog_act="" comm_act_type="" link_to="" pos="" pos_count="" pos_origin="" topic="" polarity="">you know... i didnt think of this before but its costing $50,000!</turn>
<turn mode="chat" speaker="david" end_time="20:24:36 PM" turn_no="99" dialog_act="" comm_act_type="" link_to="" pos="" pos_count="" pos_origin="" topic="" polarity="">i mean, wildlife and zoos are sometimes sad places, bc animals are trapped - but they might not be alive otherwise</turn>
<turn mode="chat" speaker="cinthia" end_time="20:24:49 PM" turn_no="100" dialog_act="" comm_act_type="" link_to="" pos="" pos_count="" pos_origin="" topic="" polarity="">i actually am not sure id want a 3D animal one</turn>
<turn mode="chat" speaker="ariel" end_time="20:24:51 PM" turn_no="101" dialog_act="" comm_act_type="" link_to="" pos="" pos_count="" pos_origin="" topic="" polarity="">I think perhaps that the science museum is not the best idea now actually</turn>
<turn mode="chat" speaker="cinthia" end_time="20:24:53 PM" turn_no="102" dialog_act="" comm_act_type="" link_to="" pos="" pos_count="" pos_origin="" topic="" polarity="">you could just go to a zoo</turn>
<turn mode="chat" speaker="josh" end_time="20:25:07 PM" turn_no="103" dialog_act="" comm_act_type="" link_to="" pos="" pos_count="" pos_origin="" topic="" polarity="">you could</turn>
<turn mode="chat" speaker="leah" end_time="20:25:13 PM" turn_no="104" dialog_act="" comm_act_type="" link_to="" pos="" pos_count="" pos_origin="" topic="" polarity="">yea i just thought about that too</turn>
<turn mode="chat" speaker="david" end_time="20:25:17 PM" turn_no="105" dialog_act="" comm_act_type="" link_to="" pos="" pos_count="" pos_origin="" topic="" polarity="">yeah, but a zoo isn't 3D -- its 4D - and we want something 3D -</turn>
<turn mode="chat" speaker="ariel" end_time="20:25:18 PM" turn_no="106" dialog_act="" comm_act_type="" link_to="" pos="" pos_count="" pos_origin="" topic="" polarity="">yeah but you wouldnt see them as natural</turn>
<turn mode="chat" speaker="david" end_time="20:25:18 PM" turn_no="107" dialog_act="" comm_act_type="" link_to="" pos="" pos_count="" pos_origin="" topic="" polarity="">haha</turn>
<turn mode="chat" speaker="cinthia" end_time="20:25:32 PM" turn_no="108" dialog_act="" comm_act_type="" link_to="" pos="" pos_count="" pos_origin="" topic="" polarity="">like i work with kids and we always have local animal places bring in animals</turn>
<turn mode="chat" speaker="cinthia" end_time="20:25:36 PM" turn_no="109" dialog_act="" comm_act_type="" link_to="" pos="" pos_count="" pos_origin="" topic="" polarity="">snakes frogs birds</turn>
<turn mode="chat" speaker="ariel" end_time="20:25:42 PM" turn_no="110" dialog_act="" comm_act_type="" link_to="" pos="" pos_count="" pos_origin="" topic="" polarity="">yeah but 3D doesnt mean they would end up being polygonal</turn>
<turn mode="chat" speaker="ariel" end_time="20:25:53 PM" turn_no="111" dialog_act="" comm_act_type="" link_to="" pos="" pos_count="" pos_origin="" topic="" polarity="">i mean the avatar movie looked so REAL and it wasent</turn>
<turn mode="chat" speaker="josh" end_time="20:26:15 PM" turn_no="112" dialog_act="" comm_act_type="" link_to="" pos="" pos_count="" pos_origin="" topic="" polarity="">i like the geography</turn>
<turn mode="chat" speaker="david" end_time="20:26:17 PM" turn_no="113" dialog_act="" comm_act_type="" link_to="" pos="" pos_count="" pos_origin="" topic="" polarity="">maybe they could see Avatar, i still haven't seen that - but yeah , this comment is relevant bc it shows whether kids would repsond to three dimensional exhibits, and i think its clear they would like it - and this movie had animals in it supposedly</turn>
<turn mode="chat" speaker="cinthia" end_time="20:26:42 PM" turn_no="114" dialog_act="" comm_act_type="" link_to="" pos="" pos_count="" pos_origin="" topic="" polarity="">it was amazing</turn>
<turn mode="chat" speaker="ariel" end_time="20:26:51 PM" turn_no="115" dialog_act="" comm_act_type="" link_to="" pos="" pos_count="" pos_origin="" topic="" polarity="">yeah it did and they were amazing looking animals</turn>
<turn mode="chat" speaker="leah" end_time="20:26:58 PM" turn_no="116" dialog_act="" comm_act_type="" link_to="" pos="" pos_count="" pos_origin="" topic="" polarity="">thats a great point david</turn>
<turn mode="chat" speaker="cinthia" end_time="20:26:59 PM" turn_no="117" dialog_act="" comm_act_type="" link_to="" pos="" pos_count="" pos_origin="" topic="" polarity="">and thats also a mythological world</turn>
<turn mode="chat" speaker="josh" end_time="20:28:18 PM" turn_no="118" dialog_act="" comm_act_type="" link_to="" pos="" pos_count="" pos_origin="" topic="" polarity="">for which program has the most relatable and interesting content for students I think they would like the wildlife the most</turn>
<turn mode="chat" speaker="cinthia" end_time="20:28:34 PM" turn_no="119" dialog_act="" comm_act_type="" link_to="" pos="" pos_count="" pos_origin="" topic="" polarity="">ya</turn>
<turn mode="chat" speaker="leah" end_time="20:28:37 PM" turn_no="120" dialog_act="" comm_act_type="" link_to="" pos="" pos_count="" pos_origin="" topic="" polarity="">yeap</turn>
<turn mode="chat" speaker="josh" end_time="20:28:42 PM" turn_no="121" dialog_act="" comm_act_type="" link_to="" pos="" pos_count="" pos_origin="" topic="" polarity="">kids are always interested in animals</turn>
<turn mode="chat" speaker="david" end_time="20:28:43 PM" turn_no="122" dialog_act="" comm_act_type="" link_to="" pos="" pos_count="" pos_origin="" topic="" polarity="">yeah, definitely - they could have canus lupis, the North American Grey Wolf</turn>
<turn mode="chat" speaker="david" end_time="20:29:04 PM" turn_no="123" dialog_act="" comm_act_type="" link_to="" pos="" pos_count="" pos_origin="" topic="" polarity="">they are really fierce and live in packs, so thats very interesting animal for kids i think</turn>
<turn mode="chat" speaker="leah" end_time="20:29:41 PM" turn_no="124" dialog_act="" comm_act_type="" link_to="" pos="" pos_count="" pos_origin="" topic="" polarity="">yeap and they can see many exotic animals that exist in the amazon and not in a typical zoo</turn>
<turn mode="chat" speaker="josh" end_time="20:29:48 PM" turn_no="125" dialog_act="" comm_act_type="" link_to="" pos="" pos_count="" pos_origin="" topic="" polarity="">yea</turn>
<turn mode="chat" speaker="cinthia" end_time="20:30:07 PM" turn_no="126" dialog_act="" comm_act_type="" link_to="" pos="" pos_count="" pos_origin="" topic="" polarity="">true</turn>
<turn mode="chat" speaker="david" end_time="20:30:08 PM" turn_no="127" dialog_act="" comm_act_type="" link_to="" pos="" pos_count="" pos_origin="" topic="" polarity="">yeah, they can see a giraffe -which you might not be able to see in a typical zoo</turn>
<turn mode="chat" speaker="cinthia" end_time="20:30:24 PM" turn_no="128" dialog_act="" comm_act_type="" link_to="" pos="" pos_count="" pos_origin="" topic="" polarity="">i guess w animals and world u could see both aspects in eaxh</turn>
<turn mode="chat" speaker="cinthia" end_time="20:30:29 PM" turn_no="129" dialog_act="" comm_act_type="" link_to="" pos="" pos_count="" pos_origin="" topic="" polarity="">each*</turn>
<turn mode="chat" speaker="leah" end_time="20:30:41 PM" turn_no="130" dialog_act="" comm_act_type="" link_to="" pos="" pos_count="" pos_origin="" topic="" polarity="">yes its hard to choose</turn>
<turn mode="chat" speaker="cinthia" end_time="20:30:54 PM" turn_no="131" dialog_act="" comm_act_type="" link_to="" pos="" pos_count="" pos_origin="" topic="" polarity="">im def between those two</turn>
<turn mode="chat" speaker="josh" end_time="20:30:59 PM" turn_no="132" dialog_act="" comm_act_type="" link_to="" pos="" pos_count="" pos_origin="" topic="" polarity="">yea</turn>
<turn mode="chat" speaker="josh" end_time="20:31:18 PM" turn_no="133" dialog_act="" comm_act_type="" link_to="" pos="" pos_count="" pos_origin="" topic="" polarity="">but then for the 3rd question (most important factor) which program will have the most educational impact when compared to or augmented by traditional teaching methods?</turn>
<turn mode="chat" speaker="josh" end_time="20:31:37 PM" turn_no="134" dialog_act="" comm_act_type="" link_to="" pos="" pos_count="" pos_origin="" topic="" polarity="">I think the geography is the best</turn>
<turn mode="chat" speaker="cinthia" end_time="20:31:47 PM" turn_no="135" dialog_act="" comm_act_type="" link_to="" pos="" pos_count="" pos_origin="" topic="" polarity="">ditto im partial tho</turn>
<turn mode="chat" speaker="leah" end_time="20:32:11 PM" turn_no="136" dialog_act="" comm_act_type="" link_to="" pos="" pos_count="" pos_origin="" topic="" polarity="">im partial too</turn>
<turn mode="chat" speaker="david" end_time="20:32:17 PM" turn_no="137" dialog_act="" comm_act_type="" link_to="" pos="" pos_count="" pos_origin="" topic="" polarity="">well - they could look at biosystems, or different types of climates and habitats, and learn about those aspects in the classroom - and then on the tour see the animals indiginous to each habitat</turn>
<turn mode="chat" speaker="cinthia" end_time="20:33:01 PM" turn_no="138" dialog_act="" comm_act_type="" link_to="" pos="" pos_count="" pos_origin="" topic="" polarity="">exactly!</turn>
<turn mode="chat" speaker="cinthia" end_time="20:33:20 PM" turn_no="139" dialog_act="" comm_act_type="" link_to="" pos="" pos_count="" pos_origin="" topic="" polarity="">i feel like that might have the most content</turn>
<turn mode="chat" speaker="leah" end_time="20:33:34 PM" turn_no="140" dialog_act="" comm_act_type="" link_to="" pos="" pos_count="" pos_origin="" topic="" polarity="">definitely the most content</turn>
<turn mode="chat" speaker="josh" end_time="20:34:26 PM" turn_no="141" dialog_act="" comm_act_type="" link_to="" pos="" pos_count="" pos_origin="" topic="" polarity="">yea that is very tru</turn>
<turn mode="chat" speaker="cinthia" end_time="20:34:39 PM" turn_no="142" dialog_act="" comm_act_type="" link_to="" pos="" pos_count="" pos_origin="" topic="" polarity="">exactly</turn>
<turn mode="chat" speaker="ariel" end_time="20:34:47 PM" turn_no="143" dialog_act="" comm_act_type="" link_to="" pos="" pos_count="" pos_origin="" topic="" polarity="">yeah i think they would get the most for there money with that as well</turn>
<turn mode="chat" speaker="ariel" end_time="20:34:57 PM" turn_no="144" dialog_act="" comm_act_type="" link_to="" pos="" pos_count="" pos_origin="" topic="" polarity="">more content means they learn more</turn>
<turn mode="chat" speaker="cinthia" end_time="20:35:18 PM" turn_no="145" dialog_act="" comm_act_type="" link_to="" pos="" pos_count="" pos_origin="" topic="" polarity="">more $?</turn>
<turn mode="chat" speaker="leah" end_time="20:35:33 PM" turn_no="146" dialog_act="" comm_act_type="" link_to="" pos="" pos_count="" pos_origin="" topic="" polarity="">??</turn>
<turn mode="chat" speaker="ariel" end_time="20:35:48 PM" turn_no="147" dialog_act="" comm_act_type="" link_to="" pos="" pos_count="" pos_origin="" topic="" polarity="">yeah</turn>
<turn mode="chat" speaker="david" end_time="20:35:49 PM" turn_no="148" dialog_act="" comm_act_type="" link_to="" pos="" pos_count="" pos_origin="" topic="" polarity="">yeah, it might cost a lot of money you mean?</turn>
<turn mode="chat" speaker="cinthia" end_time="20:35:54 PM" turn_no="149" dialog_act="" comm_act_type="" link_to="" pos="" pos_count="" pos_origin="" topic="" polarity="">ya</turn>
<turn mode="chat" speaker="cinthia" end_time="20:36:00 PM" turn_no="150" dialog_act="" comm_act_type="" link_to="" pos="" pos_count="" pos_origin="" topic="" polarity="">kinda wat ariel said</turn>
<turn mode="chat" speaker="ariel" end_time="20:36:08 PM" turn_no="151" dialog_act="" comm_act_type="" link_to="" pos="" pos_count="" pos_origin="" topic="" polarity="">no we know it costs 50k right?</turn>
<turn mode="chat" speaker="david" end_time="20:36:10 PM" turn_no="152" dialog_act="" comm_act_type="" link_to="" pos="" pos_count="" pos_origin="" topic="" polarity="">but we don't have to be concerned with cost</turn>
<turn mode="chat" speaker="leah" end_time="20:36:14 PM" turn_no="153" dialog_act="" comm_act_type="" link_to="" pos="" pos_count="" pos_origin="" topic="" polarity="">right</turn>
<turn mode="chat" speaker="josh" end_time="20:36:16 PM" turn_no="154" dialog_act="" comm_act_type="" link_to="" pos="" pos_count="" pos_origin="" topic="" polarity="">yea</turn>
<turn mode="chat" speaker="ariel" end_time="20:36:17 PM" turn_no="155" dialog_act="" comm_act_type="" link_to="" pos="" pos_count="" pos_origin="" topic="" polarity="">so what im saying is that its a large topic to cover</turn>
<turn mode="chat" speaker="david" end_time="20:36:17 PM" turn_no="156" dialog_act="" comm_act_type="" link_to="" pos="" pos_count="" pos_origin="" topic="" polarity="">oh yeah, we get 50</turn>
<turn mode="chat" speaker="leah" end_time="20:36:24 PM" turn_no="157" dialog_act="" comm_act_type="" link_to="" pos="" pos_count="" pos_origin="" topic="" polarity="">mhm</turn>
<turn mode="chat" speaker="josh" end_time="20:36:25 PM" turn_no="158" dialog_act="" comm_act_type="" link_to="" pos="" pos_count="" pos_origin="" topic="" polarity="">dont worry about the money</turn>
<turn mode="chat" speaker="cinthia" end_time="20:38:07 PM" turn_no="159" dialog_act="" comm_act_type="" link_to="" pos="" pos_count="" pos_origin="" topic="" polarity="">i thoguht this was gonna be hard but it turned out pretty simple</turn>
<turn mode="chat" speaker="ariel" end_time="20:38:16 PM" turn_no="160" dialog_act="" comm_act_type="" link_to="" pos="" pos_count="" pos_origin="" topic="" polarity="">yeah...</turn>
<turn mode="chat" speaker="cinthia" end_time="20:38:20 PM" turn_no="161" dialog_act="" comm_act_type="" link_to="" pos="" pos_count="" pos_origin="" topic="" polarity="">i think everyone wants to travel the world and thats an interest even when your little</turn>
<turn mode="chat" speaker="leah" end_time="20:38:20 PM" turn_no="162" dialog_act="" comm_act_type="" link_to="" pos="" pos_count="" pos_origin="" topic="" polarity="">yea it definitely did...</turn>
<turn mode="chat" speaker="ariel" end_time="20:38:47 PM" turn_no="163" dialog_act="" comm_act_type="" link_to="" pos="" pos_count="" pos_origin="" topic="" polarity="">so we are all decided on the world tour then?</turn>
<turn mode="chat" speaker="cinthia" end_time="20:38:59 PM" turn_no="164" dialog_act="" comm_act_type="" link_to="" pos="" pos_count="" pos_origin="" topic="" polarity="">aye</turn>
<turn mode="chat" speaker="josh" end_time="20:39:21 PM" turn_no="165" dialog_act="" comm_act_type="" link_to="" pos="" pos_count="" pos_origin="" topic="" polarity="">yea and it is something that is very important to learn and it can be a little dry to learn in the traditional classroom</turn>
<turn mode="chat" speaker="david" end_time="20:39:24 PM" turn_no="166" dialog_act="" comm_act_type="" link_to="" pos="" pos_count="" pos_origin="" topic="" polarity="">yeah</turn>
<turn mode="chat" speaker="cinthia" end_time="20:39:41 PM" turn_no="167" dialog_act="" comm_act_type="" link_to="" pos="" pos_count="" pos_origin="" topic="" polarity="">i hated geo in school cuz there was no richness to it</turn>
<turn mode="chat" speaker="cinthia" end_time="20:39:51 PM" turn_no="168" dialog_act="" comm_act_type="" link_to="" pos="" pos_count="" pos_origin="" topic="" polarity="">"here's where this country is.. memorize it:</turn>
<turn mode="chat" speaker="david" end_time="20:39:52 PM" turn_no="169" dialog_act="" comm_act_type="" link_to="" pos="" pos_count="" pos_origin="" topic="" polarity="">yeah, this moves them out of the classroom - and is something they may not be able to do in real life, at that time</turn>
<turn mode="chat" speaker="cinthia" end_time="20:39:53 PM" turn_no="170" dialog_act="" comm_act_type="" link_to="" pos="" pos_count="" pos_origin="" topic="" polarity="">"8</turn>
<turn mode="chat" speaker="leah" end_time="20:40:01 PM" turn_no="171" dialog_act="" comm_act_type="" link_to="" pos="" pos_count="" pos_origin="" topic="" polarity="">yea so dry..</turn>
<turn mode="chat" speaker="ariel" end_time="20:40:29 PM" turn_no="172" dialog_act="" comm_act_type="" link_to="" pos="" pos_count="" pos_origin="" topic="" polarity="">"8?</turn>
<turn mode="chat" speaker="josh" end_time="20:40:49 PM" turn_no="173" dialog_act="" comm_act_type="" link_to="" pos="" pos_count="" pos_origin="" topic="" polarity="">yea whats 8?</turn>
<turn mode="chat" speaker="david" end_time="20:40:53 PM" turn_no="174" dialog_act="" comm_act_type="" link_to="" pos="" pos_count="" pos_origin="" topic="" polarity="">8 what?</turn>
<turn mode="chat" speaker="cinthia" end_time="20:40:57 PM" turn_no="175" dialog_act="" comm_act_type="" link_to="" pos="" pos_count="" pos_origin="" topic="" polarity="">i meant to say "*</turn>
<turn mode="chat" speaker="cinthia" end_time="20:41:01 PM" turn_no="176" dialog_act="" comm_act_type="" link_to="" pos="" pos_count="" pos_origin="" topic="" polarity="">for a mistake earlier</turn>
<turn mode="chat" speaker="leah" end_time="20:41:05 PM" turn_no="177" dialog_act="" comm_act_type="" link_to="" pos="" pos_count="" pos_origin="" topic="" polarity="">oooo</turn>
<turn mode="chat" speaker="david" end_time="20:41:20 PM" turn_no="178" dialog_act="" comm_act_type="" link_to="" pos="" pos_count="" pos_origin="" topic="" polarity="">is that an abbreviation for mistake?</turn>
<turn mode="chat" speaker="josh" end_time="20:41:21 PM" turn_no="179" dialog_act="" comm_act_type="" link_to="" pos="" pos_count="" pos_origin="" topic="" polarity="">ok</turn>
<turn mode="chat" speaker="ariel" end_time="20:41:23 PM" turn_no="180" dialog_act="" comm_act_type="" link_to="" pos="" pos_count="" pos_origin="" topic="" polarity="">that hurts my brain</turn>
<turn mode="chat" speaker="leah" end_time="20:41:31 PM" turn_no="181" dialog_act="" comm_act_type="" link_to="" pos="" pos_count="" pos_origin="" topic="" polarity="">yea the asterisk</turn>
<turn mode="chat" speaker="david" end_time="20:41:32 PM" turn_no="182" dialog_act="" comm_act_type="" link_to="" pos="" pos_count="" pos_origin="" topic="" polarity="">8 stands for mistake?</turn>
<turn mode="chat" speaker="cinthia" end_time="20:41:38 PM" turn_no="183" dialog_act="" comm_act_type="" link_to="" pos="" pos_count="" pos_origin="" topic="" polarity="">no the asterick does</turn>
<turn mode="chat" speaker="david" end_time="20:41:45 PM" turn_no="184" dialog_act="" comm_act_type="" link_to="" pos="" pos_count="" pos_origin="" topic="" polarity="">on, an asterisk does - but you have the hold the shift key too</turn>
<turn mode="chat" speaker="ariel" end_time="20:41:46 PM" turn_no="185" dialog_act="" comm_act_type="" link_to="" pos="" pos_count="" pos_origin="" topic="" polarity="">what asterisk?</turn>
<turn mode="chat" speaker="david" end_time="20:41:51 PM" turn_no="186" dialog_act="" comm_act_type="" link_to="" pos="" pos_count="" pos_origin="" topic="" polarity="">it's above the 8</turn>
<turn mode="chat" speaker="leah" end_time="20:41:56 PM" turn_no="187" dialog_act="" comm_act_type="" link_to="" pos="" pos_count="" pos_origin="" topic="" polarity="">lol</turn>
<turn mode="chat" speaker="ariel" end_time="20:42:08 PM" turn_no="188" dialog_act="" comm_act_type="" link_to="" pos="" pos_count="" pos_origin="" topic="" polarity="">ok i get it now...</turn>
<turn mode="chat" speaker="cinthia" end_time="20:42:29 PM" turn_no="189" dialog_act="" comm_act_type="" link_to="" pos="" pos_count="" pos_origin="" topic="" polarity="">im trying to do my hair and type at the same time sorry guys</turn>
<turn mode="chat" speaker="ariel" end_time="20:42:48 PM" turn_no="190" dialog_act="" comm_act_type="" link_to="" pos="" pos_count="" pos_origin="" topic="" polarity="">LOL its ok</turn>
<turn mode="chat" speaker="ariel" end_time="20:43:01 PM" turn_no="191" dialog_act="" comm_act_type="" link_to="" pos="" pos_count="" pos_origin="" topic="" polarity="">so... anyone have anything else to add to this?</turn>
<turn mode="chat" speaker="leah" end_time="20:43:31 PM" turn_no="192" dialog_act="" comm_act_type="" link_to="" pos="" pos_count="" pos_origin="" topic="" polarity="">lol</turn>
<turn mode="chat" speaker="josh" end_time="20:43:40 PM" turn_no="193" dialog_act="" comm_act_type="" link_to="" pos="" pos_count="" pos_origin="" topic="" polarity="">how about reason y we wouldnt pick geography</turn>
<turn mode="chat" speaker="josh" end_time="20:43:53 PM" turn_no="194" dialog_act="" comm_act_type="" link_to="" pos="" pos_count="" pos_origin="" topic="" polarity="">just to make sure its the right choice</turn>
<turn mode="chat" speaker="cinthia" end_time="20:44:14 PM" turn_no="195" dialog_act="" comm_act_type="" link_to="" pos="" pos_count="" pos_origin="" topic="" polarity="">i got nothin</turn>
<turn mode="chat" speaker="leah" end_time="20:44:22 PM" turn_no="196" dialog_act="" comm_act_type="" link_to="" pos="" pos_count="" pos_origin="" topic="" polarity="">me neither</turn>
<turn mode="chat" speaker="ariel" end_time="20:44:38 PM" turn_no="197" dialog_act="" comm_act_type="" link_to="" pos="" pos_count="" pos_origin="" topic="" polarity="">no idea</turn>
<turn mode="chat" speaker="cinthia" end_time="20:44:50 PM" turn_no="198" dialog_act="" comm_act_type="" link_to="" pos="" pos_count="" pos_origin="" topic="" polarity="">i think it would be so much fun</turn>
<turn mode="chat" speaker="cinthia" end_time="20:44:57 PM" turn_no="199" dialog_act="" comm_act_type="" link_to="" pos="" pos_count="" pos_origin="" topic="" polarity="">to go to "china" for the day</turn>
<turn mode="chat" speaker="cinthia" end_time="20:45:10 PM" turn_no="200" dialog_act="" comm_act_type="" link_to="" pos="" pos_count="" pos_origin="" topic="" polarity="">like that commercial with the girl from juno</turn>
<turn mode="chat" speaker="leah" end_time="20:45:17 PM" turn_no="201" dialog_act="" comm_act_type="" link_to="" pos="" pos_count="" pos_origin="" topic="" polarity="">mhmm</turn>
<turn mode="chat" speaker="josh" end_time="20:45:31 PM" turn_no="202" dialog_act="" comm_act_type="" link_to="" pos="" pos_count="" pos_origin="" topic="" polarity="">the only thing i would say is that you dont always see all the different types of animals in a zoo sooo</turn>
<turn mode="chat" speaker="ariel" end_time="20:45:33 PM" turn_no="203" dialog_act="" comm_act_type="" link_to="" pos="" pos_count="" pos_origin="" topic="" polarity="">geography is just important overall and pictures to help kids understand the conditions in each country would help their tolerance for other cultures i think</turn>
<turn mode="chat" speaker="josh" end_time="20:46:04 PM" turn_no="204" dialog_act="" comm_act_type="" link_to="" pos="" pos_count="" pos_origin="" topic="" polarity="">the program could show kids every animal and show them in detail</turn>
<turn mode="chat" speaker="david" end_time="20:46:06 PM" turn_no="205" dialog_act="" comm_act_type="" link_to="" pos="" pos_count="" pos_origin="" topic="" polarity="">yeah, it would teach tolerance - they could go to Holland, which is the capital of tolerance from a historical perspective</turn>
<turn mode="chat" speaker="leah" end_time="20:46:27 PM" turn_no="206" dialog_act="" comm_act_type="" link_to="" pos="" pos_count="" pos_origin="" topic="" polarity="">learn about different cultures in general</turn>
<turn mode="chat" speaker="ariel" end_time="20:46:49 PM" turn_no="207" dialog_act="" comm_act_type="" link_to="" pos="" pos_count="" pos_origin="" topic="" polarity="">yeah but are animals THAT important? i mean we could provide more understanding of their plight and chance of exstinction with a view of the big picture... like how the rain forest is disappearing</turn>
<turn mode="chat" speaker="cinthia" end_time="20:47:11 PM" turn_no="208" dialog_act="" comm_act_type="" link_to="" pos="" pos_count="" pos_origin="" topic="" polarity="">true</turn>
<turn mode="chat" speaker="josh" end_time="20:47:14 PM" turn_no="209" dialog_act="" comm_act_type="" link_to="" pos="" pos_count="" pos_origin="" topic="" polarity="">yea</turn>
<turn mode="chat" speaker="david" end_time="20:47:19 PM" turn_no="210" dialog_act="" comm_act_type="" link_to="" pos="" pos_count="" pos_origin="" topic="" polarity="">yeah, or the icecaps melting and eliminating species</turn>
<turn mode="chat" speaker="ariel" end_time="20:47:25 PM" turn_no="211" dialog_act="" comm_act_type="" link_to="" pos="" pos_count="" pos_origin="" topic="" polarity="">exactly</turn>
<turn mode="chat" speaker="david" end_time="20:47:32 PM" turn_no="212" dialog_act="" comm_act_type="" link_to="" pos="" pos_count="" pos_origin="" topic="" polarity="">but how its better elimidavid them to make money for oil</turn>
<turn mode="chat" speaker="ariel" end_time="20:47:36 PM" turn_no="213" dialog_act="" comm_act_type="" link_to="" pos="" pos_count="" pos_origin="" topic="" polarity="">i mean like tucan sam as much as the next dude but seriously</turn>
<turn mode="chat" speaker="leah" end_time="20:47:47 PM" turn_no="214" dialog_act="" comm_act_type="" link_to="" pos="" pos_count="" pos_origin="" topic="" polarity="">lol</turn>
<turn mode="chat" speaker="ariel" end_time="20:48:02 PM" turn_no="215" dialog_act="" comm_act_type="" link_to="" pos="" pos_count="" pos_origin="" topic="" polarity="">not every kid is gonna become a zoologist</turn>
<turn mode="chat" speaker="david" end_time="20:48:08 PM" turn_no="216" dialog_act="" comm_act_type="" link_to="" pos="" pos_count="" pos_origin="" topic="" polarity="">its better to keep the animals, but they want to make more money i mean</turn>
<turn mode="chat" speaker="ariel" end_time="20:48:34 PM" turn_no="217" dialog_act="" comm_act_type="" link_to="" pos="" pos_count="" pos_origin="" topic="" polarity="">we gotta understand we want to pick the topic that will be advantageous to all the kids</turn>
<turn mode="chat" speaker="josh" end_time="20:48:48 PM" turn_no="218" dialog_act="" comm_act_type="" link_to="" pos="" pos_count="" pos_origin="" topic="" polarity="">true</turn>
<turn mode="chat" speaker="josh" end_time="20:49:06 PM" turn_no="219" dialog_act="" comm_act_type="" link_to="" pos="" pos_count="" pos_origin="" topic="" polarity="">and the geography one would be that</turn>
<turn mode="chat" speaker="ariel" end_time="20:49:07 PM" turn_no="220" dialog_act="" comm_act_type="" link_to="" pos="" pos_count="" pos_origin="" topic="" polarity="">so can we not get a new topic?</turn>
<turn mode="chat" speaker="david" end_time="20:49:09 PM" turn_no="221" dialog_act="" comm_act_type="" link_to="" pos="" pos_count="" pos_origin="" topic="" polarity="">so i think world cultures is universal , everyone should learn this - yet are 5th graders able to have interest in this</turn>
<turn mode="chat" speaker="david" end_time="20:49:20 PM" turn_no="222" dialog_act="" comm_act_type="" link_to="" pos="" pos_count="" pos_origin="" topic="" polarity="">as much as compared to animals?</turn>
<turn mode="chat" speaker="ariel" end_time="20:49:28 PM" turn_no="223" dialog_act="" comm_act_type="" link_to="" pos="" pos_count="" pos_origin="" topic="" polarity="">i or should we bring out the clubs to beat this horse to death?</turn>
<turn mode="chat" speaker="david" end_time="20:49:47 PM" turn_no="224" dialog_act="" comm_act_type="" link_to="" pos="" pos_count="" pos_origin="" topic="" polarity="">yeah, get your golf clubs - def.</turn>
<turn mode="chat" speaker="leah" end_time="20:50:46 PM" turn_no="225" dialog_act="" comm_act_type="" link_to="" pos="" pos_count="" pos_origin="" topic="" polarity="">lol</turn>
<turn mode="chat" speaker="ariel" end_time="20:50:47 PM" turn_no="226" dialog_act="" comm_act_type="" link_to="" pos="" pos_count="" pos_origin="" topic="" polarity="">*poke poke*</turn>
<turn mode="chat" speaker="ariel" end_time="20:50:52 PM" turn_no="227" dialog_act="" comm_act_type="" link_to="" pos="" pos_count="" pos_origin="" topic="" polarity="">josh you dead?</turn>
<turn mode="chat" speaker="josh" end_time="20:50:57 PM" turn_no="228" dialog_act="" comm_act_type="" link_to="" pos="" pos_count="" pos_origin="" topic="" polarity="">nope</turn>
<turn mode="chat" speaker="ariel" end_time="20:51:03 PM" turn_no="229" dialog_act="" comm_act_type="" link_to="" pos="" pos_count="" pos_origin="" topic="" polarity="">damn</turn>
<turn mode="chat" speaker="david" end_time="20:51:04 PM" turn_no="230" dialog_act="" comm_act_type="" link_to="" pos="" pos_count="" pos_origin="" topic="" polarity="">he was eaten by a wild animal</turn>
<turn mode="chat" speaker="leah" end_time="20:51:08 PM" turn_no="231" dialog_act="" comm_act_type="" link_to="" pos="" pos_count="" pos_origin="" topic="" polarity="">haha</turn>
<turn mode="chat" speaker="david" end_time="20:51:10 PM" turn_no="232" dialog_act="" comm_act_type="" link_to="" pos="" pos_count="" pos_origin="" topic="" polarity="">it got lose</turn>
<turn mode="chat" speaker="ariel" end_time="20:51:14 PM" turn_no="233" dialog_act="" comm_act_type="" link_to="" pos="" pos_count="" pos_origin="" topic="" polarity="">LOL</turn>
<turn mode="chat" speaker="josh" end_time="20:51:24 PM" turn_no="234" dialog_act="" comm_act_type="" link_to="" pos="" pos_count="" pos_origin="" topic="" polarity="">just tryin to think of something to say to try to spark the convo lol</turn>
<turn mode="chat" speaker="leah" end_time="20:51:35 PM" turn_no="235" dialog_act="" comm_act_type="" link_to="" pos="" pos_count="" pos_origin="" topic="" polarity="">lol</turn>
<turn mode="chat" speaker="cinthia" end_time="20:51:43 PM" turn_no="236" dialog_act="" comm_act_type="" link_to="" pos="" pos_count="" pos_origin="" topic="" polarity="">ignite the flam</turn>
<turn mode="chat" speaker="cinthia" end_time="20:51:44 PM" turn_no="237" dialog_act="" comm_act_type="" link_to="" pos="" pos_count="" pos_origin="" topic="" polarity="">e</turn>
<turn mode="chat" speaker="josh" end_time="20:52:15 PM" turn_no="238" dialog_act="" comm_act_type="" link_to="" pos="" pos_count="" pos_origin="" topic="" polarity="">im happy that it lasted this long lol</turn>
<turn mode="chat" speaker="ariel" end_time="20:52:24 PM" turn_no="239" dialog_act="" comm_act_type="" link_to="" pos="" pos_count="" pos_origin="" topic="" polarity="">why what happened last time?</turn>
<turn mode="chat" speaker="josh" end_time="20:52:30 PM" turn_no="240" dialog_act="" comm_act_type="" link_to="" pos="" pos_count="" pos_origin="" topic="" polarity="">i thought we were gunna be done in like 10 mins</turn>
<turn mode="chat" speaker="josh" end_time="20:52:40 PM" turn_no="241" dialog_act="" comm_act_type="" link_to="" pos="" pos_count="" pos_origin="" topic="" polarity="">its an easy topic</turn>
<turn mode="chat" speaker="ariel" end_time="20:52:40 PM" turn_no="242" dialog_act="" comm_act_type="" link_to="" pos="" pos_count="" pos_origin="" topic="" polarity="">oh well i had my bat with me</turn>
<turn mode="chat" speaker="david" end_time="20:52:42 PM" turn_no="243" dialog_act="" comm_act_type="" link_to="" pos="" pos_count="" pos_origin="" topic="" polarity="">the gold medal game - it's going to be so good - Canada has a lot of animals that many American children might not be aware of - there are polar bears, seals, etc. - Canada versus U.S. the battle for the hockey soul of North America, tomorrow at 3 PM - except Canada owns hockey, so it will be tough to win but there are animals in Canada, and that is a culture we should have 5th graders learn about</turn>
<turn mode="chat" speaker="ariel" end_time="20:53:31 PM" turn_no="244" dialog_act="" comm_act_type="" link_to="" pos="" pos_count="" pos_origin="" topic="" polarity="">LOL david way to keep your thoughts organized</turn>
<turn mode="chat" speaker="ariel" end_time="20:53:40 PM" turn_no="245" dialog_act="" comm_act_type="" link_to="" pos="" pos_count="" pos_origin="" topic="" polarity="">i would probbaly shoot myself if i were your english teacher</turn>
<turn mode="chat" speaker="david" end_time="20:54:10 PM" turn_no="246" dialog_act="" comm_act_type="" link_to="" pos="" pos_count="" pos_origin="" topic="" polarity="">they are related - bc we should have kids learn about our neighbors Mexico and Canada</turn>
<turn mode="chat" speaker="david" end_time="20:54:19 PM" turn_no="247" dialog_act="" comm_act_type="" link_to="" pos="" pos_count="" pos_origin="" topic="" polarity="">to start with'</turn>
<turn mode="chat" speaker="cinthia" end_time="20:54:19 PM" turn_no="248" dialog_act="" comm_act_type="" link_to="" pos="" pos_count="" pos_origin="" topic="" polarity="">true that david</turn>
<turn mode="chat" speaker="david" end_time="20:54:33 PM" turn_no="249" dialog_act="" comm_act_type="" link_to="" pos="" pos_count="" pos_origin="" topic="" polarity="">yeah, its going to be sooo good - i can't wait</turn>
<turn mode="chat" speaker="cinthia" end_time="20:54:40 PM" turn_no="250" dialog_act="" comm_act_type="" link_to="" pos="" pos_count="" pos_origin="" topic="" polarity="">even though they are our neighbors they pry know the least</turn>
<turn mode="chat" speaker="leah" end_time="20:55:05 PM" turn_no="251" dialog_act="" comm_act_type="" link_to="" pos="" pos_count="" pos_origin="" topic="" polarity="">yea that is so true</turn>
<turn mode="chat" speaker="josh" end_time="20:55:08 PM" turn_no="252" dialog_act="" comm_act_type="" link_to="" pos="" pos_count="" pos_origin="" topic="" polarity="">they should learn about the whole world so they can understand all the cultures</turn>
<turn mode="chat" speaker="david" end_time="20:55:14 PM" turn_no="253" dialog_act="" comm_act_type="" link_to="" pos="" pos_count="" pos_origin="" topic="" polarity="">yeah, they may know much more about other countries, far away</turn>
<turn mode="chat" speaker="ariel" end_time="20:55:29 PM" turn_no="254" dialog_act="" comm_act_type="" link_to="" pos="" pos_count="" pos_origin="" topic="" polarity="">oh damn im out of muncies</turn>
<turn mode="chat" speaker="ariel" end_time="20:55:32 PM" turn_no="255" dialog_act="" comm_act_type="" link_to="" pos="" pos_count="" pos_origin="" topic="" polarity="">*munchies</turn>
<turn mode="chat" speaker="ariel" end_time="20:55:34 PM" turn_no="256" dialog_act="" comm_act_type="" link_to="" pos="" pos_count="" pos_origin="" topic="" polarity="">brb</turn>
<turn mode="chat" speaker="leah" end_time="20:56:59 PM" turn_no="257" dialog_act="" comm_act_type="" link_to="" pos="" pos_count="" pos_origin="" topic="" polarity="">so any other things to add??</turn>
<turn mode="chat" speaker="cinthia" end_time="20:56:59 PM" turn_no="258" dialog_act="" comm_act_type="" link_to="" pos="" pos_count="" pos_origin="" topic="" polarity="">i wish i had food... but i am poor</turn>
<turn mode="chat" speaker="leah" end_time="20:57:02 PM" turn_no="259" dialog_act="" comm_act_type="" link_to="" pos="" pos_count="" pos_origin="" topic="" polarity="">lol</turn>
<turn mode="chat" speaker="david" end_time="20:57:52 PM" turn_no="260" dialog_act="" comm_act_type="" link_to="" pos="" pos_count="" pos_origin="" topic="" polarity="">you should shop at price chopper , they have the best prices for deals</turn>
<turn mode="chat" speaker="cinthia" end_time="20:58:03 PM" turn_no="261" dialog_act="" comm_act_type="" link_to="" pos="" pos_count="" pos_origin="" topic="" polarity="">nahh walmart is way cheaper!</turn>
<turn mode="chat" speaker="david" end_time="20:58:07 PM" turn_no="262" dialog_act="" comm_act_type="" link_to="" pos="" pos_count="" pos_origin="" topic="" polarity="">if u go to a big price chopper espc, like demlar/slingerlands, or niskayuna</turn>
<turn mode="chat" speaker="david" end_time="20:58:36 PM" turn_no="263" dialog_act="" comm_act_type="" link_to="" pos="" pos_count="" pos_origin="" topic="" polarity="">really? somethings walmart might be cheaper - but there arent many walmarts</turn>
<turn mode="chat" speaker="david" end_time="20:58:42 PM" turn_no="264" dialog_act="" comm_act_type="" link_to="" pos="" pos_count="" pos_origin="" topic="" polarity="">compared to price choppers</turn>
<turn mode="chat" speaker="leah" end_time="20:58:48 PM" turn_no="265" dialog_act="" comm_act_type="" link_to="" pos="" pos_count="" pos_origin="" topic="" polarity="">yea i think walmart is cheaper</turn>
<turn mode="chat" speaker="cinthia" end_time="20:59:18 PM" turn_no="266" dialog_act="" comm_act_type="" link_to="" pos="" pos_count="" pos_origin="" topic="" polarity="">true the big one on washington is amazing</turn>
<turn mode="chat" speaker="david" end_time="20:59:45 PM" turn_no="267" dialog_act="" comm_act_type="" link_to="" pos="" pos_count="" pos_origin="" topic="" polarity="">wait, there is a walmart on washington ave?</turn>
<turn mode="chat" speaker="leah" end_time="20:59:49 PM" turn_no="268" dialog_act="" comm_act_type="" link_to="" pos="" pos_count="" pos_origin="" topic="" polarity="">yeap it has alot of things for the most part</turn>
<turn mode="chat" speaker="josh" end_time="20:59:58 PM" turn_no="269" dialog_act="" comm_act_type="" link_to="" pos="" pos_count="" pos_origin="" topic="" polarity="">it is but GEOGRAPHY wise its far away compared to pchopp</turn>
<turn mode="chat" speaker="cinthia" end_time="21:00:01 PM" turn_no="270" dialog_act="" comm_act_type="" link_to="" pos="" pos_count="" pos_origin="" topic="" polarity="">its the biggest on the east coast</turn>
<turn mode="chat" speaker="cinthia" end_time="21:00:11 PM" turn_no="271" dialog_act="" comm_act_type="" link_to="" pos="" pos_count="" pos_origin="" topic="" polarity="">ha josh tones</turn>
<turn mode="chat" speaker="david" end_time="21:00:14 PM" turn_no="272" dialog_act="" comm_act_type="" link_to="" pos="" pos_count="" pos_origin="" topic="" polarity="">theres a walmart on washington ave? where?</turn>
<turn mode="chat" speaker="cinthia" end_time="21:00:42 PM" turn_no="273" dialog_act="" comm_act_type="" link_to="" pos="" pos_count="" pos_origin="" topic="" polarity="">washington ave extension</turn>
<turn mode="chat" speaker="leah" end_time="21:00:55 PM" turn_no="274" dialog_act="" comm_act_type="" link_to="" pos="" pos_count="" pos_origin="" topic="" polarity="">crossgates commons</turn>
<turn mode="chat" speaker="david" end_time="21:01:07 PM" turn_no="275" dialog_act="" comm_act_type="" link_to="" pos="" pos_count="" pos_origin="" topic="" polarity="">oh, i know where it is then - okay</turn>
<turn mode="chat" speaker="david" end_time="21:01:17 PM" turn_no="276" dialog_act="" comm_act_type="" link_to="" pos="" pos_count="" pos_origin="" topic="" polarity="">maybe i should go there</turn>
<turn mode="chat" speaker="david" end_time="21:01:20 PM" turn_no="277" dialog_act="" comm_act_type="" link_to="" pos="" pos_count="" pos_origin="" topic="" polarity="">thanks</turn>
<turn mode="chat" speaker="cinthia" end_time="21:01:25 PM" turn_no="278" dialog_act="" comm_act_type="" link_to="" pos="" pos_count="" pos_origin="" topic="" polarity="">yeah u should</turn>
<turn mode="chat" speaker="cinthia" end_time="21:01:27 PM" turn_no="279" dialog_act="" comm_act_type="" link_to="" pos="" pos_count="" pos_origin="" topic="" polarity="">much cheaper</turn>
<turn mode="chat" speaker="cinthia" end_time="21:01:36 PM" turn_no="280" dialog_act="" comm_act_type="" link_to="" pos="" pos_count="" pos_origin="" topic="" polarity="">like from 100 at pc to 70 at walmart</turn>
<turn mode="chat" speaker="leah" end_time="21:01:43 PM" turn_no="281" dialog_act="" comm_act_type="" link_to="" pos="" pos_count="" pos_origin="" topic="" polarity="">yeap</turn>
<turn mode="chat" speaker="david" end_time="21:02:14 PM" turn_no="282" dialog_act="" comm_act_type="" link_to="" pos="" pos_count="" pos_origin="" topic="" polarity="">wow, thats amazing - i def. should go there, thanks for the tip</turn>
<turn mode="chat" speaker="josh" end_time="21:02:18 PM" turn_no="283" dialog_act="" comm_act_type="" link_to="" pos="" pos_count="" pos_origin="" topic="" polarity="">ok i got an idea</turn>
<turn mode="chat" speaker="leah" end_time="21:02:24 PM" turn_no="284" dialog_act="" comm_act_type="" link_to="" pos="" pos_count="" pos_origin="" topic="" polarity="">lol</turn>
<turn mode="chat" speaker="josh" end_time="21:03:13 PM" turn_no="285" dialog_act="" comm_act_type="" link_to="" pos="" pos_count="" pos_origin="" topic="" polarity="">how bout we talk about what would be taught in the geography program lol</turn>
<turn mode="chat" speaker="ariel" end_time="21:03:15 PM" turn_no="286" dialog_act="" comm_act_type="" link_to="" pos="" pos_count="" pos_origin="" topic="" polarity="">that walmart at crossgates commons btw is the larges in the world</turn>
<turn mode="chat" speaker="cinthia" end_time="21:03:16 PM" turn_no="287" dialog_act="" comm_act_type="" link_to="" pos="" pos_count="" pos_origin="" topic="" polarity="">wat</turn>
<turn mode="chat" speaker="josh" end_time="21:03:23 PM" turn_no="288" dialog_act="" comm_act_type="" link_to="" pos="" pos_count="" pos_origin="" topic="" polarity="">jus to stay on topic</turn>
<turn mode="chat" speaker="david" end_time="21:03:24 PM" turn_no="289" dialog_act="" comm_act_type="" link_to="" pos="" pos_count="" pos_origin="" topic="" polarity="">no, it cant be</turn>
<turn mode="chat" speaker="cinthia" end_time="21:03:41 PM" turn_no="290" dialog_act="" comm_act_type="" link_to="" pos="" pos_count="" pos_origin="" topic="" polarity="">well about the environments</turn>
<turn mode="chat" speaker="ariel" end_time="21:03:41 PM" turn_no="291" dialog_act="" comm_act_type="" link_to="" pos="" pos_count="" pos_origin="" topic="" polarity="">or maybe that was america</turn>
<turn mode="chat" speaker="ariel" end_time="21:03:47 PM" turn_no="292" dialog_act="" comm_act_type="" link_to="" pos="" pos_count="" pos_origin="" topic="" polarity="">well one of them anyway</turn>
<turn mode="chat" speaker="ariel" end_time="21:03:47 PM" turn_no="293" dialog_act="" comm_act_type="" link_to="" pos="" pos_count="" pos_origin="" topic="" polarity="">lol</turn>
<turn mode="chat" speaker="cinthia" end_time="21:03:48 PM" turn_no="294" dialog_act="" comm_act_type="" link_to="" pos="" pos_count="" pos_origin="" topic="" polarity="">wars</turn>
<turn mode="chat" speaker="david" end_time="21:03:48 PM" turn_no="295" dialog_act="" comm_act_type="" link_to="" pos="" pos_count="" pos_origin="" topic="" polarity="">are u serious?</turn>
<turn mode="chat" speaker="leah" end_time="21:03:53 PM" turn_no="296" dialog_act="" comm_act_type="" link_to="" pos="" pos_count="" pos_origin="" topic="" polarity="">lol</turn>
<turn mode="chat" speaker="ariel" end_time="21:03:54 PM" turn_no="297" dialog_act="" comm_act_type="" link_to="" pos="" pos_count="" pos_origin="" topic="" polarity="">ya</turn>
<turn mode="chat" speaker="david" end_time="21:04:00 PM" turn_no="298" dialog_act="" comm_act_type="" link_to="" pos="" pos_count="" pos_origin="" topic="" polarity="">no, it cant be -</turn>
<turn mode="chat" speaker="leah" end_time="21:04:03 PM" turn_no="299" dialog_act="" comm_act_type="" link_to="" pos="" pos_count="" pos_origin="" topic="" polarity="">lol</turn>
<turn mode="chat" speaker="david" end_time="21:04:17 PM" turn_no="300" dialog_act="" comm_act_type="" link_to="" pos="" pos_count="" pos_origin="" topic="" polarity="">i mean, dont they have one in arkansas that is real good</turn>
<turn mode="chat" speaker="leah" end_time="21:04:21 PM" turn_no="301" dialog_act="" comm_act_type="" link_to="" pos="" pos_count="" pos_origin="" topic="" polarity="">lol</turn>
<turn mode="chat" speaker="david" end_time="21:04:22 PM" turn_no="302" dialog_act="" comm_act_type="" link_to="" pos="" pos_count="" pos_origin="" topic="" polarity="">thats the headquarters</turn>
<turn mode="chat" speaker="david" end_time="21:04:26 PM" turn_no="303" dialog_act="" comm_act_type="" link_to="" pos="" pos_count="" pos_origin="" topic="" polarity="">i'm serious</turn>
<turn mode="chat" speaker="david" end_time="21:04:29 PM" turn_no="304" dialog_act="" comm_act_type="" link_to="" pos="" pos_count="" pos_origin="" topic="" polarity="">its form arkansas</turn>
<turn mode="chat" speaker="david" end_time="21:04:43 PM" turn_no="305" dialog_act="" comm_act_type="" link_to="" pos="" pos_count="" pos_origin="" topic="" polarity="">those guys , the Waltons, they all went to school at UArkansas</turn>
<turn mode="chat" speaker="david" end_time="21:04:57 PM" turn_no="306" dialog_act="" comm_act_type="" link_to="" pos="" pos_count="" pos_origin="" topic="" polarity="">and three of them are on the the 15 richest list in the world</turn>
<turn mode="chat" speaker="ariel" end_time="21:04:59 PM" turn_no="307" dialog_act="" comm_act_type="" link_to="" pos="" pos_count="" pos_origin="" topic="" polarity="">link</turn>
<turn mode="chat" speaker="leah" end_time="21:05:04 PM" turn_no="308" dialog_act="" comm_act_type="" link_to="" pos="" pos_count="" pos_origin="" topic="" polarity="">i think they should teach history not just the history of the u.s.</turn>
<turn mode="chat" speaker="cinthia" end_time="21:05:07 PM" turn_no="309" dialog_act="" comm_act_type="" link_to="" pos="" pos_count="" pos_origin="" topic="" polarity="">i want to go to uarkansas then</turn>
<turn mode="chat" speaker="ariel" end_time="21:05:13 PM" turn_no="310" dialog_act="" comm_act_type="" link_to="" pos="" pos_count="" pos_origin="" topic="" polarity="">"Walmart SuperCenter largest in the country! Phone:(518) 869-4694  Map Location: Crossgates Commons "</turn>
<turn mode="chat" speaker="david" end_time="21:06:03 PM" turn_no="311" dialog_act="" comm_act_type="" link_to="" pos="" pos_count="" pos_origin="" topic="" polarity="">right, its the largest WalMart Super Center in the country, but not the largest WalMart in the country</turn>
<turn mode="chat" speaker="david" end_time="21:06:09 PM" turn_no="312" dialog_act="" comm_act_type="" link_to="" pos="" pos_count="" pos_origin="" topic="" polarity="">haha, nah ,im just kidding</turn>
<turn mode="chat" speaker="leah" end_time="21:06:27 PM" turn_no="313" dialog_act="" comm_act_type="" link_to="" pos="" pos_count="" pos_origin="" topic="" polarity="">lol</turn>
<turn mode="chat" speaker="david" end_time="21:06:29 PM" turn_no="314" dialog_act="" comm_act_type="" link_to="" pos="" pos_count="" pos_origin="" topic="" polarity="">its def. the biggest, i didnt realize that, thanks for the link - i've been spending too much money then all this time at Price Chopper</turn>
<turn mode="chat" speaker="david" end_time="21:06:40 PM" turn_no="315" dialog_act="" comm_act_type="" link_to="" pos="" pos_count="" pos_origin="" topic="" polarity="">i wont go to the chopper again</turn>
<turn mode="chat" speaker="leah" end_time="21:07:17 PM" turn_no="316" dialog_act="" comm_act_type="" link_to="" pos="" pos_count="" pos_origin="" topic="" polarity="">def save ur $$</turn>
<turn mode="chat" speaker="david" end_time="21:07:29 PM" turn_no="317" dialog_act="" comm_act_type="" link_to="" pos="" pos_count="" pos_origin="" topic="" polarity="">yeah, thats what im looking to do</turn>
<turn mode="chat" speaker="ariel" end_time="21:07:56 PM" turn_no="318" dialog_act="" comm_act_type="" link_to="" pos="" pos_count="" pos_origin="" topic="" polarity="">so geography ... ummm yeah</turn>
<turn mode="chat" speaker="leah" end_time="21:07:59 PM" turn_no="319" dialog_act="" comm_act_type="" link_to="" pos="" pos_count="" pos_origin="" topic="" polarity="">lol</turn>
<turn mode="chat" speaker="josh" end_time="21:08:00 PM" turn_no="320" dialog_act="" comm_act_type="" link_to="" pos="" pos_count="" pos_origin="" topic="" polarity="">ya</turn>
<turn mode="chat" speaker="leah" end_time="21:08:07 PM" turn_no="321" dialog_act="" comm_act_type="" link_to="" pos="" pos_count="" pos_origin="" topic="" polarity="">rightttt...</turn>
<turn mode="chat" speaker="josh" end_time="21:08:16 PM" turn_no="322" dialog_act="" comm_act_type="" link_to="" pos="" pos_count="" pos_origin="" topic="" polarity="">ok we got 20 mins left</turn>
<turn mode="chat" speaker="ariel" end_time="21:08:45 PM" turn_no="323" dialog_act="" comm_act_type="" link_to="" pos="" pos_count="" pos_origin="" topic="" polarity="">so... geography is good! its ummm good to know where in this tiny world you are</turn>
<turn mode="chat" speaker="ariel" end_time="21:08:52 PM" turn_no="324" dialog_act="" comm_act_type="" link_to="" pos="" pos_count="" pos_origin="" topic="" polarity="">and just how much of a spec you are</turn>
<turn mode="chat" speaker="josh" end_time="21:08:52 PM" turn_no="325" dialog_act="" comm_act_type="" link_to="" pos="" pos_count="" pos_origin="" topic="" polarity="">so lets just try to finish it up with talking bout something with geography lol</turn>
<turn mode="chat" speaker="leah" end_time="21:08:59 PM" turn_no="326" dialog_act="" comm_act_type="" link_to="" pos="" pos_count="" pos_origin="" topic="" polarity="">lol</turn>
<turn mode="chat" speaker="leah" end_time="21:09:15 PM" turn_no="327" dialog_act="" comm_act_type="" link_to="" pos="" pos_count="" pos_origin="" topic="" polarity="">seasons and time zones are good to know</turn>
<turn mode="chat" speaker="cinthia" end_time="21:09:22 PM" turn_no="328" dialog_act="" comm_act_type="" link_to="" pos="" pos_count="" pos_origin="" topic="" polarity="">oh yeah that would be fun</turn>
<turn mode="chat" speaker="cinthia" end_time="21:10:18 PM" turn_no="329" dialog_act="" comm_act_type="" link_to="" pos="" pos_count="" pos_origin="" topic="" polarity="">ive always wondered what season diff countries are in while were in fall or spring or what not</turn>
<turn mode="chat" speaker="josh" end_time="21:10:37 PM" turn_no="330" dialog_act="" comm_act_type="" link_to="" pos="" pos_count="" pos_origin="" topic="" polarity="">i think they should go to each country and tell about how its geography is then tell about the people that live there</turn>
<turn mode="chat" speaker="david" end_time="21:10:44 PM" turn_no="331" dialog_act="" comm_act_type="" link_to="" pos="" pos_count="" pos_origin="" topic="" polarity="">u can look at the equator for that</turn>
<turn mode="chat" speaker="david" end_time="21:10:55 PM" turn_no="332" dialog_act="" comm_act_type="" link_to="" pos="" pos_count="" pos_origin="" topic="" polarity="">australia is in summer right now for example</turn>
<turn mode="chat" speaker="ariel" end_time="21:11:27 PM" turn_no="333" dialog_act="" comm_act_type="" link_to="" pos="" pos_count="" pos_origin="" topic="" polarity="">really?</turn>
<turn mode="chat" speaker="ariel" end_time="21:11:33 PM" turn_no="334" dialog_act="" comm_act_type="" link_to="" pos="" pos_count="" pos_origin="" topic="" polarity="">well would you look at that</turn>
<turn mode="chat" speaker="david" end_time="21:11:52 PM" turn_no="335" dialog_act="" comm_act_type="" link_to="" pos="" pos_count="" pos_origin="" topic="" polarity="">sarcasm - not really good for 5th graders</turn>
<turn mode="chat" speaker="josh" end_time="21:12:04 PM" turn_no="336" dialog_act="" comm_act_type="" link_to="" pos="" pos_count="" pos_origin="" topic="" polarity="">nope</turn>
<turn mode="chat" speaker="leah" end_time="21:12:24 PM" turn_no="337" dialog_act="" comm_act_type="" link_to="" pos="" pos_count="" pos_origin="" topic="" polarity="">lol</turn>
<turn mode="chat" speaker="cinthia" end_time="21:12:47 PM" turn_no="338" dialog_act="" comm_act_type="" link_to="" pos="" pos_count="" pos_origin="" topic="" polarity="">5th graders are lil shits</turn>
<turn mode="chat" speaker="cinthia" end_time="21:12:49 PM" turn_no="339" dialog_act="" comm_act_type="" link_to="" pos="" pos_count="" pos_origin="" topic="" polarity="">excuse my language</turn>
<turn mode="chat" speaker="ariel" end_time="21:12:52 PM" turn_no="340" dialog_act="" comm_act_type="" link_to="" pos="" pos_count="" pos_origin="" topic="" polarity="">lol</turn>
<turn mode="chat" speaker="cinthia" end_time="21:12:56 PM" turn_no="341" dialog_act="" comm_act_type="" link_to="" pos="" pos_count="" pos_origin="" topic="" polarity="">they are more sarcastic then our generation</turn>
<turn mode="chat" speaker="david" end_time="21:13:13 PM" turn_no="342" dialog_act="" comm_act_type="" link_to="" pos="" pos_count="" pos_origin="" topic="" polarity="">yeah ariel, 5th graders arent responsive to wise comments - so u should keep in mind this is all for 5th graders, and not abuse them</turn>
<turn mode="chat" speaker="leah" end_time="21:13:59 PM" turn_no="343" dialog_act="" comm_act_type="" link_to="" pos="" pos_count="" pos_origin="" topic="" polarity="">lol</turn>
<turn mode="chat" speaker="ariel" end_time="21:14:16 PM" turn_no="344" dialog_act="" comm_act_type="" link_to="" pos="" pos_count="" pos_origin="" topic="" polarity="">the 5th graders are getting the computer program not our conversation</turn>
<turn mode="chat" speaker="david" end_time="21:14:19 PM" turn_no="345" dialog_act="" comm_act_type="" link_to="" pos="" pos_count="" pos_origin="" topic="" polarity="">oh, im just being stupid and trying to elicit a reaction from ariel - this is</turn>
<turn mode="chat" speaker="david" end_time="21:14:27 PM" turn_no="346" dialog_act="" comm_act_type="" link_to="" pos="" pos_count="" pos_origin="" topic="" polarity="">about studying online dialogue</turn>
<turn mode="chat" speaker="david" end_time="21:16:09 PM" turn_no="347" dialog_act="" comm_act_type="" link_to="" pos="" pos_count="" pos_origin="" topic="" polarity="">they may be, yet the topic about seasons came up - and so a general rule of thumb is to consider the countrys distance from the equator in degrees of latitude, this is the best indicator for climate - NYS for example, is about 40 degrees latittude</turn>
<turn mode="chat" speaker="david" end_time="21:16:28 PM" turn_no="348" dialog_act="" comm_act_type="" link_to="" pos="" pos_count="" pos_origin="" topic="" polarity="">which is similar to a place like South Korea for example, that also has similar winters and summers</turn>
<turn mode="chat" speaker="ariel" end_time="21:16:32 PM" turn_no="349" dialog_act="" comm_act_type="" link_to="" pos="" pos_count="" pos_origin="" topic="" polarity="">dude i dont even know where countries are</turn>
<turn mode="chat" speaker="david" end_time="21:16:34 PM" turn_no="350" dialog_act="" comm_act_type="" link_to="" pos="" pos_count="" pos_origin="" topic="" polarity="">so - kids could learn this on their tour</turn>
<turn mode="chat" speaker="david" end_time="21:16:49 PM" turn_no="351" dialog_act="" comm_act_type="" link_to="" pos="" pos_count="" pos_origin="" topic="" polarity="">you know where they are</turn>
<turn mode="chat" speaker="ariel" end_time="21:16:52 PM" turn_no="352" dialog_act="" comm_act_type="" link_to="" pos="" pos_count="" pos_origin="" topic="" polarity="">so i couldnt use that 40 degrees rule if you paied me</turn>
<turn mode="chat" speaker="cinthia" end_time="21:17:04 PM" turn_no="353" dialog_act="" comm_act_type="" link_to="" pos="" pos_count="" pos_origin="" topic="" polarity="">true</turn>
<turn mode="chat" speaker="ariel" end_time="21:17:10 PM" turn_no="354" dialog_act="" comm_act_type="" link_to="" pos="" pos_count="" pos_origin="" topic="" polarity="">hence why i believe this is the best choice of a program</turn>
<turn mode="chat" speaker="ariel" end_time="21:17:14 PM" turn_no="355" dialog_act="" comm_act_type="" link_to="" pos="" pos_count="" pos_origin="" topic="" polarity="">man i wish i had it as a kid</turn>
<turn mode="chat" speaker="ariel" end_time="21:17:22 PM" turn_no="356" dialog_act="" comm_act_type="" link_to="" pos="" pos_count="" pos_origin="" topic="" polarity="">computers were crap when i was a kid</turn>
<turn mode="chat" speaker="david" end_time="21:17:27 PM" turn_no="357" dialog_act="" comm_act_type="" link_to="" pos="" pos_count="" pos_origin="" topic="" polarity="">she knows where countries are, she's just pretending she doesnt - maybe</turn>
<turn mode="chat" speaker="leah" end_time="21:17:46 PM" turn_no="358" dialog_act="" comm_act_type="" link_to="" pos="" pos_count="" pos_origin="" topic="" polarity="">lol</turn>
<turn mode="chat" speaker="david" end_time="21:17:49 PM" turn_no="359" dialog_act="" comm_act_type="" link_to="" pos="" pos_count="" pos_origin="" topic="" polarity="">yeah, i bet computer programs today are way better at teaching geograhy</turn>
<turn mode="chat" speaker="josh" end_time="21:18:02 PM" turn_no="360" dialog_act="" comm_act_type="" link_to="" pos="" pos_count="" pos_origin="" topic="" polarity="">def better</turn>
<turn mode="chat" speaker="josh" end_time="21:18:22 PM" turn_no="361" dialog_act="" comm_act_type="" link_to="" pos="" pos_count="" pos_origin="" topic="" polarity="">you can access so much more info</turn>
<turn mode="chat" speaker="cinthia" end_time="21:18:58 PM" turn_no="362" dialog_act="" comm_act_type="" link_to="" pos="" pos_count="" pos_origin="" topic="" polarity="">i wish i could do it all over again</turn>
<turn mode="chat" speaker="leah" end_time="21:19:06 PM" turn_no="363" dialog_act="" comm_act_type="" link_to="" pos="" pos_count="" pos_origin="" topic="" polarity="">yea</turn>
<turn mode="chat" speaker="josh" end_time="21:20:20 PM" turn_no="364" dialog_act="" comm_act_type="" link_to="" pos="" pos_count="" pos_origin="" topic="" polarity="">yea we would learn so much more and it would be easier</turn>
<turn mode="chat" speaker="leah" end_time="21:20:43 PM" turn_no="365" dialog_act="" comm_act_type="" link_to="" pos="" pos_count="" pos_origin="" topic="" polarity="">it'd be a lot easier</turn>
<turn mode="chat" speaker="cinthia" end_time="21:22:38 PM" turn_no="366" dialog_act="" comm_act_type="" link_to="" pos="" pos_count="" pos_origin="" topic="" polarity="">well im glad that was so easy</turn>
<turn mode="chat" speaker="cinthia" end_time="21:22:41 PM" turn_no="367" dialog_act="" comm_act_type="" link_to="" pos="" pos_count="" pos_origin="" topic="" polarity="">and lasted so long</turn>
<turn mode="chat" speaker="david" end_time="21:22:44 PM" turn_no="368" dialog_act="" comm_act_type="" link_to="" pos="" pos_count="" pos_origin="" topic="" polarity="">yeah - itd be better - we can still learn it though, or even still us those programs</turn>
<turn mode="chat" speaker="david" end_time="21:22:53 PM" turn_no="369" dialog_act="" comm_act_type="" link_to="" pos="" pos_count="" pos_origin="" topic="" polarity="">some are for adults too i bet</turn>
<turn mode="chat" speaker="ariel" end_time="21:23:33 PM" turn_no="370" dialog_act="" comm_act_type="" link_to="" pos="" pos_count="" pos_origin="" topic="" polarity="">so...</turn>
<turn mode="chat" speaker="ariel" end_time="21:23:38 PM" turn_no="371" dialog_act="" comm_act_type="" link_to="" pos="" pos_count="" pos_origin="" topic="" polarity="">7 min left!</turn>
<turn mode="chat" speaker="leah" end_time="21:23:43 PM" turn_no="372" dialog_act="" comm_act_type="" link_to="" pos="" pos_count="" pos_origin="" topic="" polarity="">lol</turn>
<turn mode="chat" speaker="josh" end_time="21:23:57 PM" turn_no="373" dialog_act="" comm_act_type="" link_to="" pos="" pos_count="" pos_origin="" topic="" polarity="">its gunna be a long 7 mins lol</turn>
<turn mode="chat" speaker="ariel" end_time="21:23:58 PM" turn_no="374" dialog_act="" comm_act_type="" link_to="" pos="" pos_count="" pos_origin="" topic="" polarity="">are they having us sign up for more of these?</turn>
<turn mode="chat" speaker="ariel" end_time="21:24:00 PM" turn_no="375" dialog_act="" comm_act_type="" link_to="" pos="" pos_count="" pos_origin="" topic="" polarity="">or ...</turn>
<turn mode="chat" speaker="josh" end_time="21:24:06 PM" turn_no="376" dialog_act="" comm_act_type="" link_to="" pos="" pos_count="" pos_origin="" topic="" polarity="">idk</turn>
<turn mode="chat" speaker="cinthia" end_time="21:24:12 PM" turn_no="377" dialog_act="" comm_act_type="" link_to="" pos="" pos_count="" pos_origin="" topic="" polarity="">one more tm right</turn>
<turn mode="chat" speaker="josh" end_time="21:24:37 PM" turn_no="378" dialog_act="" comm_act_type="" link_to="" pos="" pos_count="" pos_origin="" topic="" polarity="">yea there is one more but idk if there are more after that</turn>
<turn mode="chat" speaker="leah" end_time="21:24:56 PM" turn_no="379" dialog_act="" comm_act_type="" link_to="" pos="" pos_count="" pos_origin="" topic="" polarity="">yea b/c they canceled so many</turn>
<turn mode="chat" speaker="cinthia" end_time="21:25:21 PM" turn_no="380" dialog_act="" comm_act_type="" link_to="" pos="" pos_count="" pos_origin="" topic="" polarity="">really?</turn>
<turn mode="chat" speaker="cinthia" end_time="21:25:23 PM" turn_no="381" dialog_act="" comm_act_type="" link_to="" pos="" pos_count="" pos_origin="" topic="" polarity="">why</turn>
<turn mode="chat" speaker="ariel" end_time="21:25:35 PM" turn_no="382" dialog_act="" comm_act_type="" link_to="" pos="" pos_count="" pos_origin="" topic="" polarity="">no idea</turn>
<turn mode="chat" speaker="leah" end_time="21:25:52 PM" turn_no="383" dialog_act="" comm_act_type="" link_to="" pos="" pos_count="" pos_origin="" topic="" polarity="">certain people didnt have access to internet when the storm hit</turn>
<turn mode="chat" speaker="david" end_time="21:26:09 PM" turn_no="384" dialog_act="" comm_act_type="" link_to="" pos="" pos_count="" pos_origin="" topic="" polarity="">they could go to the campus library</turn>
<turn mode="chat" speaker="david" end_time="21:26:22 PM" turn_no="385" dialog_act="" comm_act_type="" link_to="" pos="" pos_count="" pos_origin="" topic="" polarity="">but , that must be bad not to have power</turn>
<turn mode="chat" speaker="moderator" end_time="21:26:51 PM" turn_no="386" dialog_act="" comm_act_type="" link_to="" pos="" pos_count="" pos_origin="" topic="" polarity="">Hello everyone. As we near the end I'd like to remind everyone to please fill out the survey before you leave.</turn>
<turn mode="chat" speaker="cinthia" end_time="21:26:57 PM" turn_no="387" dialog_act="" comm_act_type="" link_to="" pos="" pos_count="" pos_origin="" topic="" polarity="">yeah but ur not gonna drive uptown in a storm</turn>
<turn mode="chat" speaker="moderator" end_time="21:26:58 PM" turn_no="388" dialog_act="" comm_act_type="" link_to="" pos="" pos_count="" pos_origin="" topic="" polarity="">link</turn>
<turn mode="chat" speaker="leah" end_time="21:27:01 PM" turn_no="389" dialog_act="" comm_act_type="" link_to="" pos="" pos_count="" pos_origin="" topic="" polarity="">right</turn>
<turn mode="chat" speaker="josh" end_time="21:27:03 PM" turn_no="390" dialog_act="" comm_act_type="" link_to="" pos="" pos_count="" pos_origin="" topic="" polarity="">ok</turn>
<turn mode="chat" speaker="cinthia" end_time="21:27:41 PM" turn_no="391" dialog_act="" comm_act_type="" link_to="" pos="" pos_count="" pos_origin="" topic="" polarity="">alrighty</turn>
<turn mode="chat" speaker="josh" end_time="21:27:47 PM" turn_no="392" dialog_act="" comm_act_type="" link_to="" pos="" pos_count="" pos_origin="" topic="" polarity="">soo to wrap things up</turn>
<turn mode="chat" speaker="david" end_time="21:27:49 PM" turn_no="393" dialog_act="" comm_act_type="" link_to="" pos="" pos_count="" pos_origin="" topic="" polarity="">thanks for the link</turn>
<turn mode="chat" speaker="josh" end_time="21:28:02 PM" turn_no="394" dialog_act="" comm_act_type="" link_to="" pos="" pos_count="" pos_origin="" topic="" polarity="">geography is the program of choice?</turn>
<turn mode="chat" speaker="cinthia" end_time="21:28:13 PM" turn_no="395" dialog_act="" comm_act_type="" link_to="" pos="" pos_count="" pos_origin="" topic="" polarity="">correct</turn>
<turn mode="chat" speaker="david" end_time="21:28:35 PM" turn_no="396" dialog_act="" comm_act_type="" link_to="" pos="" pos_count="" pos_origin="" topic="" polarity="">yeah</turn>
<turn mode="chat" speaker="leah" end_time="21:28:48 PM" turn_no="397" dialog_act="" comm_act_type="" link_to="" pos="" pos_count="" pos_origin="" topic="" polarity="">mhm</turn>
<turn mode="chat" speaker="cinthia" end_time="21:29:10 PM" turn_no="398" dialog_act="" comm_act_type="" link_to="" pos="" pos_count="" pos_origin="" topic="" polarity="">alright bye guys! so much better chat then yesterday</turn>
<turn mode="chat" speaker="josh" end_time="21:29:36 PM" turn_no="399" dialog_act="" comm_act_type="" link_to="" pos="" pos_count="" pos_origin="" topic="" polarity="">yup</turn>
<turn mode="chat" speaker="josh" end_time="21:29:40 PM" turn_no="400" dialog_act="" comm_act_type="" link_to="" pos="" pos_count="" pos_origin="" topic="" polarity="">bye</turn>
<turn mode="chat" speaker="leah" end_time="21:30:18 PM" turn_no="401" dialog_act="" comm_act_type="" link_to="" pos="" pos_count="" pos_origin="" topic="" polarity="">bye</turn>
<turn mode="chat" speaker="david" end_time="21:30:58 PM" turn_no="402" dialog_act="" comm_act_type="" link_to="" pos="" pos_count="" pos_origin="" topic="" polarity="">bye</turn>
</Dialogue>
