<?xml version="1.0" encoding="UTF-8" ?>
<Dialogue date="2010-02-28" >
<turn mode="chat" speaker="moderator" end_time="20:00:28 PM" turn_no="1" dialog_act="" comm_act_type="" link_to="" pos="" pos_count="" pos_origin="" topic="" polarity="">Hi guys, good evening, let's wait a few moments for others to show up.</turn>
<turn mode="chat" speaker="irene" end_time="20:00:33 PM" turn_no="2" dialog_act="" comm_act_type="" link_to="" pos="" pos_count="" pos_origin="" topic="" polarity="">ok</turn>
<turn mode="chat" speaker="ted" end_time="20:04:29 PM" turn_no="3" dialog_act="" comm_act_type="" link_to="" pos="" pos_count="" pos_origin="" topic="" polarity="">ok i am ready</turn>
<turn mode="chat" speaker="lynn" end_time="20:04:33 PM" turn_no="4" dialog_act="" comm_act_type="" link_to="" pos="" pos_count="" pos_origin="" topic="" polarity="">hi</turn>
<turn mode="chat" speaker="moderator" end_time="20:04:53 PM" turn_no="5" dialog_act="" comm_act_type="" link_to="" pos="" pos_count="" pos_origin="" topic="" polarity="">cinthia do you mind being the leader tonight?</turn>
<turn mode="chat" speaker="cinthia" end_time="20:05:06 PM" turn_no="6" dialog_act="" comm_act_type="" link_to="" pos="" pos_count="" pos_origin="" topic="" polarity="">sure</turn>
<turn mode="chat" speaker="moderator" end_time="20:05:11 PM" turn_no="7" dialog_act="" comm_act_type="" link_to="" pos="" pos_count="" pos_origin="" topic="" polarity="">You just have to ensure that the discussion stays on track and that a consensus is reached.</turn>
<turn mode="chat" speaker="moderator" end_time="20:05:14 PM" turn_no="8" dialog_act="" comm_act_type="" link_to="" pos="" pos_count="" pos_origin="" topic="" polarity="">Great, thanks.</turn>
<turn mode="chat" speaker="cinthia" end_time="20:05:18 PM" turn_no="9" dialog_act="" comm_act_type="" link_to="" pos="" pos_count="" pos_origin="" topic="" polarity="">dealio</turn>
<turn mode="chat" speaker="moderator" end_time="20:05:18 PM" turn_no="10" dialog_act="" comm_act_type="" link_to="" pos="" pos_count="" pos_origin="" topic="" polarity="">You may begin now.</turn>
<turn mode="chat" speaker="cinthia" end_time="20:05:29 PM" turn_no="11" dialog_act="" comm_act_type="" link_to="" pos="" pos_count="" pos_origin="" topic="" polarity="">alright guys everyone read the topic today?</turn>
<turn mode="chat" speaker="irene" end_time="20:05:37 PM" turn_no="12" dialog_act="" comm_act_type="" link_to="" pos="" pos_count="" pos_origin="" topic="" polarity="">yes</turn>
<turn mode="chat" speaker="lynn" end_time="20:05:37 PM" turn_no="13" dialog_act="" comm_act_type="" link_to="" pos="" pos_count="" pos_origin="" topic="" polarity="">yes</turn>
<turn mode="chat" speaker="ted" end_time="20:05:51 PM" turn_no="14" dialog_act="" comm_act_type="" link_to="" pos="" pos_count="" pos_origin="" topic="" polarity="">yep</turn>
<turn mode="chat" speaker="cinthia" end_time="20:05:55 PM" turn_no="15" dialog_act="" comm_act_type="" link_to="" pos="" pos_count="" pos_origin="" topic="" polarity="">anyone have any ideas yet to who is best or not?</turn>
<turn mode="chat" speaker="irene" end_time="20:06:06 PM" turn_no="16" dialog_act="" comm_act_type="" link_to="" pos="" pos_count="" pos_origin="" topic="" polarity="">i wasn't too impressed with anyone</turn>
<turn mode="chat" speaker="lynn" end_time="20:06:12 PM" turn_no="17" dialog_act="" comm_act_type="" link_to="" pos="" pos_count="" pos_origin="" topic="" polarity="">for me it was between natalie and jeremy</turn>
<turn mode="chat" speaker="lynn" end_time="20:06:17 PM" turn_no="18" dialog_act="" comm_act_type="" link_to="" pos="" pos_count="" pos_origin="" topic="" polarity="">but only barely</turn>
<turn mode="chat" speaker="irene" end_time="20:06:27 PM" turn_no="19" dialog_act="" comm_act_type="" link_to="" pos="" pos_count="" pos_origin="" topic="" polarity="">brian has experience with nursing</turn>
<turn mode="chat" speaker="cinthia" end_time="20:06:32 PM" turn_no="20" dialog_act="" comm_act_type="" link_to="" pos="" pos_count="" pos_origin="" topic="" polarity="">that is a plus</turn>
<turn mode="chat" speaker="ted" end_time="20:06:46 PM" turn_no="21" dialog_act="" comm_act_type="" link_to="" pos="" pos_count="" pos_origin="" topic="" polarity="">for me natalie</turn>
<turn mode="chat" speaker="lynn" end_time="20:06:51 PM" turn_no="22" dialog_act="" comm_act_type="" link_to="" pos="" pos_count="" pos_origin="" topic="" polarity="">yes, although the job requirements say that isn't necessary. but of course it helps in an emergency</turn>
<turn mode="chat" speaker="irene" end_time="20:06:59 PM" turn_no="23" dialog_act="" comm_act_type="" link_to="" pos="" pos_count="" pos_origin="" topic="" polarity="">i mean tehy don't need to be a nurse but it helps</turn>
<turn mode="chat" speaker="irene" end_time="20:07:04 PM" turn_no="24" dialog_act="" comm_act_type="" link_to="" pos="" pos_count="" pos_origin="" topic="" polarity="">old people are fragile</turn>
<turn mode="chat" speaker="cinthia" end_time="20:07:22 PM" turn_no="25" dialog_act="" comm_act_type="" link_to="" pos="" pos_count="" pos_origin="" topic="" polarity="">ya... nursing would be really good cuz as ppl get older they kinda get crazy</turn>
<turn mode="chat" speaker="lynn" end_time="20:07:23 PM" turn_no="26" dialog_act="" comm_act_type="" link_to="" pos="" pos_count="" pos_origin="" topic="" polarity="">jeremy was cpr certified</turn>
<turn mode="chat" speaker="cinthia" end_time="20:08:04 PM" turn_no="27" dialog_act="" comm_act_type="" link_to="" pos="" pos_count="" pos_origin="" topic="" polarity="">lets talk about them one at a time... start with elizabeth</turn>
<turn mode="chat" speaker="lynn" end_time="20:08:26 PM" turn_no="28" dialog_act="" comm_act_type="" link_to="" pos="" pos_count="" pos_origin="" topic="" polarity="">wait, i didn't get a aresume for an elizabeth.....did i miss her?</turn>
<turn mode="chat" speaker="cinthia" end_time="20:08:40 PM" turn_no="29" dialog_act="" comm_act_type="" link_to="" pos="" pos_count="" pos_origin="" topic="" polarity="">the only thing she really has is experience with childcare (still care) and hospital volunteer</turn>
<turn mode="chat" speaker="cinthia" end_time="20:08:46 PM" turn_no="30" dialog_act="" comm_act_type="" link_to="" pos="" pos_count="" pos_origin="" topic="" polarity="">woops megan i mean</turn>
<turn mode="chat" speaker="lynn" end_time="20:08:51 PM" turn_no="31" dialog_act="" comm_act_type="" link_to="" pos="" pos_count="" pos_origin="" topic="" polarity="">ok, got it</turn>
<turn mode="chat" speaker="lynn" end_time="20:09:12 PM" turn_no="32" dialog_act="" comm_act_type="" link_to="" pos="" pos_count="" pos_origin="" topic="" polarity="">she's also worked with money, and if she's taking client's money to buy food, that could show trust</turn>
<turn mode="chat" speaker="irene" end_time="20:09:22 PM" turn_no="33" dialog_act="" comm_act_type="" link_to="" pos="" pos_count="" pos_origin="" topic="" polarity="">oh yeah</turn>
<turn mode="chat" speaker="irene" end_time="20:09:23 PM" turn_no="34" dialog_act="" comm_act_type="" link_to="" pos="" pos_count="" pos_origin="" topic="" polarity="">good point</turn>
<turn mode="chat" speaker="josh" end_time="20:09:24 PM" turn_no="35" dialog_act="" comm_act_type="" link_to="" pos="" pos_count="" pos_origin="" topic="" polarity="">yea thats true</turn>
<turn mode="chat" speaker="cinthia" end_time="20:09:30 PM" turn_no="36" dialog_act="" comm_act_type="" link_to="" pos="" pos_count="" pos_origin="" topic="" polarity="">thats true to some extent</turn>
<turn mode="chat" speaker="irene" end_time="20:09:34 PM" turn_no="37" dialog_act="" comm_act_type="" link_to="" pos="" pos_count="" pos_origin="" topic="" polarity="">very important</turn>
<turn mode="chat" speaker="lynn" end_time="20:10:01 PM" turn_no="38" dialog_act="" comm_act_type="" link_to="" pos="" pos_count="" pos_origin="" topic="" polarity="">i also kind of liked that she was in a creative field, because these people will have to be "companions" as well and talk to them about lots of topics</turn>
<turn mode="chat" speaker="irene" end_time="20:10:14 PM" turn_no="39" dialog_act="" comm_act_type="" link_to="" pos="" pos_count="" pos_origin="" topic="" polarity="">she was also a food service worker so she can get the groceries quickly!</turn>
<turn mode="chat" speaker="ted" end_time="20:10:32 PM" turn_no="40" dialog_act="" comm_act_type="" link_to="" pos="" pos_count="" pos_origin="" topic="" polarity="">she definately has experience talking to people</turn>
<turn mode="chat" speaker="irene" end_time="20:10:38 PM" turn_no="41" dialog_act="" comm_act_type="" link_to="" pos="" pos_count="" pos_origin="" topic="" polarity="">yes indeed</turn>
<turn mode="chat" speaker="lynn" end_time="20:10:43 PM" turn_no="42" dialog_act="" comm_act_type="" link_to="" pos="" pos_count="" pos_origin="" topic="" polarity="">the one time food service comes in handy!</turn>
<turn mode="chat" speaker="cinthia" end_time="20:10:44 PM" turn_no="43" dialog_act="" comm_act_type="" link_to="" pos="" pos_count="" pos_origin="" topic="" polarity="">companionship def</turn>
<turn mode="chat" speaker="irene" end_time="20:10:49 PM" turn_no="44" dialog_act="" comm_act_type="" link_to="" pos="" pos_count="" pos_origin="" topic="" polarity="">def</turn>
<turn mode="chat" speaker="josh" end_time="20:10:51 PM" turn_no="45" dialog_act="" comm_act_type="" link_to="" pos="" pos_count="" pos_origin="" topic="" polarity="">yea</turn>
<turn mode="chat" speaker="ted" end_time="20:10:59 PM" turn_no="46" dialog_act="" comm_act_type="" link_to="" pos="" pos_count="" pos_origin="" topic="" polarity="">good point about getting food and groceries quickly</turn>
<turn mode="chat" speaker="irene" end_time="20:11:22 PM" turn_no="47" dialog_act="" comm_act_type="" link_to="" pos="" pos_count="" pos_origin="" topic="" polarity="">hospital volunteer too</turn>
<turn mode="chat" speaker="lynn" end_time="20:11:22 PM" turn_no="48" dialog_act="" comm_act_type="" link_to="" pos="" pos_count="" pos_origin="" topic="" polarity="">she also specifically wanted a job as a senior assistant</turn>
<turn mode="chat" speaker="cinthia" end_time="20:11:23 PM" turn_no="49" dialog_act="" comm_act_type="" link_to="" pos="" pos_count="" pos_origin="" topic="" polarity="">alright next candidate... megan seems to be a kinda good fit</turn>
<turn mode="chat" speaker="irene" end_time="20:11:28 PM" turn_no="50" dialog_act="" comm_act_type="" link_to="" pos="" pos_count="" pos_origin="" topic="" polarity="">yeah i guess she's a good candidate...</turn>
<turn mode="chat" speaker="irene" end_time="20:11:29 PM" turn_no="51" dialog_act="" comm_act_type="" link_to="" pos="" pos_count="" pos_origin="" topic="" polarity="">okay</turn>
<turn mode="chat" speaker="lynn" end_time="20:11:33 PM" turn_no="52" dialog_act="" comm_act_type="" link_to="" pos="" pos_count="" pos_origin="" topic="" polarity="">yes, she was one of my tops</turn>
<turn mode="chat" speaker="irene" end_time="20:11:37 PM" turn_no="53" dialog_act="" comm_act_type="" link_to="" pos="" pos_count="" pos_origin="" topic="" polarity="">she is now</turn>
<turn mode="chat" speaker="irene" end_time="20:11:40 PM" turn_no="54" dialog_act="" comm_act_type="" link_to="" pos="" pos_count="" pos_origin="" topic="" polarity="">on my tops too</turn>
<turn mode="chat" speaker="cinthia" end_time="20:11:43 PM" turn_no="55" dialog_act="" comm_act_type="" link_to="" pos="" pos_count="" pos_origin="" topic="" polarity="">ditto</turn>
<turn mode="chat" speaker="irene" end_time="20:11:52 PM" turn_no="56" dialog_act="" comm_act_type="" link_to="" pos="" pos_count="" pos_origin="" topic="" polarity="">ualbany fund deals with thousands of dollars as well</turn>
<turn mode="chat" speaker="irene" end_time="20:11:55 PM" turn_no="57" dialog_act="" comm_act_type="" link_to="" pos="" pos_count="" pos_origin="" topic="" polarity="">and credit card information</turn>
<turn mode="chat" speaker="lynn" end_time="20:11:57 PM" turn_no="58" dialog_act="" comm_act_type="" link_to="" pos="" pos_count="" pos_origin="" topic="" polarity="">alexander is a smart guy, but seems like he's too business oriented, and maybe a better fit for management</turn>
<turn mode="chat" speaker="lynn" end_time="20:12:02 PM" turn_no="59" dialog_act="" comm_act_type="" link_to="" pos="" pos_count="" pos_origin="" topic="" polarity="">true</turn>
<turn mode="chat" speaker="cinthia" end_time="20:12:13 PM" turn_no="60" dialog_act="" comm_act_type="" link_to="" pos="" pos_count="" pos_origin="" topic="" polarity="">yeah thats wat im thikning</turn>
<turn mode="chat" speaker="irene" end_time="20:12:24 PM" turn_no="61" dialog_act="" comm_act_type="" link_to="" pos="" pos_count="" pos_origin="" topic="" polarity="">yeah</turn>
<turn mode="chat" speaker="irene" end_time="20:12:36 PM" turn_no="62" dialog_act="" comm_act_type="" link_to="" pos="" pos_count="" pos_origin="" topic="" polarity="">but he's dealt with struggling urban students</turn>
<turn mode="chat" speaker="irene" end_time="20:12:42 PM" turn_no="63" dialog_act="" comm_act_type="" link_to="" pos="" pos_count="" pos_origin="" topic="" polarity="">so old people should be easier</turn>
<turn mode="chat" speaker="ted" end_time="20:12:48 PM" turn_no="64" dialog_act="" comm_act_type="" link_to="" pos="" pos_count="" pos_origin="" topic="" polarity="">does not seem the type of person to work with the elderly</turn>
<turn mode="chat" speaker="irene" end_time="20:12:59 PM" turn_no="65" dialog_act="" comm_act_type="" link_to="" pos="" pos_count="" pos_origin="" topic="" polarity="">i'm sure he could do it but we can eliminate him</turn>
<turn mode="chat" speaker="lynn" end_time="20:13:10 PM" turn_no="66" dialog_act="" comm_act_type="" link_to="" pos="" pos_count="" pos_origin="" topic="" polarity="">he wasn't one of my tops</turn>
<turn mode="chat" speaker="irene" end_time="20:13:17 PM" turn_no="67" dialog_act="" comm_act_type="" link_to="" pos="" pos_count="" pos_origin="" topic="" polarity="">yeah</turn>
<turn mode="chat" speaker="cinthia" end_time="20:13:19 PM" turn_no="68" dialog_act="" comm_act_type="" link_to="" pos="" pos_count="" pos_origin="" topic="" polarity="">no he doesnt seem to offer much</turn>
<turn mode="chat" speaker="josh" end_time="20:13:31 PM" turn_no="69" dialog_act="" comm_act_type="" link_to="" pos="" pos_count="" pos_origin="" topic="" polarity="">yea megan is a better fit than him</turn>
<turn mode="chat" speaker="ted" end_time="20:13:33 PM" turn_no="70" dialog_act="" comm_act_type="" link_to="" pos="" pos_count="" pos_origin="" topic="" polarity="">does not have relevant experience to any of the duties</turn>
<turn mode="chat" speaker="lynn" end_time="20:13:37 PM" turn_no="71" dialog_act="" comm_act_type="" link_to="" pos="" pos_count="" pos_origin="" topic="" polarity="">i agree</turn>
<turn mode="chat" speaker="irene" end_time="20:13:38 PM" turn_no="72" dialog_act="" comm_act_type="" link_to="" pos="" pos_count="" pos_origin="" topic="" polarity="">other than being good with money</turn>
<turn mode="chat" speaker="lynn" end_time="20:13:43 PM" turn_no="73" dialog_act="" comm_act_type="" link_to="" pos="" pos_count="" pos_origin="" topic="" polarity="">right</turn>
<turn mode="chat" speaker="irene" end_time="20:13:43 PM" turn_no="74" dialog_act="" comm_act_type="" link_to="" pos="" pos_count="" pos_origin="" topic="" polarity="">whcih another person is as well</turn>
<turn mode="chat" speaker="lynn" end_time="20:14:25 PM" turn_no="75" dialog_act="" comm_act_type="" link_to="" pos="" pos_count="" pos_origin="" topic="" polarity="">i liked natalie because she has experience delivering meals, ,and worked as a red cross volunteer</turn>
<turn mode="chat" speaker="irene" end_time="20:14:33 PM" turn_no="76" dialog_act="" comm_act_type="" link_to="" pos="" pos_count="" pos_origin="" topic="" polarity="">yes that's very good</turn>
<turn mode="chat" speaker="lynn" end_time="20:14:35 PM" turn_no="77" dialog_act="" comm_act_type="" link_to="" pos="" pos_count="" pos_origin="" topic="" polarity="">she also specifically wanted this type of position</turn>
<turn mode="chat" speaker="irene" end_time="20:14:55 PM" turn_no="78" dialog_act="" comm_act_type="" link_to="" pos="" pos_count="" pos_origin="" topic="" polarity="">and she was a sales associate...definitely need lots of patience for that</turn>
<turn mode="chat" speaker="ted" end_time="20:14:56 PM" turn_no="79" dialog_act="" comm_act_type="" link_to="" pos="" pos_count="" pos_origin="" topic="" polarity="">she definately knows what she is getting into</turn>
<turn mode="chat" speaker="ted" end_time="20:14:59 PM" turn_no="80" dialog_act="" comm_act_type="" link_to="" pos="" pos_count="" pos_origin="" topic="" polarity="">that is a plus</turn>
<turn mode="chat" speaker="lynn" end_time="20:15:07 PM" turn_no="81" dialog_act="" comm_act_type="" link_to="" pos="" pos_count="" pos_origin="" topic="" polarity="">ha-ha, true about sales associates</turn>
<turn mode="chat" speaker="irene" end_time="20:15:08 PM" turn_no="82" dialog_act="" comm_act_type="" link_to="" pos="" pos_count="" pos_origin="" topic="" polarity="">red cross is very good experience, very impressive</turn>
<turn mode="chat" speaker="irene" end_time="20:15:10 PM" turn_no="83" dialog_act="" comm_act_type="" link_to="" pos="" pos_count="" pos_origin="" topic="" polarity="">and human services intern</turn>
<turn mode="chat" speaker="irene" end_time="20:15:14 PM" turn_no="84" dialog_act="" comm_act_type="" link_to="" pos="" pos_count="" pos_origin="" topic="" polarity="">she was one of my top choices</turn>
<turn mode="chat" speaker="cinthia" end_time="20:15:16 PM" turn_no="85" dialog_act="" comm_act_type="" link_to="" pos="" pos_count="" pos_origin="" topic="" polarity="">natalie didnt deliver the food tho</turn>
<turn mode="chat" speaker="cinthia" end_time="20:15:24 PM" turn_no="86" dialog_act="" comm_act_type="" link_to="" pos="" pos_count="" pos_origin="" topic="" polarity="">she was an intern that trained the deliverers</turn>
<turn mode="chat" speaker="irene" end_time="20:15:25 PM" turn_no="87" dialog_act="" comm_act_type="" link_to="" pos="" pos_count="" pos_origin="" topic="" polarity="">i'm sure she can handle groceries</turn>
<turn mode="chat" speaker="lynn" end_time="20:15:44 PM" turn_no="88" dialog_act="" comm_act_type="" link_to="" pos="" pos_count="" pos_origin="" topic="" polarity="">that's true, although she knows the logistics involved</turn>
<turn mode="chat" speaker="josh" end_time="20:15:53 PM" turn_no="89" dialog_act="" comm_act_type="" link_to="" pos="" pos_count="" pos_origin="" topic="" polarity="">yea but if she trained them then that means she can do it</turn>
<turn mode="chat" speaker="irene" end_time="20:15:59 PM" turn_no="90" dialog_act="" comm_act_type="" link_to="" pos="" pos_count="" pos_origin="" topic="" polarity="">yeah</turn>
<turn mode="chat" speaker="ted" end_time="20:16:06 PM" turn_no="91" dialog_act="" comm_act_type="" link_to="" pos="" pos_count="" pos_origin="" topic="" polarity="">working at gap definately exposed her to all age ranges</turn>
<turn mode="chat" speaker="ted" end_time="20:16:37 PM" turn_no="92" dialog_act="" comm_act_type="" link_to="" pos="" pos_count="" pos_origin="" topic="" polarity="">the human service experience is the most valuable</turn>
<turn mode="chat" speaker="cinthia" end_time="20:16:38 PM" turn_no="93" dialog_act="" comm_act_type="" link_to="" pos="" pos_count="" pos_origin="" topic="" polarity="">thats more toward like 18-30</turn>
<turn mode="chat" speaker="cinthia" end_time="20:16:47 PM" turn_no="94" dialog_act="" comm_act_type="" link_to="" pos="" pos_count="" pos_origin="" topic="" polarity="">but i see what ur saying</turn>
<turn mode="chat" speaker="ted" end_time="20:17:06 PM" turn_no="95" dialog_act="" comm_act_type="" link_to="" pos="" pos_count="" pos_origin="" topic="" polarity="">well most of the time 18 - 30</turn>
<turn mode="chat" speaker="lynn" end_time="20:17:11 PM" turn_no="96" dialog_act="" comm_act_type="" link_to="" pos="" pos_count="" pos_origin="" topic="" polarity="">she at least knows how to deal with the public</turn>
<turn mode="chat" speaker="josh" end_time="20:17:15 PM" turn_no="97" dialog_act="" comm_act_type="" link_to="" pos="" pos_count="" pos_origin="" topic="" polarity="">yea</turn>
<turn mode="chat" speaker="ted" end_time="20:17:16 PM" turn_no="98" dialog_act="" comm_act_type="" link_to="" pos="" pos_count="" pos_origin="" topic="" polarity="">but they do get all other age groups</turn>
<turn mode="chat" speaker="irene" end_time="20:17:54 PM" turn_no="99" dialog_act="" comm_act_type="" link_to="" pos="" pos_count="" pos_origin="" topic="" polarity="">she's impressive</turn>
<turn mode="chat" speaker="lynn" end_time="20:18:03 PM" turn_no="100" dialog_act="" comm_act_type="" link_to="" pos="" pos_count="" pos_origin="" topic="" polarity="">i agree</turn>
<turn mode="chat" speaker="irene" end_time="20:18:07 PM" turn_no="101" dialog_act="" comm_act_type="" link_to="" pos="" pos_count="" pos_origin="" topic="" polarity="">she stood out to me right from the start</turn>
<turn mode="chat" speaker="cinthia" end_time="20:18:45 PM" turn_no="102" dialog_act="" comm_act_type="" link_to="" pos="" pos_count="" pos_origin="" topic="" polarity="">how about jeremy</turn>
<turn mode="chat" speaker="ted" end_time="20:19:12 PM" turn_no="103" dialog_act="" comm_act_type="" link_to="" pos="" pos_count="" pos_origin="" topic="" polarity="">something that i am worried about is that</turn>
<turn mode="chat" speaker="lynn" end_time="20:19:19 PM" turn_no="104" dialog_act="" comm_act_type="" link_to="" pos="" pos_count="" pos_origin="" topic="" polarity="">i liked him, too, ,because he wants this kind of position</turn>
<turn mode="chat" speaker="lynn" end_time="20:19:40 PM" turn_no="105" dialog_act="" comm_act_type="" link_to="" pos="" pos_count="" pos_origin="" topic="" polarity="">he also has experience driving people around, and that shows that he can be on time for getting people places</turn>
<turn mode="chat" speaker="ted" end_time="20:19:43 PM" turn_no="106" dialog_act="" comm_act_type="" link_to="" pos="" pos_count="" pos_origin="" topic="" polarity="">he had a job as a welfare specialist, but he is seeking an entry level job</turn>
<turn mode="chat" speaker="ted" end_time="20:19:58 PM" turn_no="107" dialog_act="" comm_act_type="" link_to="" pos="" pos_count="" pos_origin="" topic="" polarity="">kind of weird</turn>
<turn mode="chat" speaker="josh" end_time="20:20:04 PM" turn_no="108" dialog_act="" comm_act_type="" link_to="" pos="" pos_count="" pos_origin="" topic="" polarity="">yea and his welfare specialist position gives him some experience</turn>
<turn mode="chat" speaker="irene" end_time="20:20:29 PM" turn_no="109" dialog_act="" comm_act_type="" link_to="" pos="" pos_count="" pos_origin="" topic="" polarity="">yeah</turn>
<turn mode="chat" speaker="josh" end_time="20:20:47 PM" turn_no="110" dialog_act="" comm_act_type="" link_to="" pos="" pos_count="" pos_origin="" topic="" polarity="">maybe thats cuz he wants a job he thinks he can def get</turn>
<turn mode="chat" speaker="cinthia" end_time="20:20:47 PM" turn_no="111" dialog_act="" comm_act_type="" link_to="" pos="" pos_count="" pos_origin="" topic="" polarity="">he seems to be a top runner</turn>
<turn mode="chat" speaker="lynn" end_time="20:21:08 PM" turn_no="112" dialog_act="" comm_act_type="" link_to="" pos="" pos_count="" pos_origin="" topic="" polarity="">what do you make of the fact that he specified he financed his own education?</turn>
<turn mode="chat" speaker="ted" end_time="20:21:44 PM" turn_no="113" dialog_act="" comm_act_type="" link_to="" pos="" pos_count="" pos_origin="" topic="" polarity="">i always worried about people that over qualified cause they will continue to job hunt</turn>
<turn mode="chat" speaker="irene" end_time="20:21:54 PM" turn_no="114" dialog_act="" comm_act_type="" link_to="" pos="" pos_count="" pos_origin="" topic="" polarity="">that's a good point ted</turn>
<turn mode="chat" speaker="josh" end_time="20:22:00 PM" turn_no="115" dialog_act="" comm_act_type="" link_to="" pos="" pos_count="" pos_origin="" topic="" polarity="">yea it is</turn>
<turn mode="chat" speaker="irene" end_time="20:22:05 PM" turn_no="116" dialog_act="" comm_act_type="" link_to="" pos="" pos_count="" pos_origin="" topic="" polarity="">but anyone can do that</turn>
<turn mode="chat" speaker="cinthia" end_time="20:22:24 PM" turn_no="117" dialog_act="" comm_act_type="" link_to="" pos="" pos_count="" pos_origin="" topic="" polarity="">i havent even graduated and i still job hunt haha</turn>
<turn mode="chat" speaker="irene" end_time="20:22:29 PM" turn_no="118" dialog_act="" comm_act_type="" link_to="" pos="" pos_count="" pos_origin="" topic="" polarity="">haha</turn>
<turn mode="chat" speaker="josh" end_time="20:22:34 PM" turn_no="119" dialog_act="" comm_act_type="" link_to="" pos="" pos_count="" pos_origin="" topic="" polarity="">and he is cpr certified which is good to have</turn>
<turn mode="chat" speaker="lynn" end_time="20:22:36 PM" turn_no="120" dialog_act="" comm_act_type="" link_to="" pos="" pos_count="" pos_origin="" topic="" polarity="">i am always job hunting, even though i have a job</turn>
<turn mode="chat" speaker="josh" end_time="20:22:36 PM" turn_no="121" dialog_act="" comm_act_type="" link_to="" pos="" pos_count="" pos_origin="" topic="" polarity="">its a plus</turn>
<turn mode="chat" speaker="lynn" end_time="20:22:40 PM" turn_no="122" dialog_act="" comm_act_type="" link_to="" pos="" pos_count="" pos_origin="" topic="" polarity="">yes, josh</turn>
<turn mode="chat" speaker="cinthia" end_time="20:22:58 PM" turn_no="123" dialog_act="" comm_act_type="" link_to="" pos="" pos_count="" pos_origin="" topic="" polarity="">we should pry look for someone that will stay tho</turn>
<turn mode="chat" speaker="cinthia" end_time="20:23:07 PM" turn_no="124" dialog_act="" comm_act_type="" link_to="" pos="" pos_count="" pos_origin="" topic="" polarity="">that way they can build a trust n relationship</turn>
<turn mode="chat" speaker="lynn" end_time="20:23:11 PM" turn_no="125" dialog_act="" comm_act_type="" link_to="" pos="" pos_count="" pos_origin="" topic="" polarity="">i liked jeremy because he's worked with families, settling disputes between them, and that could be an issue for caring for elderly patients</turn>
<turn mode="chat" speaker="lynn" end_time="20:23:19 PM" turn_no="126" dialog_act="" comm_act_type="" link_to="" pos="" pos_count="" pos_origin="" topic="" polarity="">yes, that's a good point</turn>
<turn mode="chat" speaker="lynn" end_time="20:23:24 PM" turn_no="127" dialog_act="" comm_act_type="" link_to="" pos="" pos_count="" pos_origin="" topic="" polarity="">about the trust</turn>
<turn mode="chat" speaker="josh" end_time="20:24:11 PM" turn_no="128" dialog_act="" comm_act_type="" link_to="" pos="" pos_count="" pos_origin="" topic="" polarity="">thats a good point lynn</turn>
<turn mode="chat" speaker="ted" end_time="20:25:15 PM" turn_no="129" dialog_act="" comm_act_type="" link_to="" pos="" pos_count="" pos_origin="" topic="" polarity="">but the job does not require a cpr certification</turn>
<turn mode="chat" speaker="ted" end_time="20:25:35 PM" turn_no="130" dialog_act="" comm_act_type="" link_to="" pos="" pos_count="" pos_origin="" topic="" polarity="">it is more about running errands</turn>
<turn mode="chat" speaker="irene" end_time="20:25:37 PM" turn_no="131" dialog_act="" comm_act_type="" link_to="" pos="" pos_count="" pos_origin="" topic="" polarity="">yeah</turn>
<turn mode="chat" speaker="irene" end_time="20:26:05 PM" turn_no="132" dialog_act="" comm_act_type="" link_to="" pos="" pos_count="" pos_origin="" topic="" polarity="">they must be a good companion though</turn>
<turn mode="chat" speaker="irene" end_time="20:26:13 PM" turn_no="133" dialog_act="" comm_act_type="" link_to="" pos="" pos_count="" pos_origin="" topic="" polarity="">seniors get lonely</turn>
<turn mode="chat" speaker="josh" end_time="20:26:21 PM" turn_no="134" dialog_act="" comm_act_type="" link_to="" pos="" pos_count="" pos_origin="" topic="" polarity="">yea</turn>
<turn mode="chat" speaker="lynn" end_time="20:26:30 PM" turn_no="135" dialog_act="" comm_act_type="" link_to="" pos="" pos_count="" pos_origin="" topic="" polarity="">yes</turn>
<turn mode="chat" speaker="irene" end_time="20:26:44 PM" turn_no="136" dialog_act="" comm_act_type="" link_to="" pos="" pos_count="" pos_origin="" topic="" polarity="">i wonder if this is a real job ad</turn>
<turn mode="chat" speaker="lynn" end_time="20:26:47 PM" turn_no="137" dialog_act="" comm_act_type="" link_to="" pos="" pos_count="" pos_origin="" topic="" polarity="">he seems to genuinely care though</turn>
<turn mode="chat" speaker="ted" end_time="20:26:48 PM" turn_no="138" dialog_act="" comm_act_type="" link_to="" pos="" pos_count="" pos_origin="" topic="" polarity="">someone with lots of people skills, patience</turn>
<turn mode="chat" speaker="lynn" end_time="20:27:01 PM" turn_no="139" dialog_act="" comm_act_type="" link_to="" pos="" pos_count="" pos_origin="" topic="" polarity="">as a welfare worker</turn>
<turn mode="chat" speaker="lynn" end_time="20:27:15 PM" turn_no="140" dialog_act="" comm_act_type="" link_to="" pos="" pos_count="" pos_origin="" topic="" polarity="">compassionate, ,which is good for this position</turn>
<turn mode="chat" speaker="cinthia" end_time="20:27:35 PM" turn_no="141" dialog_act="" comm_act_type="" link_to="" pos="" pos_count="" pos_origin="" topic="" polarity="">yeah</turn>
<turn mode="chat" speaker="ted" end_time="20:27:41 PM" turn_no="142" dialog_act="" comm_act_type="" link_to="" pos="" pos_count="" pos_origin="" topic="" polarity="">i just don't trus this guy much</turn>
<turn mode="chat" speaker="cinthia" end_time="20:27:43 PM" turn_no="143" dialog_act="" comm_act_type="" link_to="" pos="" pos_count="" pos_origin="" topic="" polarity="">older folks need attn just like children</turn>
<turn mode="chat" speaker="ted" end_time="20:27:52 PM" turn_no="144" dialog_act="" comm_act_type="" link_to="" pos="" pos_count="" pos_origin="" topic="" polarity="">he has a deegree in sociology</turn>
<turn mode="chat" speaker="ted" end_time="20:27:58 PM" turn_no="145" dialog_act="" comm_act_type="" link_to="" pos="" pos_count="" pos_origin="" topic="" polarity="">not in human services</turn>
<turn mode="chat" speaker="lynn" end_time="20:28:17 PM" turn_no="146" dialog_act="" comm_act_type="" link_to="" pos="" pos_count="" pos_origin="" topic="" polarity="">but he has more practical experience than anybody else in human services</turn>
<turn mode="chat" speaker="irene" end_time="20:28:52 PM" turn_no="147" dialog_act="" comm_act_type="" link_to="" pos="" pos_count="" pos_origin="" topic="" polarity="">hm</turn>
<turn mode="chat" speaker="irene" end_time="20:29:12 PM" turn_no="148" dialog_act="" comm_act_type="" link_to="" pos="" pos_count="" pos_origin="" topic="" polarity="">i agree with lynn - a welfare worker is compassionate</turn>
<turn mode="chat" speaker="ted" end_time="20:30:02 PM" turn_no="149" dialog_act="" comm_act_type="" link_to="" pos="" pos_count="" pos_origin="" topic="" polarity="">i would not hire him just by reading his resume</turn>
<turn mode="chat" speaker="ted" end_time="20:30:09 PM" turn_no="150" dialog_act="" comm_act_type="" link_to="" pos="" pos_count="" pos_origin="" topic="" polarity="">i will have to interview him.</turn>
<turn mode="chat" speaker="irene" end_time="20:30:16 PM" turn_no="151" dialog_act="" comm_act_type="" link_to="" pos="" pos_count="" pos_origin="" topic="" polarity="">agreed</turn>
<turn mode="chat" speaker="cinthia" end_time="20:30:20 PM" turn_no="152" dialog_act="" comm_act_type="" link_to="" pos="" pos_count="" pos_origin="" topic="" polarity="">well we can interview so well have to eliminate</turn>
<turn mode="chat" speaker="cinthia" end_time="20:30:36 PM" turn_no="153" dialog_act="" comm_act_type="" link_to="" pos="" pos_count="" pos_origin="" topic="" polarity="">cant*</turn>
<turn mode="chat" speaker="ted" end_time="20:31:12 PM" turn_no="154" dialog_act="" comm_act_type="" link_to="" pos="" pos_count="" pos_origin="" topic="" polarity="">wanna talk about brian now?</turn>
<turn mode="chat" speaker="lynn" end_time="20:31:30 PM" turn_no="155" dialog_act="" comm_act_type="" link_to="" pos="" pos_count="" pos_origin="" topic="" polarity="">brian would be good as a home health worker, but i didn't see him in this position</turn>
<turn mode="chat" speaker="cinthia" end_time="20:31:32 PM" turn_no="156" dialog_act="" comm_act_type="" link_to="" pos="" pos_count="" pos_origin="" topic="" polarity="">yeah lets</turn>
<turn mode="chat" speaker="josh" end_time="20:31:37 PM" turn_no="157" dialog_act="" comm_act_type="" link_to="" pos="" pos_count="" pos_origin="" topic="" polarity="">yea</turn>
<turn mode="chat" speaker="josh" end_time="20:31:46 PM" turn_no="158" dialog_act="" comm_act_type="" link_to="" pos="" pos_count="" pos_origin="" topic="" polarity="">hes the best for nursing</turn>
<turn mode="chat" speaker="irene" end_time="20:31:49 PM" turn_no="159" dialog_act="" comm_act_type="" link_to="" pos="" pos_count="" pos_origin="" topic="" polarity="">he has so much nursing experience</turn>
<turn mode="chat" speaker="josh" end_time="20:31:56 PM" turn_no="160" dialog_act="" comm_act_type="" link_to="" pos="" pos_count="" pos_origin="" topic="" polarity="">but thats not wut we are lloking for</turn>
<turn mode="chat" speaker="irene" end_time="20:32:01 PM" turn_no="161" dialog_act="" comm_act_type="" link_to="" pos="" pos_count="" pos_origin="" topic="" polarity="">and he has cpr skills</turn>
<turn mode="chat" speaker="irene" end_time="20:32:04 PM" turn_no="162" dialog_act="" comm_act_type="" link_to="" pos="" pos_count="" pos_origin="" topic="" polarity="">that's true but it's very helpful</turn>
<turn mode="chat" speaker="josh" end_time="20:32:08 PM" turn_no="163" dialog_act="" comm_act_type="" link_to="" pos="" pos_count="" pos_origin="" topic="" polarity="">yea</turn>
<turn mode="chat" speaker="irene" end_time="20:32:18 PM" turn_no="164" dialog_act="" comm_act_type="" link_to="" pos="" pos_count="" pos_origin="" topic="" polarity="">and maybe he could end up being a stay in home nurse</turn>
<turn mode="chat" speaker="lynn" end_time="20:32:23 PM" turn_no="165" dialog_act="" comm_act_type="" link_to="" pos="" pos_count="" pos_origin="" topic="" polarity="">agreed that cpr might be helpful</turn>
<turn mode="chat" speaker="josh" end_time="20:32:29 PM" turn_no="166" dialog_act="" comm_act_type="" link_to="" pos="" pos_count="" pos_origin="" topic="" polarity="">yea</turn>
<turn mode="chat" speaker="irene" end_time="20:32:36 PM" turn_no="167" dialog_act="" comm_act_type="" link_to="" pos="" pos_count="" pos_origin="" topic="" polarity="">i think a nurse is ideal for this</turn>
<turn mode="chat" speaker="josh" end_time="20:32:38 PM" turn_no="168" dialog_act="" comm_act_type="" link_to="" pos="" pos_count="" pos_origin="" topic="" polarity="">he does have communication skills tho</turn>
<turn mode="chat" speaker="irene" end_time="20:32:38 PM" turn_no="169" dialog_act="" comm_act_type="" link_to="" pos="" pos_count="" pos_origin="" topic="" polarity="">a friendly nurse though</turn>
<turn mode="chat" speaker="ted" end_time="20:32:43 PM" turn_no="170" dialog_act="" comm_act_type="" link_to="" pos="" pos_count="" pos_origin="" topic="" polarity="">he had time management experience</turn>
<turn mode="chat" speaker="irene" end_time="20:32:51 PM" turn_no="171" dialog_act="" comm_act_type="" link_to="" pos="" pos_count="" pos_origin="" topic="" polarity="">yeah i liked him a lot from the beginning when i read him ebfore the chat</turn>
<turn mode="chat" speaker="irene" end_time="20:32:55 PM" turn_no="172" dialog_act="" comm_act_type="" link_to="" pos="" pos_count="" pos_origin="" topic="" polarity="">yeah ted that's good too</turn>
<turn mode="chat" speaker="ted" end_time="20:33:00 PM" turn_no="173" dialog_act="" comm_act_type="" link_to="" pos="" pos_count="" pos_origin="" topic="" polarity="">he might be good scheduling deliverys</turn>
<turn mode="chat" speaker="irene" end_time="20:33:12 PM" turn_no="174" dialog_act="" comm_act_type="" link_to="" pos="" pos_count="" pos_origin="" topic="" polarity="">and old people love talking about their pills</turn>
<turn mode="chat" speaker="lynn" end_time="20:33:18 PM" turn_no="175" dialog_act="" comm_act_type="" link_to="" pos="" pos_count="" pos_origin="" topic="" polarity="">hehe</turn>
<turn mode="chat" speaker="ted" end_time="20:33:19 PM" turn_no="176" dialog_act="" comm_act_type="" link_to="" pos="" pos_count="" pos_origin="" topic="" polarity="">haha</turn>
<turn mode="chat" speaker="lynn" end_time="20:34:03 PM" turn_no="177" dialog_act="" comm_act_type="" link_to="" pos="" pos_count="" pos_origin="" topic="" polarity="">he also has experience organizaing patients appt times and records, which is important</turn>
<turn mode="chat" speaker="lynn" end_time="20:34:15 PM" turn_no="178" dialog_act="" comm_act_type="" link_to="" pos="" pos_count="" pos_origin="" topic="" polarity="">but not necessarily getting them there</turn>
<turn mode="chat" speaker="ted" end_time="20:34:39 PM" turn_no="179" dialog_act="" comm_act_type="" link_to="" pos="" pos_count="" pos_origin="" topic="" polarity="">he has not graduated yet, though</turn>
<turn mode="chat" speaker="cinthia" end_time="20:34:45 PM" turn_no="180" dialog_act="" comm_act_type="" link_to="" pos="" pos_count="" pos_origin="" topic="" polarity="">yeah but u only have to be 18</turn>
<turn mode="chat" speaker="irene" end_time="20:34:53 PM" turn_no="181" dialog_act="" comm_act_type="" link_to="" pos="" pos_count="" pos_origin="" topic="" polarity="">other people might be juggling jobs or school as well</turn>
<turn mode="chat" speaker="irene" end_time="20:35:03 PM" turn_no="182" dialog_act="" comm_act_type="" link_to="" pos="" pos_count="" pos_origin="" topic="" polarity="">we just have to ask them what their availability is</turn>
<turn mode="chat" speaker="ted" end_time="20:35:03 PM" turn_no="183" dialog_act="" comm_act_type="" link_to="" pos="" pos_count="" pos_origin="" topic="" polarity="">his availability may be limited</turn>
<turn mode="chat" speaker="lynn" end_time="20:35:37 PM" turn_no="184" dialog_act="" comm_act_type="" link_to="" pos="" pos_count="" pos_origin="" topic="" polarity="">that's a good point</turn>
<turn mode="chat" speaker="cinthia" end_time="20:35:51 PM" turn_no="185" dialog_act="" comm_act_type="" link_to="" pos="" pos_count="" pos_origin="" topic="" polarity="">yeah but if he wants it bad enough he can change his school sched around</turn>
<turn mode="chat" speaker="irene" end_time="20:36:06 PM" turn_no="186" dialog_act="" comm_act_type="" link_to="" pos="" pos_count="" pos_origin="" topic="" polarity="">maybe</turn>
<turn mode="chat" speaker="irene" end_time="20:36:20 PM" turn_no="187" dialog_act="" comm_act_type="" link_to="" pos="" pos_count="" pos_origin="" topic="" polarity="">i mean this might help him for his future job</turn>
<turn mode="chat" speaker="irene" end_time="20:36:23 PM" turn_no="188" dialog_act="" comm_act_type="" link_to="" pos="" pos_count="" pos_origin="" topic="" polarity="">as a stay-in nurse</turn>
<turn mode="chat" speaker="lynn" end_time="20:36:23 PM" turn_no="189" dialog_act="" comm_act_type="" link_to="" pos="" pos_count="" pos_origin="" topic="" polarity="">to a certain degree, yes, but if his client has a problem, he needs to be there</turn>
<turn mode="chat" speaker="lynn" end_time="20:36:47 PM" turn_no="190" dialog_act="" comm_act_type="" link_to="" pos="" pos_count="" pos_origin="" topic="" polarity="">i agree with that, it would help him in his future job as a stay-at-home nurse</turn>
<turn mode="chat" speaker="irene" end_time="20:37:05 PM" turn_no="191" dialog_act="" comm_act_type="" link_to="" pos="" pos_count="" pos_origin="" topic="" polarity="">but then again we might want someone to have this as their permanent job</turn>
<turn mode="chat" speaker="cinthia" end_time="20:37:57 PM" turn_no="192" dialog_act="" comm_act_type="" link_to="" pos="" pos_count="" pos_origin="" topic="" polarity="">true that</turn>
<turn mode="chat" speaker="ted" end_time="20:38:05 PM" turn_no="193" dialog_act="" comm_act_type="" link_to="" pos="" pos_count="" pos_origin="" topic="" polarity="">this experience will not help him increase nursing skills</turn>
<turn mode="chat" speaker="lynn" end_time="20:38:06 PM" turn_no="194" dialog_act="" comm_act_type="" link_to="" pos="" pos_count="" pos_origin="" topic="" polarity="">i worry that he would want to be a more conventiional nurse, at a hospital or something. i mean, he seems to be a talented student in nursing, and he doesn't necessarily have volunteer experience in a community setting</turn>
<turn mode="chat" speaker="lynn" end_time="20:38:25 PM" turn_no="195" dialog_act="" comm_act_type="" link_to="" pos="" pos_count="" pos_origin="" topic="" polarity="">i'm sure hospital nurses get paid more</turn>
<turn mode="chat" speaker="josh" end_time="20:38:35 PM" turn_no="196" dialog_act="" comm_act_type="" link_to="" pos="" pos_count="" pos_origin="" topic="" polarity="">yea but he also has the service skills with working at applebees</turn>
<turn mode="chat" speaker="irene" end_time="20:38:56 PM" turn_no="197" dialog_act="" comm_act_type="" link_to="" pos="" pos_count="" pos_origin="" topic="" polarity="">yeah you have to deal with all kinds of impatient people when you're a waiter/waitress</turn>
<turn mode="chat" speaker="josh" end_time="20:38:57 PM" turn_no="198" dialog_act="" comm_act_type="" link_to="" pos="" pos_count="" pos_origin="" topic="" polarity="">so he can take their orders</turn>
<turn mode="chat" speaker="irene" end_time="20:39:01 PM" turn_no="199" dialog_act="" comm_act_type="" link_to="" pos="" pos_count="" pos_origin="" topic="" polarity="">hah</turn>
<turn mode="chat" speaker="lynn" end_time="20:39:10 PM" turn_no="200" dialog_act="" comm_act_type="" link_to="" pos="" pos_count="" pos_origin="" topic="" polarity="">yes, but all the other candidates have community involvement as volunteers, which it hink shows more commitment to social services than a job at applebee's</turn>
<turn mode="chat" speaker="irene" end_time="20:39:22 PM" turn_no="201" dialog_act="" comm_act_type="" link_to="" pos="" pos_count="" pos_origin="" topic="" polarity="">true</turn>
<turn mode="chat" speaker="lynn" end_time="20:39:40 PM" turn_no="202" dialog_act="" comm_act_type="" link_to="" pos="" pos_count="" pos_origin="" topic="" polarity="">i mean he had a job there, doesn't mean he was good at it, maybe he was rude to them</turn>
<turn mode="chat" speaker="ted" end_time="20:39:47 PM" turn_no="203" dialog_act="" comm_act_type="" link_to="" pos="" pos_count="" pos_origin="" topic="" polarity="">i am still worried about his availability</turn>
<turn mode="chat" speaker="irene" end_time="20:39:50 PM" turn_no="204" dialog_act="" comm_act_type="" link_to="" pos="" pos_count="" pos_origin="" topic="" polarity="">yeah</turn>
<turn mode="chat" speaker="ted" end_time="20:40:02 PM" turn_no="205" dialog_act="" comm_act_type="" link_to="" pos="" pos_count="" pos_origin="" topic="" polarity="">in case the senior needs pills or medicine</turn>
<turn mode="chat" speaker="cinthia" end_time="20:40:15 PM" turn_no="206" dialog_act="" comm_act_type="" link_to="" pos="" pos_count="" pos_origin="" topic="" polarity="">ok so overall who did we like best</turn>
<turn mode="chat" speaker="lynn" end_time="20:40:29 PM" turn_no="207" dialog_act="" comm_act_type="" link_to="" pos="" pos_count="" pos_origin="" topic="" polarity="">i liked megan natalie and jeremy</turn>
<turn mode="chat" speaker="cinthia" end_time="20:41:31 PM" turn_no="208" dialog_act="" comm_act_type="" link_to="" pos="" pos_count="" pos_origin="" topic="" polarity="">exactly</turn>
<turn mode="chat" speaker="cinthia" end_time="20:41:33 PM" turn_no="209" dialog_act="" comm_act_type="" link_to="" pos="" pos_count="" pos_origin="" topic="" polarity="">me too</turn>
<turn mode="chat" speaker="ted" end_time="20:42:00 PM" turn_no="210" dialog_act="" comm_act_type="" link_to="" pos="" pos_count="" pos_origin="" topic="" polarity="">natalie or megan</turn>
<turn mode="chat" speaker="irene" end_time="20:42:08 PM" turn_no="211" dialog_act="" comm_act_type="" link_to="" pos="" pos_count="" pos_origin="" topic="" polarity="">he was there long enough though so i doubt he was too rude</turn>
<turn mode="chat" speaker="lynn" end_time="20:42:29 PM" turn_no="212" dialog_act="" comm_act_type="" link_to="" pos="" pos_count="" pos_origin="" topic="" polarity="">you're probably right</turn>
<turn mode="chat" speaker="cinthia" end_time="20:42:56 PM" turn_no="213" dialog_act="" comm_act_type="" link_to="" pos="" pos_count="" pos_origin="" topic="" polarity="">so top 3</turn>
<turn mode="chat" speaker="cinthia" end_time="20:42:58 PM" turn_no="214" dialog_act="" comm_act_type="" link_to="" pos="" pos_count="" pos_origin="" topic="" polarity="">lets debate those</turn>
<turn mode="chat" speaker="irene" end_time="20:43:03 PM" turn_no="215" dialog_act="" comm_act_type="" link_to="" pos="" pos_count="" pos_origin="" topic="" polarity="">yeah</turn>
<turn mode="chat" speaker="ted" end_time="20:43:09 PM" turn_no="216" dialog_act="" comm_act_type="" link_to="" pos="" pos_count="" pos_origin="" topic="" polarity="">ok</turn>
<turn mode="chat" speaker="irene" end_time="20:43:10 PM" turn_no="217" dialog_act="" comm_act_type="" link_to="" pos="" pos_count="" pos_origin="" topic="" polarity="">those are my top 3 too</turn>
<turn mode="chat" speaker="lynn" end_time="20:43:22 PM" turn_no="218" dialog_act="" comm_act_type="" link_to="" pos="" pos_count="" pos_origin="" topic="" polarity="">it's a tough choice</turn>
<turn mode="chat" speaker="josh" end_time="20:43:37 PM" turn_no="219" dialog_act="" comm_act_type="" link_to="" pos="" pos_count="" pos_origin="" topic="" polarity="">yea it is</turn>
<turn mode="chat" speaker="lynn" end_time="20:44:33 PM" turn_no="220" dialog_act="" comm_act_type="" link_to="" pos="" pos_count="" pos_origin="" topic="" polarity="">i liked megan, but i wonder as a literature major if this would be rewarding for her to stay for a long time</turn>
<turn mode="chat" speaker="ted" end_time="20:46:11 PM" turn_no="221" dialog_act="" comm_act_type="" link_to="" pos="" pos_count="" pos_origin="" topic="" polarity="">she has not worked since 07</turn>
<turn mode="chat" speaker="irene" end_time="20:46:15 PM" turn_no="222" dialog_act="" comm_act_type="" link_to="" pos="" pos_count="" pos_origin="" topic="" polarity="">well as a literature major what is she going to work for</turn>
<turn mode="chat" speaker="irene" end_time="20:46:20 PM" turn_no="223" dialog_act="" comm_act_type="" link_to="" pos="" pos_count="" pos_origin="" topic="" polarity="">she might just write books on the side</turn>
<turn mode="chat" speaker="lynn" end_time="20:46:21 PM" turn_no="224" dialog_act="" comm_act_type="" link_to="" pos="" pos_count="" pos_origin="" topic="" polarity="">hehe, true</turn>
<turn mode="chat" speaker="irene" end_time="20:46:24 PM" turn_no="225" dialog_act="" comm_act_type="" link_to="" pos="" pos_count="" pos_origin="" topic="" polarity="">she should have a consistent job</turn>
<turn mode="chat" speaker="lynn" end_time="20:46:46 PM" turn_no="226" dialog_act="" comm_act_type="" link_to="" pos="" pos_count="" pos_origin="" topic="" polarity="">she works at mcdonald's now</turn>
<turn mode="chat" speaker="ted" end_time="20:46:58 PM" turn_no="227" dialog_act="" comm_act_type="" link_to="" pos="" pos_count="" pos_origin="" topic="" polarity="">oh sorry, she did not write her resume cronologically</turn>
<turn mode="chat" speaker="ted" end_time="20:47:01 PM" turn_no="228" dialog_act="" comm_act_type="" link_to="" pos="" pos_count="" pos_origin="" topic="" polarity="">my bad</turn>
<turn mode="chat" speaker="irene" end_time="20:47:14 PM" turn_no="229" dialog_act="" comm_act_type="" link_to="" pos="" pos_count="" pos_origin="" topic="" polarity="">well that's a good sign lol</turn>
<turn mode="chat" speaker="ted" end_time="20:47:21 PM" turn_no="230" dialog_act="" comm_act_type="" link_to="" pos="" pos_count="" pos_origin="" topic="" polarity="">that shows that she is messy</turn>
<turn mode="chat" speaker="lynn" end_time="20:47:25 PM" turn_no="231" dialog_act="" comm_act_type="" link_to="" pos="" pos_count="" pos_origin="" topic="" polarity="">she seemed "young" to me, out of all the 3, even though i know they are all the same age probably</turn>
<turn mode="chat" speaker="ted" end_time="20:47:41 PM" turn_no="232" dialog_act="" comm_act_type="" link_to="" pos="" pos_count="" pos_origin="" topic="" polarity="">she will mess up orders</turn>
<turn mode="chat" speaker="lynn" end_time="20:47:54 PM" turn_no="233" dialog_act="" comm_act_type="" link_to="" pos="" pos_count="" pos_origin="" topic="" polarity="">yes, haha, old people like young people, i think</turn>
<turn mode="chat" speaker="lynn" end_time="20:47:59 PM" turn_no="234" dialog_act="" comm_act_type="" link_to="" pos="" pos_count="" pos_origin="" topic="" polarity="">like having them around</turn>
<turn mode="chat" speaker="lynn" end_time="20:48:23 PM" turn_no="235" dialog_act="" comm_act_type="" link_to="" pos="" pos_count="" pos_origin="" topic="" polarity="">but for some reason, natalie seems "older" and perhaps a bit more mature. she has an associates degree as well as a ba in human services</turn>
<turn mode="chat" speaker="ted" end_time="20:48:23 PM" turn_no="236" dialog_act="" comm_act_type="" link_to="" pos="" pos_count="" pos_origin="" topic="" polarity="">what is MESA Club?</turn>
<turn mode="chat" speaker="lynn" end_time="20:48:48 PM" turn_no="237" dialog_act="" comm_act_type="" link_to="" pos="" pos_count="" pos_origin="" topic="" polarity="">i don't know</turn>
<turn mode="chat" speaker="josh" end_time="20:48:54 PM" turn_no="238" dialog_act="" comm_act_type="" link_to="" pos="" pos_count="" pos_origin="" topic="" polarity="">i was about to ask the same lol</turn>
<turn mode="chat" speaker="irene" end_time="20:49:18 PM" turn_no="239" dialog_act="" comm_act_type="" link_to="" pos="" pos_count="" pos_origin="" topic="" polarity="">well i googled it</turn>
<turn mode="chat" speaker="irene" end_time="20:49:24 PM" turn_no="240" dialog_act="" comm_act_type="" link_to="" pos="" pos_count="" pos_origin="" topic="" polarity="">middle eastern studies association?</turn>
<turn mode="chat" speaker="josh" end_time="20:49:45 PM" turn_no="241" dialog_act="" comm_act_type="" link_to="" pos="" pos_count="" pos_origin="" topic="" polarity="">o so that means nothin to us then lol</turn>
<turn mode="chat" speaker="lynn" end_time="20:49:58 PM" turn_no="242" dialog_act="" comm_act_type="" link_to="" pos="" pos_count="" pos_origin="" topic="" polarity="">nor to the clients, i'm afraid</turn>
<turn mode="chat" speaker="cinthia" end_time="20:50:08 PM" turn_no="243" dialog_act="" comm_act_type="" link_to="" pos="" pos_count="" pos_origin="" topic="" polarity="">oh well shows diversity</turn>
<turn mode="chat" speaker="lynn" end_time="20:50:12 PM" turn_no="244" dialog_act="" comm_act_type="" link_to="" pos="" pos_count="" pos_origin="" topic="" polarity="">yes</turn>
<turn mode="chat" speaker="lynn" end_time="20:50:19 PM" turn_no="245" dialog_act="" comm_act_type="" link_to="" pos="" pos_count="" pos_origin="" topic="" polarity="">she's open-minded, which is good</turn>
<turn mode="chat" speaker="josh" end_time="20:50:37 PM" turn_no="246" dialog_act="" comm_act_type="" link_to="" pos="" pos_count="" pos_origin="" topic="" polarity="">yea but thats not a big point for this job</turn>
<turn mode="chat" speaker="lynn" end_time="20:50:42 PM" turn_no="247" dialog_act="" comm_act_type="" link_to="" pos="" pos_count="" pos_origin="" topic="" polarity="">right, i agree</turn>
<turn mode="chat" speaker="irene" end_time="20:50:47 PM" turn_no="248" dialog_act="" comm_act_type="" link_to="" pos="" pos_count="" pos_origin="" topic="" polarity="">well the point is to be compassionate</turn>
<turn mode="chat" speaker="irene" end_time="20:50:53 PM" turn_no="249" dialog_act="" comm_act_type="" link_to="" pos="" pos_count="" pos_origin="" topic="" polarity="">and usually being open minded and being compassionate go hand in hand</turn>
<turn mode="chat" speaker="cinthia" end_time="20:51:19 PM" turn_no="250" dialog_act="" comm_act_type="" link_to="" pos="" pos_count="" pos_origin="" topic="" polarity="">how so?</turn>
<turn mode="chat" speaker="irene" end_time="20:51:52 PM" turn_no="251" dialog_act="" comm_act_type="" link_to="" pos="" pos_count="" pos_origin="" topic="" polarity="">i guess that's just an opinion</turn>
<turn mode="chat" speaker="irene" end_time="20:52:09 PM" turn_no="252" dialog_act="" comm_act_type="" link_to="" pos="" pos_count="" pos_origin="" topic="" polarity="">i just don't think you can be close minded and compassionate</turn>
<turn mode="chat" speaker="irene" end_time="20:52:12 PM" turn_no="253" dialog_act="" comm_act_type="" link_to="" pos="" pos_count="" pos_origin="" topic="" polarity="">at least not usually</turn>
<turn mode="chat" speaker="cinthia" end_time="20:52:13 PM" turn_no="254" dialog_act="" comm_act_type="" link_to="" pos="" pos_count="" pos_origin="" topic="" polarity="">i kinda see wat ur saying tho</turn>
<turn mode="chat" speaker="irene" end_time="20:52:26 PM" turn_no="255" dialog_act="" comm_act_type="" link_to="" pos="" pos_count="" pos_origin="" topic="" polarity="">yeah</turn>
<turn mode="chat" speaker="irene" end_time="20:52:29 PM" turn_no="256" dialog_act="" comm_act_type="" link_to="" pos="" pos_count="" pos_origin="" topic="" polarity="">not the biggest issue here</turn>
<turn mode="chat" speaker="irene" end_time="20:52:37 PM" turn_no="257" dialog_act="" comm_act_type="" link_to="" pos="" pos_count="" pos_origin="" topic="" polarity="">idk who i want</turn>
<turn mode="chat" speaker="irene" end_time="20:52:39 PM" turn_no="258" dialog_act="" comm_act_type="" link_to="" pos="" pos_count="" pos_origin="" topic="" polarity="">who's everyone's top choice</turn>
<turn mode="chat" speaker="lynn" end_time="20:52:48 PM" turn_no="259" dialog_act="" comm_act_type="" link_to="" pos="" pos_count="" pos_origin="" topic="" polarity="">i agree with irene, especially with the middle east, there are a lot of people who could easily just hate, but she chose to find out more. i agree it's not the most important consideration in our case, though</turn>
<turn mode="chat" speaker="lynn" end_time="20:53:05 PM" turn_no="260" dialog_act="" comm_act_type="" link_to="" pos="" pos_count="" pos_origin="" topic="" polarity="">i think for me it's natalie</turn>
<turn mode="chat" speaker="josh" end_time="20:53:07 PM" turn_no="261" dialog_act="" comm_act_type="" link_to="" pos="" pos_count="" pos_origin="" topic="" polarity="">good point</turn>
<turn mode="chat" speaker="ted" end_time="20:53:09 PM" turn_no="262" dialog_act="" comm_act_type="" link_to="" pos="" pos_count="" pos_origin="" topic="" polarity="">good point</turn>
<turn mode="chat" speaker="ted" end_time="20:53:32 PM" turn_no="263" dialog_act="" comm_act_type="" link_to="" pos="" pos_count="" pos_origin="" topic="" polarity="">i am all for natalie</turn>
<turn mode="chat" speaker="ted" end_time="20:54:22 PM" turn_no="264" dialog_act="" comm_act_type="" link_to="" pos="" pos_count="" pos_origin="" topic="" polarity="">i am thinking why she lists her gpa twice?</turn>
<turn mode="chat" speaker="cinthia" end_time="20:54:29 PM" turn_no="265" dialog_act="" comm_act_type="" link_to="" pos="" pos_count="" pos_origin="" topic="" polarity="">mistake</turn>
<turn mode="chat" speaker="lynn" end_time="20:54:40 PM" turn_no="266" dialog_act="" comm_act_type="" link_to="" pos="" pos_count="" pos_origin="" topic="" polarity="">two different degrees</turn>
<turn mode="chat" speaker="josh" end_time="20:54:53 PM" turn_no="267" dialog_act="" comm_act_type="" link_to="" pos="" pos_count="" pos_origin="" topic="" polarity="">its the gpa for may</turn>
<turn mode="chat" speaker="cinthia" end_time="20:55:15 PM" turn_no="268" dialog_act="" comm_act_type="" link_to="" pos="" pos_count="" pos_origin="" topic="" polarity="">for the different years</turn>
<turn mode="chat" speaker="irene" end_time="20:55:17 PM" turn_no="269" dialog_act="" comm_act_type="" link_to="" pos="" pos_count="" pos_origin="" topic="" polarity="">yeah two different subjects</turn>
<turn mode="chat" speaker="josh" end_time="20:55:17 PM" turn_no="270" dialog_act="" comm_act_type="" link_to="" pos="" pos_count="" pos_origin="" topic="" polarity="">ones 2010 and the other is 2007\</turn>
<turn mode="chat" speaker="irene" end_time="20:55:20 PM" turn_no="271" dialog_act="" comm_act_type="" link_to="" pos="" pos_count="" pos_origin="" topic="" polarity="">major and overall</turn>
<turn mode="chat" speaker="irene" end_time="20:55:22 PM" turn_no="272" dialog_act="" comm_act_type="" link_to="" pos="" pos_count="" pos_origin="" topic="" polarity="">or that</turn>
<turn mode="chat" speaker="cinthia" end_time="20:55:26 PM" turn_no="273" dialog_act="" comm_act_type="" link_to="" pos="" pos_count="" pos_origin="" topic="" polarity="">yep so all 4 years of college</turn>
<turn mode="chat" speaker="irene" end_time="20:55:33 PM" turn_no="274" dialog_act="" comm_act_type="" link_to="" pos="" pos_count="" pos_origin="" topic="" polarity="">the gpa is irrelevant in my opnion</turn>
<turn mode="chat" speaker="cinthia" end_time="20:55:33 PM" turn_no="275" dialog_act="" comm_act_type="" link_to="" pos="" pos_count="" pos_origin="" topic="" polarity="">pry just showing how she maintained her grades</turn>
<turn mode="chat" speaker="irene" end_time="20:55:35 PM" turn_no="276" dialog_act="" comm_act_type="" link_to="" pos="" pos_count="" pos_origin="" topic="" polarity="">*opinion</turn>
<turn mode="chat" speaker="irene" end_time="20:55:43 PM" turn_no="277" dialog_act="" comm_act_type="" link_to="" pos="" pos_count="" pos_origin="" topic="" polarity="">i mean it's good to put</turn>
<turn mode="chat" speaker="irene" end_time="20:55:49 PM" turn_no="278" dialog_act="" comm_act_type="" link_to="" pos="" pos_count="" pos_origin="" topic="" polarity="">but it wouldn't decide anything for me</turn>
<turn mode="chat" speaker="ted" end_time="20:55:56 PM" turn_no="279" dialog_act="" comm_act_type="" link_to="" pos="" pos_count="" pos_origin="" topic="" polarity="">i really like this candidate that is why i am asking everything about her</turn>
<turn mode="chat" speaker="lynn" end_time="20:56:04 PM" turn_no="280" dialog_act="" comm_act_type="" link_to="" pos="" pos_count="" pos_origin="" topic="" polarity="">i completely agree with that, i don't even know why it's asked for</turn>
<turn mode="chat" speaker="ted" end_time="20:56:53 PM" turn_no="281" dialog_act="" comm_act_type="" link_to="" pos="" pos_count="" pos_origin="" topic="" polarity="">resumes tell quite of bit about an applicant</turn>
<turn mode="chat" speaker="irene" end_time="20:56:56 PM" turn_no="282" dialog_act="" comm_act_type="" link_to="" pos="" pos_count="" pos_origin="" topic="" polarity="">yeah</turn>
<turn mode="chat" speaker="lynn" end_time="20:57:40 PM" turn_no="283" dialog_act="" comm_act_type="" link_to="" pos="" pos_count="" pos_origin="" topic="" polarity="">can anybody find a compelling reason not to pick natalie?</turn>
<turn mode="chat" speaker="josh" end_time="20:57:56 PM" turn_no="284" dialog_act="" comm_act_type="" link_to="" pos="" pos_count="" pos_origin="" topic="" polarity="">nope</turn>
<turn mode="chat" speaker="irene" end_time="20:57:57 PM" turn_no="285" dialog_act="" comm_act_type="" link_to="" pos="" pos_count="" pos_origin="" topic="" polarity="">good question</turn>
<turn mode="chat" speaker="ted" end_time="20:58:02 PM" turn_no="286" dialog_act="" comm_act_type="" link_to="" pos="" pos_count="" pos_origin="" topic="" polarity="">i think this job experience will be a growth opportunity for her, in a field that she wants to be in</turn>
<turn mode="chat" speaker="irene" end_time="20:58:18 PM" turn_no="287" dialog_act="" comm_act_type="" link_to="" pos="" pos_count="" pos_origin="" topic="" polarity="">she didn't put her phone number!</turn>
<turn mode="chat" speaker="irene" end_time="20:58:18 PM" turn_no="288" dialog_act="" comm_act_type="" link_to="" pos="" pos_count="" pos_origin="" topic="" polarity="">haha</turn>
<turn mode="chat" speaker="lynn" end_time="20:58:23 PM" turn_no="289" dialog_act="" comm_act_type="" link_to="" pos="" pos_count="" pos_origin="" topic="" polarity="">hehe</turn>
<turn mode="chat" speaker="irene" end_time="20:58:25 PM" turn_no="290" dialog_act="" comm_act_type="" link_to="" pos="" pos_count="" pos_origin="" topic="" polarity="">actually i don't thikn anyone did</turn>
<turn mode="chat" speaker="lynn" end_time="20:58:27 PM" turn_no="291" dialog_act="" comm_act_type="" link_to="" pos="" pos_count="" pos_origin="" topic="" polarity="">she's so out...</turn>
<turn mode="chat" speaker="lynn" end_time="20:58:30 PM" turn_no="292" dialog_act="" comm_act_type="" link_to="" pos="" pos_count="" pos_origin="" topic="" polarity="">just kidding</turn>
<turn mode="chat" speaker="ted" end_time="20:58:40 PM" turn_no="293" dialog_act="" comm_act_type="" link_to="" pos="" pos_count="" pos_origin="" topic="" polarity="">wow you are strict</turn>
<turn mode="chat" speaker="irene" end_time="20:58:41 PM" turn_no="294" dialog_act="" comm_act_type="" link_to="" pos="" pos_count="" pos_origin="" topic="" polarity="">but the last time we had a similar topic like this i think they put like (123)456-789</turn>
<turn mode="chat" speaker="irene" end_time="20:58:46 PM" turn_no="295" dialog_act="" comm_act_type="" link_to="" pos="" pos_count="" pos_origin="" topic="" polarity="">or whatever</turn>
<turn mode="chat" speaker="irene" end_time="20:58:56 PM" turn_no="296" dialog_act="" comm_act_type="" link_to="" pos="" pos_count="" pos_origin="" topic="" polarity="">well certain jobs are honestly that strict</turn>
<turn mode="chat" speaker="irene" end_time="20:58:58 PM" turn_no="297" dialog_act="" comm_act_type="" link_to="" pos="" pos_count="" pos_origin="" topic="" polarity="">if it's really competitive</turn>
<turn mode="chat" speaker="irene" end_time="20:59:18 PM" turn_no="298" dialog_act="" comm_act_type="" link_to="" pos="" pos_count="" pos_origin="" topic="" polarity="">yeah i don't see anything wrong with her though</turn>
<turn mode="chat" speaker="ted" end_time="20:59:23 PM" turn_no="299" dialog_act="" comm_act_type="" link_to="" pos="" pos_count="" pos_origin="" topic="" polarity="">well i would not wanna have lynn interviewing me lol</turn>
<turn mode="chat" speaker="irene" end_time="20:59:30 PM" turn_no="300" dialog_act="" comm_act_type="" link_to="" pos="" pos_count="" pos_origin="" topic="" polarity="">haha</turn>
<turn mode="chat" speaker="irene" end_time="20:59:35 PM" turn_no="301" dialog_act="" comm_act_type="" link_to="" pos="" pos_count="" pos_origin="" topic="" polarity="">:-p</turn>
<turn mode="chat" speaker="josh" end_time="21:00:42 PM" turn_no="302" dialog_act="" comm_act_type="" link_to="" pos="" pos_count="" pos_origin="" topic="" polarity="">so are we saying natalie is our choice</turn>
<turn mode="chat" speaker="ted" end_time="21:00:47 PM" turn_no="303" dialog_act="" comm_act_type="" link_to="" pos="" pos_count="" pos_origin="" topic="" polarity="">i would call natalie to offer her the job. too bad she did not write it</turn>
<turn mode="chat" speaker="ted" end_time="21:01:25 PM" turn_no="304" dialog_act="" comm_act_type="" link_to="" pos="" pos_count="" pos_origin="" topic="" polarity="">down</turn>
<turn mode="chat" speaker="lynn" end_time="21:01:35 PM" turn_no="305" dialog_act="" comm_act_type="" link_to="" pos="" pos_count="" pos_origin="" topic="" polarity="">her loss</turn>
<turn mode="chat" speaker="lynn" end_time="21:01:44 PM" turn_no="306" dialog_act="" comm_act_type="" link_to="" pos="" pos_count="" pos_origin="" topic="" polarity="">no seriously, i think natalie is our choice</turn>
<turn mode="chat" speaker="lynn" end_time="21:01:52 PM" turn_no="307" dialog_act="" comm_act_type="" link_to="" pos="" pos_count="" pos_origin="" topic="" polarity="">unless anybody disagrees or wants to discuss more</turn>
<turn mode="chat" speaker="irene" end_time="21:02:34 PM" turn_no="308" dialog_act="" comm_act_type="" link_to="" pos="" pos_count="" pos_origin="" topic="" polarity="">haha</turn>
<turn mode="chat" speaker="cinthia" end_time="21:02:37 PM" turn_no="309" dialog_act="" comm_act_type="" link_to="" pos="" pos_count="" pos_origin="" topic="" polarity="">i think natali</turn>
<turn mode="chat" speaker="irene" end_time="21:02:38 PM" turn_no="310" dialog_act="" comm_act_type="" link_to="" pos="" pos_count="" pos_origin="" topic="" polarity="">yeah well we have a half hour</turn>
<turn mode="chat" speaker="irene" end_time="21:02:41 PM" turn_no="311" dialog_act="" comm_act_type="" link_to="" pos="" pos_count="" pos_origin="" topic="" polarity="">but natalie is the winner</turn>
<turn mode="chat" speaker="josh" end_time="21:02:44 PM" turn_no="312" dialog_act="" comm_act_type="" link_to="" pos="" pos_count="" pos_origin="" topic="" polarity="">yea</turn>
<turn mode="chat" speaker="josh" end_time="21:02:58 PM" turn_no="313" dialog_act="" comm_act_type="" link_to="" pos="" pos_count="" pos_origin="" topic="" polarity="">they always give us too much time to do this</turn>
<turn mode="chat" speaker="lynn" end_time="21:03:02 PM" turn_no="314" dialog_act="" comm_act_type="" link_to="" pos="" pos_count="" pos_origin="" topic="" polarity="">cool, she'll be happy to know that.</turn>
<turn mode="chat" speaker="irene" end_time="21:03:02 PM" turn_no="315" dialog_act="" comm_act_type="" link_to="" pos="" pos_count="" pos_origin="" topic="" polarity="">yes</turn>
<turn mode="chat" speaker="lynn" end_time="21:03:06 PM" turn_no="316" dialog_act="" comm_act_type="" link_to="" pos="" pos_count="" pos_origin="" topic="" polarity="">i know, they do!</turn>
<turn mode="chat" speaker="lynn" end_time="21:03:24 PM" turn_no="317" dialog_act="" comm_act_type="" link_to="" pos="" pos_count="" pos_origin="" topic="" polarity="">although i was on a chat the other day and we actually needed more time. we never reached a consensus either</turn>
<turn mode="chat" speaker="lynn" end_time="21:03:36 PM" turn_no="318" dialog_act="" comm_act_type="" link_to="" pos="" pos_count="" pos_origin="" topic="" polarity="">there was one holdout</turn>
<turn mode="chat" speaker="cinthia" end_time="21:03:38 PM" turn_no="319" dialog_act="" comm_act_type="" link_to="" pos="" pos_count="" pos_origin="" topic="" polarity="">what was that topic?</turn>
<turn mode="chat" speaker="irene" end_time="21:03:52 PM" turn_no="320" dialog_act="" comm_act_type="" link_to="" pos="" pos_count="" pos_origin="" topic="" polarity="">yeah that's a shocker</turn>
<turn mode="chat" speaker="lynn" end_time="21:03:56 PM" turn_no="321" dialog_act="" comm_act_type="" link_to="" pos="" pos_count="" pos_origin="" topic="" polarity="">we had to pick a city for the US olympics to be in</turn>
<turn mode="chat" speaker="lynn" end_time="21:04:05 PM" turn_no="322" dialog_act="" comm_act_type="" link_to="" pos="" pos_count="" pos_origin="" topic="" polarity="">not an international olympics, ,but just a domestic one</turn>
<turn mode="chat" speaker="irene" end_time="21:04:05 PM" turn_no="323" dialog_act="" comm_act_type="" link_to="" pos="" pos_count="" pos_origin="" topic="" polarity="">oh yeah i had that too</turn>
<turn mode="chat" speaker="lynn" end_time="21:04:14 PM" turn_no="324" dialog_act="" comm_act_type="" link_to="" pos="" pos_count="" pos_origin="" topic="" polarity="">were you on that chat??</turn>
<turn mode="chat" speaker="josh" end_time="21:04:18 PM" turn_no="325" dialog_act="" comm_act_type="" link_to="" pos="" pos_count="" pos_origin="" topic="" polarity="">oo well thats a good one tho</turn>
<turn mode="chat" speaker="irene" end_time="21:04:23 PM" turn_no="326" dialog_act="" comm_act_type="" link_to="" pos="" pos_count="" pos_origin="" topic="" polarity="">idk if i was with you</turn>
<turn mode="chat" speaker="irene" end_time="21:04:31 PM" turn_no="327" dialog_act="" comm_act_type="" link_to="" pos="" pos_count="" pos_origin="" topic="" polarity="">but a lot of times both groups have the same topic</turn>
<turn mode="chat" speaker="lynn" end_time="21:04:31 PM" turn_no="328" dialog_act="" comm_act_type="" link_to="" pos="" pos_count="" pos_origin="" topic="" polarity="">yea, it was a great topic, i thought.</turn>
<turn mode="chat" speaker="irene" end_time="21:04:32 PM" turn_no="329" dialog_act="" comm_act_type="" link_to="" pos="" pos_count="" pos_origin="" topic="" polarity="">like right now</turn>
<turn mode="chat" speaker="lynn" end_time="21:04:35 PM" turn_no="330" dialog_act="" comm_act_type="" link_to="" pos="" pos_count="" pos_origin="" topic="" polarity="">that's true</turn>
<turn mode="chat" speaker="josh" end_time="21:04:39 PM" turn_no="331" dialog_act="" comm_act_type="" link_to="" pos="" pos_count="" pos_origin="" topic="" polarity="">all the ones i have had take like 45 mins to do lol</turn>
<turn mode="chat" speaker="irene" end_time="21:04:43 PM" turn_no="332" dialog_act="" comm_act_type="" link_to="" pos="" pos_count="" pos_origin="" topic="" polarity="">yeah</turn>
<turn mode="chat" speaker="lynn" end_time="21:04:47 PM" turn_no="333" dialog_act="" comm_act_type="" link_to="" pos="" pos_count="" pos_origin="" topic="" polarity="">did you reach a concensus, irene?</turn>
<turn mode="chat" speaker="irene" end_time="21:04:53 PM" turn_no="334" dialog_act="" comm_act_type="" link_to="" pos="" pos_count="" pos_origin="" topic="" polarity="">yeah</turn>
<turn mode="chat" speaker="irene" end_time="21:04:56 PM" turn_no="335" dialog_act="" comm_act_type="" link_to="" pos="" pos_count="" pos_origin="" topic="" polarity="">i forgot what we picked</turn>
<turn mode="chat" speaker="lynn" end_time="21:04:58 PM" turn_no="336" dialog_act="" comm_act_type="" link_to="" pos="" pos_count="" pos_origin="" topic="" polarity="">oh cool</turn>
<turn mode="chat" speaker="lynn" end_time="21:05:02 PM" turn_no="337" dialog_act="" comm_act_type="" link_to="" pos="" pos_count="" pos_origin="" topic="" polarity="">we picked st. louis</turn>
<turn mode="chat" speaker="irene" end_time="21:05:03 PM" turn_no="338" dialog_act="" comm_act_type="" link_to="" pos="" pos_count="" pos_origin="" topic="" polarity="">i have a bad memory</turn>
<turn mode="chat" speaker="lynn" end_time="21:05:13 PM" turn_no="339" dialog_act="" comm_act_type="" link_to="" pos="" pos_count="" pos_origin="" topic="" polarity="">but she held out for chicago, the only one</turn>
<turn mode="chat" speaker="irene" end_time="21:05:32 PM" turn_no="340" dialog_act="" comm_act_type="" link_to="" pos="" pos_count="" pos_origin="" topic="" polarity="">i haven't had a topic i felt strongly about</turn>
<turn mode="chat" speaker="irene" end_time="21:05:53 PM" turn_no="341" dialog_act="" comm_act_type="" link_to="" pos="" pos_count="" pos_origin="" topic="" polarity="">they should put more controversial topics</turn>
<turn mode="chat" speaker="lynn" end_time="21:05:56 PM" turn_no="342" dialog_act="" comm_act_type="" link_to="" pos="" pos_count="" pos_origin="" topic="" polarity="">me neither</turn>
<turn mode="chat" speaker="irene" end_time="21:05:57 PM" turn_no="343" dialog_act="" comm_act_type="" link_to="" pos="" pos_count="" pos_origin="" topic="" polarity="">like abortion or something</turn>
<turn mode="chat" speaker="lynn" end_time="21:06:02 PM" turn_no="344" dialog_act="" comm_act_type="" link_to="" pos="" pos_count="" pos_origin="" topic="" polarity="">oh, wow</turn>
<turn mode="chat" speaker="cinthia" end_time="21:06:03 PM" turn_no="345" dialog_act="" comm_act_type="" link_to="" pos="" pos_count="" pos_origin="" topic="" polarity="">ehhh they pry do that for a reason</turn>
<turn mode="chat" speaker="irene" end_time="21:06:06 PM" turn_no="346" dialog_act="" comm_act_type="" link_to="" pos="" pos_count="" pos_origin="" topic="" polarity="">they would get strong reactions out of people</turn>
<turn mode="chat" speaker="lynn" end_time="21:06:10 PM" turn_no="347" dialog_act="" comm_act_type="" link_to="" pos="" pos_count="" pos_origin="" topic="" polarity="">yes, definitely</turn>
<turn mode="chat" speaker="irene" end_time="21:06:12 PM" turn_no="348" dialog_act="" comm_act_type="" link_to="" pos="" pos_count="" pos_origin="" topic="" polarity="">and we'd have plenty of things to say</turn>
<turn mode="chat" speaker="ted" end_time="21:06:14 PM" turn_no="349" dialog_act="" comm_act_type="" link_to="" pos="" pos_count="" pos_origin="" topic="" polarity="">education?</turn>
<turn mode="chat" speaker="irene" end_time="21:06:27 PM" turn_no="350" dialog_act="" comm_act_type="" link_to="" pos="" pos_count="" pos_origin="" topic="" polarity="">maybe they'll do that in the face-to-face chat</turn>
<turn mode="chat" speaker="lynn" end_time="21:06:34 PM" turn_no="351" dialog_act="" comm_act_type="" link_to="" pos="" pos_count="" pos_origin="" topic="" polarity="">yes, perhaps</turn>
<turn mode="chat" speaker="cinthia" end_time="21:06:38 PM" turn_no="352" dialog_act="" comm_act_type="" link_to="" pos="" pos_count="" pos_origin="" topic="" polarity="">alright guys</turn>
<turn mode="chat" speaker="cinthia" end_time="21:06:45 PM" turn_no="353" dialog_act="" comm_act_type="" link_to="" pos="" pos_count="" pos_origin="" topic="" polarity="">lets try to get back on topic for the last 30</turn>
<turn mode="chat" speaker="irene" end_time="21:06:48 PM" turn_no="354" dialog_act="" comm_act_type="" link_to="" pos="" pos_count="" pos_origin="" topic="" polarity="">k</turn>
<turn mode="chat" speaker="lynn" end_time="21:06:49 PM" turn_no="355" dialog_act="" comm_act_type="" link_to="" pos="" pos_count="" pos_origin="" topic="" polarity="">how about toilet paper over or under?</turn>
<turn mode="chat" speaker="irene" end_time="21:06:52 PM" turn_no="356" dialog_act="" comm_act_type="" link_to="" pos="" pos_count="" pos_origin="" topic="" polarity="">hahahah</turn>
<turn mode="chat" speaker="lynn" end_time="21:06:53 PM" turn_no="357" dialog_act="" comm_act_type="" link_to="" pos="" pos_count="" pos_origin="" topic="" polarity="">oh, ,sorry</turn>
<turn mode="chat" speaker="irene" end_time="21:07:05 PM" turn_no="358" dialog_act="" comm_act_type="" link_to="" pos="" pos_count="" pos_origin="" topic="" polarity="">we should ask that on the interview</turn>
<turn mode="chat" speaker="lynn" end_time="21:07:08 PM" turn_no="359" dialog_act="" comm_act_type="" link_to="" pos="" pos_count="" pos_origin="" topic="" polarity="">hehe</turn>
<turn mode="chat" speaker="ted" end_time="21:07:18 PM" turn_no="360" dialog_act="" comm_act_type="" link_to="" pos="" pos_count="" pos_origin="" topic="" polarity="">i think we had a good debate</turn>
<turn mode="chat" speaker="ted" end_time="21:07:21 PM" turn_no="361" dialog_act="" comm_act_type="" link_to="" pos="" pos_count="" pos_origin="" topic="" polarity="">haha</turn>
<turn mode="chat" speaker="irene" end_time="21:07:25 PM" turn_no="362" dialog_act="" comm_act_type="" link_to="" pos="" pos_count="" pos_origin="" topic="" polarity="">yeah</turn>
<turn mode="chat" speaker="irene" end_time="21:07:32 PM" turn_no="363" dialog_act="" comm_act_type="" link_to="" pos="" pos_count="" pos_origin="" topic="" polarity="">we did the job</turn>
<turn mode="chat" speaker="irene" end_time="21:07:38 PM" turn_no="364" dialog_act="" comm_act_type="" link_to="" pos="" pos_count="" pos_origin="" topic="" polarity="">discussed it and reached a cnsensus</turn>
<turn mode="chat" speaker="lynn" end_time="21:07:40 PM" turn_no="365" dialog_act="" comm_act_type="" link_to="" pos="" pos_count="" pos_origin="" topic="" polarity="">one thing that surprisingly made a difference for me was if they listed their goal or objective</turn>
<turn mode="chat" speaker="irene" end_time="21:07:44 PM" turn_no="366" dialog_act="" comm_act_type="" link_to="" pos="" pos_count="" pos_origin="" topic="" polarity="">but we can talk about why the other 2 weren't picked</turn>
<turn mode="chat" speaker="ted" end_time="21:07:51 PM" turn_no="367" dialog_act="" comm_act_type="" link_to="" pos="" pos_count="" pos_origin="" topic="" polarity="">everybody gave input about each applicant</turn>
<turn mode="chat" speaker="cinthia" end_time="21:08:02 PM" turn_no="368" dialog_act="" comm_act_type="" link_to="" pos="" pos_count="" pos_origin="" topic="" polarity="">yeah good point lynn</turn>
<turn mode="chat" speaker="ted" end_time="21:08:05 PM" turn_no="369" dialog_act="" comm_act_type="" link_to="" pos="" pos_count="" pos_origin="" topic="" polarity="">we followed a good pattern</turn>
<turn mode="chat" speaker="irene" end_time="21:08:16 PM" turn_no="370" dialog_act="" comm_act_type="" link_to="" pos="" pos_count="" pos_origin="" topic="" polarity="">yeah lynn that's a good point</turn>
<turn mode="chat" speaker="lynn" end_time="21:08:32 PM" turn_no="371" dialog_act="" comm_act_type="" link_to="" pos="" pos_count="" pos_origin="" topic="" polarity="">i will keep that in mind from now on as i apply for jobs</turn>
<turn mode="chat" speaker="cinthia" end_time="21:09:04 PM" turn_no="372" dialog_act="" comm_act_type="" link_to="" pos="" pos_count="" pos_origin="" topic="" polarity="">i think its like ur foot in the door for the job</turn>
<turn mode="chat" speaker="cinthia" end_time="21:09:17 PM" turn_no="373" dialog_act="" comm_act_type="" link_to="" pos="" pos_count="" pos_origin="" topic="" polarity="">im the recruiting intern at a company and thats what we really look for</turn>
<turn mode="chat" speaker="lynn" end_time="21:09:25 PM" turn_no="374" dialog_act="" comm_act_type="" link_to="" pos="" pos_count="" pos_origin="" topic="" polarity="">really?</turn>
<turn mode="chat" speaker="lynn" end_time="21:09:34 PM" turn_no="375" dialog_act="" comm_act_type="" link_to="" pos="" pos_count="" pos_origin="" topic="" polarity="">i always thought it was so useless to put that</turn>
<turn mode="chat" speaker="lynn" end_time="21:09:54 PM" turn_no="376" dialog_act="" comm_act_type="" link_to="" pos="" pos_count="" pos_origin="" topic="" polarity="">that was surprising to me</turn>
<turn mode="chat" speaker="irene" end_time="21:10:03 PM" turn_no="377" dialog_act="" comm_act_type="" link_to="" pos="" pos_count="" pos_origin="" topic="" polarity="">there are certain things that are dumb but jobs want to see</turn>
<turn mode="chat" speaker="irene" end_time="21:10:06 PM" turn_no="378" dialog_act="" comm_act_type="" link_to="" pos="" pos_count="" pos_origin="" topic="" polarity="">i.e. gpa</turn>
<turn mode="chat" speaker="cinthia" end_time="21:10:28 PM" turn_no="379" dialog_act="" comm_act_type="" link_to="" pos="" pos_count="" pos_origin="" topic="" polarity="">yeah thats not the biggest factor tho</turn>
<turn mode="chat" speaker="cinthia" end_time="21:10:33 PM" turn_no="380" dialog_act="" comm_act_type="" link_to="" pos="" pos_count="" pos_origin="" topic="" polarity="">that kinda is a commitment thing</turn>
<turn mode="chat" speaker="josh" end_time="21:10:36 PM" turn_no="381" dialog_act="" comm_act_type="" link_to="" pos="" pos_count="" pos_origin="" topic="" polarity="">so ur saying to put an objective?</turn>
<turn mode="chat" speaker="cinthia" end_time="21:10:37 PM" turn_no="382" dialog_act="" comm_act_type="" link_to="" pos="" pos_count="" pos_origin="" topic="" polarity="">to see how well you apply yourself</turn>
<turn mode="chat" speaker="irene" end_time="21:10:40 PM" turn_no="383" dialog_act="" comm_act_type="" link_to="" pos="" pos_count="" pos_origin="" topic="" polarity="">yeah</turn>
<turn mode="chat" speaker="ted" end_time="21:10:48 PM" turn_no="384" dialog_act="" comm_act_type="" link_to="" pos="" pos_count="" pos_origin="" topic="" polarity="">well gpa gre sat are all used as filters</turn>
<turn mode="chat" speaker="irene" end_time="21:10:58 PM" turn_no="385" dialog_act="" comm_act_type="" link_to="" pos="" pos_count="" pos_origin="" topic="" polarity="">ugh</turn>
<turn mode="chat" speaker="irene" end_time="21:11:00 PM" turn_no="386" dialog_act="" comm_act_type="" link_to="" pos="" pos_count="" pos_origin="" topic="" polarity="">i hate those</turn>
<turn mode="chat" speaker="irene" end_time="21:11:03 PM" turn_no="387" dialog_act="" comm_act_type="" link_to="" pos="" pos_count="" pos_origin="" topic="" polarity="">that would be a good chat</turn>
<turn mode="chat" speaker="josh" end_time="21:11:11 PM" turn_no="388" dialog_act="" comm_act_type="" link_to="" pos="" pos_count="" pos_origin="" topic="" polarity="">yea it would</turn>
<turn mode="chat" speaker="lynn" end_time="21:11:15 PM" turn_no="389" dialog_act="" comm_act_type="" link_to="" pos="" pos_count="" pos_origin="" topic="" polarity="">i just think gpa nowadays doesn't mean much, because grades vary so much depending on where you went to school</turn>
<turn mode="chat" speaker="irene" end_time="21:11:19 PM" turn_no="390" dialog_act="" comm_act_type="" link_to="" pos="" pos_count="" pos_origin="" topic="" polarity="">yeah</turn>
<turn mode="chat" speaker="josh" end_time="21:11:23 PM" turn_no="391" dialog_act="" comm_act_type="" link_to="" pos="" pos_count="" pos_origin="" topic="" polarity="">yea</turn>
<turn mode="chat" speaker="irene" end_time="21:11:25 PM" turn_no="392" dialog_act="" comm_act_type="" link_to="" pos="" pos_count="" pos_origin="" topic="" polarity="">and who taught the class</turn>
<turn mode="chat" speaker="lynn" end_time="21:11:31 PM" turn_no="393" dialog_act="" comm_act_type="" link_to="" pos="" pos_count="" pos_origin="" topic="" polarity="">yes, exactly</turn>
<turn mode="chat" speaker="ted" end_time="21:11:39 PM" turn_no="394" dialog_act="" comm_act_type="" link_to="" pos="" pos_count="" pos_origin="" topic="" polarity="">and the curve!!!</turn>
<turn mode="chat" speaker="irene" end_time="21:11:43 PM" turn_no="395" dialog_act="" comm_act_type="" link_to="" pos="" pos_count="" pos_origin="" topic="" polarity="">yeah</turn>
<turn mode="chat" speaker="josh" end_time="21:11:49 PM" turn_no="396" dialog_act="" comm_act_type="" link_to="" pos="" pos_count="" pos_origin="" topic="" polarity="">its just a way to weed out people when alot of people are going for a job</turn>
<turn mode="chat" speaker="cinthia" end_time="21:11:59 PM" turn_no="397" dialog_act="" comm_act_type="" link_to="" pos="" pos_count="" pos_origin="" topic="" polarity="">yep right josh</turn>
<turn mode="chat" speaker="lynn" end_time="21:12:09 PM" turn_no="398" dialog_act="" comm_act_type="" link_to="" pos="" pos_count="" pos_origin="" topic="" polarity="">yea, i can see hiring somebody who has a 3.5 over a 1.7</turn>
<turn mode="chat" speaker="irene" end_time="21:12:19 PM" turn_no="399" dialog_act="" comm_act_type="" link_to="" pos="" pos_count="" pos_origin="" topic="" polarity="">well yeah</turn>
<turn mode="chat" speaker="lynn" end_time="21:12:24 PM" turn_no="400" dialog_act="" comm_act_type="" link_to="" pos="" pos_count="" pos_origin="" topic="" polarity="">but when it comes to 3.5 vs. 3.1, it doesn't mean much</turn>
<turn mode="chat" speaker="ted" end_time="21:12:37 PM" turn_no="401" dialog_act="" comm_act_type="" link_to="" pos="" pos_count="" pos_origin="" topic="" polarity="">or a 0.65</turn>
<turn mode="chat" speaker="josh" end_time="21:12:40 PM" turn_no="402" dialog_act="" comm_act_type="" link_to="" pos="" pos_count="" pos_origin="" topic="" polarity="">well there are computer programs that look at certain #s on a resume</turn>
<turn mode="chat" speaker="cinthia" end_time="21:12:52 PM" turn_no="403" dialog_act="" comm_act_type="" link_to="" pos="" pos_count="" pos_origin="" topic="" polarity="">explain</turn>
<turn mode="chat" speaker="ted" end_time="21:12:58 PM" turn_no="404" dialog_act="" comm_act_type="" link_to="" pos="" pos_count="" pos_origin="" topic="" polarity="">that is a new one i have not heard</turn>
<turn mode="chat" speaker="lynn" end_time="21:13:03 PM" turn_no="405" dialog_act="" comm_act_type="" link_to="" pos="" pos_count="" pos_origin="" topic="" polarity="">at my grad school, they have a new gpa configuration where they include what the rest of your graduating class got</turn>
<turn mode="chat" speaker="lynn" end_time="21:13:08 PM" turn_no="406" dialog_act="" comm_act_type="" link_to="" pos="" pos_count="" pos_origin="" topic="" polarity="">so it puts you in relation to others</turn>
<turn mode="chat" speaker="ted" end_time="21:13:25 PM" turn_no="407" dialog_act="" comm_act_type="" link_to="" pos="" pos_count="" pos_origin="" topic="" polarity="">a standart distribution?</turn>
<turn mode="chat" speaker="lynn" end_time="21:13:27 PM" turn_no="408" dialog_act="" comm_act_type="" link_to="" pos="" pos_count="" pos_origin="" topic="" polarity="">what does that involve, josh?</turn>
<turn mode="chat" speaker="josh" end_time="21:13:51 PM" turn_no="409" dialog_act="" comm_act_type="" link_to="" pos="" pos_count="" pos_origin="" topic="" polarity="">the company puts certain info into the computer that they look for on a resume</turn>
<turn mode="chat" speaker="lynn" end_time="21:14:02 PM" turn_no="410" dialog_act="" comm_act_type="" link_to="" pos="" pos_count="" pos_origin="" topic="" polarity="">text?</turn>
<turn mode="chat" speaker="josh" end_time="21:14:25 PM" turn_no="411" dialog_act="" comm_act_type="" link_to="" pos="" pos_count="" pos_origin="" topic="" polarity="">so they may put that they want people wit gpas over 3.5</turn>
<turn mode="chat" speaker="lynn" end_time="21:14:32 PM" turn_no="412" dialog_act="" comm_act_type="" link_to="" pos="" pos_count="" pos_origin="" topic="" polarity="">oh, i see</turn>
<turn mode="chat" speaker="josh" end_time="21:14:50 PM" turn_no="413" dialog_act="" comm_act_type="" link_to="" pos="" pos_count="" pos_origin="" topic="" polarity="">so #s that come up lower than 3.5 get thrown away</turn>
<turn mode="chat" speaker="cinthia" end_time="21:14:58 PM" turn_no="414" dialog_act="" comm_act_type="" link_to="" pos="" pos_count="" pos_origin="" topic="" polarity="">like an excel program</turn>
<turn mode="chat" speaker="cinthia" end_time="21:14:58 PM" turn_no="415" dialog_act="" comm_act_type="" link_to="" pos="" pos_count="" pos_origin="" topic="" polarity="">got it</turn>
<turn mode="chat" speaker="irene" end_time="21:15:54 PM" turn_no="416" dialog_act="" comm_act_type="" link_to="" pos="" pos_count="" pos_origin="" topic="" polarity="">yeah</turn>
<turn mode="chat" speaker="irene" end_time="21:15:59 PM" turn_no="417" dialog_act="" comm_act_type="" link_to="" pos="" pos_count="" pos_origin="" topic="" polarity="">i've heard of things like that</turn>
<turn mode="chat" speaker="irene" end_time="21:16:11 PM" turn_no="418" dialog_act="" comm_act_type="" link_to="" pos="" pos_count="" pos_origin="" topic="" polarity="">but this is just dealing with seniors who need help doing things that most people can do</turn>
<turn mode="chat" speaker="lynn" end_time="21:16:25 PM" turn_no="419" dialog_act="" comm_act_type="" link_to="" pos="" pos_count="" pos_origin="" topic="" polarity="">right</turn>
<turn mode="chat" speaker="josh" end_time="21:16:33 PM" turn_no="420" dialog_act="" comm_act_type="" link_to="" pos="" pos_count="" pos_origin="" topic="" polarity="">yea so gpa doesnt really matter</turn>
<turn mode="chat" speaker="lynn" end_time="21:16:45 PM" turn_no="421" dialog_act="" comm_act_type="" link_to="" pos="" pos_count="" pos_origin="" topic="" polarity="">they all had pretty similar gpa's anyhow</turn>
<turn mode="chat" speaker="irene" end_time="21:17:05 PM" turn_no="422" dialog_act="" comm_act_type="" link_to="" pos="" pos_count="" pos_origin="" topic="" polarity="">yeha</turn>
<turn mode="chat" speaker="josh" end_time="21:17:37 PM" turn_no="423" dialog_act="" comm_act_type="" link_to="" pos="" pos_count="" pos_origin="" topic="" polarity="">true</turn>
<turn mode="chat" speaker="ted" end_time="21:18:01 PM" turn_no="424" dialog_act="" comm_act_type="" link_to="" pos="" pos_count="" pos_origin="" topic="" polarity="">can we end this</turn>
<turn mode="chat" speaker="irene" end_time="21:18:06 PM" turn_no="425" dialog_act="" comm_act_type="" link_to="" pos="" pos_count="" pos_origin="" topic="" polarity="">no</turn>
<turn mode="chat" speaker="irene" end_time="21:18:06 PM" turn_no="426" dialog_act="" comm_act_type="" link_to="" pos="" pos_count="" pos_origin="" topic="" polarity="">haha</turn>
<turn mode="chat" speaker="irene" end_time="21:18:11 PM" turn_no="427" dialog_act="" comm_act_type="" link_to="" pos="" pos_count="" pos_origin="" topic="" polarity="">we have to wait til 930</turn>
<turn mode="chat" speaker="irene" end_time="21:18:18 PM" turn_no="428" dialog_act="" comm_act_type="" link_to="" pos="" pos_count="" pos_origin="" topic="" polarity="">when moderator announces it is over</turn>
<turn mode="chat" speaker="irene" end_time="21:18:20 PM" turn_no="429" dialog_act="" comm_act_type="" link_to="" pos="" pos_count="" pos_origin="" topic="" polarity="">then we take a survey</turn>
<turn mode="chat" speaker="ted" end_time="21:18:35 PM" turn_no="430" dialog_act="" comm_act_type="" link_to="" pos="" pos_count="" pos_origin="" topic="" polarity="">i know</turn>
<turn mode="chat" speaker="irene" end_time="21:18:47 PM" turn_no="431" dialog_act="" comm_act_type="" link_to="" pos="" pos_count="" pos_origin="" topic="" polarity="">i think we all put in an equal amount of work</turn>
<turn mode="chat" speaker="lynn" end_time="21:18:51 PM" turn_no="432" dialog_act="" comm_act_type="" link_to="" pos="" pos_count="" pos_origin="" topic="" polarity="">we were very efficient!</turn>
<turn mode="chat" speaker="irene" end_time="21:18:51 PM" turn_no="433" dialog_act="" comm_act_type="" link_to="" pos="" pos_count="" pos_origin="" topic="" polarity="">i don't know how i'm going to rate everyone</turn>
<turn mode="chat" speaker="irene" end_time="21:18:53 PM" turn_no="434" dialog_act="" comm_act_type="" link_to="" pos="" pos_count="" pos_origin="" topic="" polarity="">yes</turn>
<turn mode="chat" speaker="lynn" end_time="21:18:57 PM" turn_no="435" dialog_act="" comm_act_type="" link_to="" pos="" pos_count="" pos_origin="" topic="" polarity="">yes, i agree</turn>
<turn mode="chat" speaker="moderator" end_time="21:19:12 PM" turn_no="436" dialog_act="" comm_act_type="" link_to="" pos="" pos_count="" pos_origin="" topic="" polarity="">Hey guys. I will let you leave early tonight. :-)</turn>
<turn mode="chat" speaker="cinthia" end_time="21:19:18 PM" turn_no="437" dialog_act="" comm_act_type="" link_to="" pos="" pos_count="" pos_origin="" topic="" polarity="">ok awesome</turn>
<turn mode="chat" speaker="irene" end_time="21:19:20 PM" turn_no="438" dialog_act="" comm_act_type="" link_to="" pos="" pos_count="" pos_origin="" topic="" polarity="">:)</turn>
<turn mode="chat" speaker="ted" end_time="21:19:20 PM" turn_no="439" dialog_act="" comm_act_type="" link_to="" pos="" pos_count="" pos_origin="" topic="" polarity="">thank</turn>
<turn mode="chat" speaker="lynn" end_time="21:19:22 PM" turn_no="440" dialog_act="" comm_act_type="" link_to="" pos="" pos_count="" pos_origin="" topic="" polarity="">you're timing is great!</turn>
<turn mode="chat" speaker="moderator" end_time="21:19:24 PM" turn_no="441" dialog_act="" comm_act_type="" link_to="" pos="" pos_count="" pos_origin="" topic="" polarity="">Please fill out the survey though</turn>
<turn mode="chat" speaker="irene" end_time="21:19:29 PM" turn_no="442" dialog_act="" comm_act_type="" link_to="" pos="" pos_count="" pos_origin="" topic="" polarity="">ok</turn>
<turn mode="chat" speaker="lynn" end_time="21:19:29 PM" turn_no="443" dialog_act="" comm_act_type="" link_to="" pos="" pos_count="" pos_origin="" topic="" polarity="">ok</turn>
<turn mode="chat" speaker="cinthia" end_time="21:19:31 PM" turn_no="444" dialog_act="" comm_act_type="" link_to="" pos="" pos_count="" pos_origin="" topic="" polarity="">hey i had a quick question... are there going to be more chats?</turn>
<turn mode="chat" speaker="lynn" end_time="21:19:44 PM" turn_no="445" dialog_act="" comm_act_type="" link_to="" pos="" pos_count="" pos_origin="" topic="" polarity="">because a lot were cancelled</turn>
<turn mode="chat" speaker="irene" end_time="21:19:49 PM" turn_no="446" dialog_act="" comm_act_type="" link_to="" pos="" pos_count="" pos_origin="" topic="" polarity="">when do we get the checks</turn>
<turn mode="chat" speaker="moderator" end_time="21:19:49 PM" turn_no="447" dialog_act="" comm_act_type="" link_to="" pos="" pos_count="" pos_origin="" topic="" polarity="">link</turn>
<turn mode="chat" speaker="irene" end_time="21:19:53 PM" turn_no="448" dialog_act="" comm_act_type="" link_to="" pos="" pos_count="" pos_origin="" topic="" polarity="">and when is the face to face</turn>
<turn mode="chat" speaker="moderator" end_time="21:19:56 PM" turn_no="449" dialog_act="" comm_act_type="" link_to="" pos="" pos_count="" pos_origin="" topic="" polarity="">Yes, I will send out an email tomorrow</turn>
<turn mode="chat" speaker="moderator" end_time="21:20:06 PM" turn_no="450" dialog_act="" comm_act_type="" link_to="" pos="" pos_count="" pos_origin="" topic="" polarity="">with a new schedule for people to sign up.</turn>
<turn mode="chat" speaker="irene" end_time="21:20:09 PM" turn_no="451" dialog_act="" comm_act_type="" link_to="" pos="" pos_count="" pos_origin="" topic="" polarity="">ok</turn>
<turn mode="chat" speaker="cinthia" end_time="21:20:10 PM" turn_no="452" dialog_act="" comm_act_type="" link_to="" pos="" pos_count="" pos_origin="" topic="" polarity="">ok cool</turn>
<turn mode="chat" speaker="cinthia" end_time="21:20:13 PM" turn_no="453" dialog_act="" comm_act_type="" link_to="" pos="" pos_count="" pos_origin="" topic="" polarity="">thanks moderator</turn>
<turn mode="chat" speaker="lynn" end_time="21:20:15 PM" turn_no="454" dialog_act="" comm_act_type="" link_to="" pos="" pos_count="" pos_origin="" topic="" polarity="">thanks, moderator</turn>
<turn mode="chat" speaker="moderator" end_time="21:20:16 PM" turn_no="455" dialog_act="" comm_act_type="" link_to="" pos="" pos_count="" pos_origin="" topic="" polarity="">We need about 8 or 9 more of these sessions.</turn>
<turn mode="chat" speaker="lynn" end_time="21:20:27 PM" turn_no="456" dialog_act="" comm_act_type="" link_to="" pos="" pos_count="" pos_origin="" topic="" polarity="">bye, everyone</turn>
<turn mode="chat" speaker="cinthia" end_time="21:20:28 PM" turn_no="457" dialog_act="" comm_act_type="" link_to="" pos="" pos_count="" pos_origin="" topic="" polarity="">YAY!</turn>
<turn mode="chat" speaker="moderator" end_time="21:20:32 PM" turn_no="458" dialog_act="" comm_act_type="" link_to="" pos="" pos_count="" pos_origin="" topic="" polarity="">Great, thanks guys. Good night.</turn>
<turn mode="chat" speaker="josh" end_time="21:20:34 PM" turn_no="459" dialog_act="" comm_act_type="" link_to="" pos="" pos_count="" pos_origin="" topic="" polarity="">k thanks</turn>
<turn mode="chat" speaker="irene" end_time="21:20:38 PM" turn_no="460" dialog_act="" comm_act_type="" link_to="" pos="" pos_count="" pos_origin="" topic="" polarity="">if you could add tuesday/thursday dates that would be great because i work on monday and wednesday</turn>
<turn mode="chat" speaker="irene" end_time="21:20:43 PM" turn_no="461" dialog_act="" comm_act_type="" link_to="" pos="" pos_count="" pos_origin="" topic="" polarity="">have a good night everyone</turn>
<turn mode="chat" speaker="cinthia" end_time="21:20:44 PM" turn_no="462" dialog_act="" comm_act_type="" link_to="" pos="" pos_count="" pos_origin="" topic="" polarity="">goodbye everyone</turn>
<turn mode="chat" speaker="moderator" end_time="21:20:54 PM" turn_no="463" dialog_act="" comm_act_type="" link_to="" pos="" pos_count="" pos_origin="" topic="" polarity="">Just posting the link again. Yes, irene - noted about Tue/Thur</turn>
<turn mode="chat" speaker="moderator" end_time="21:20:57 PM" turn_no="464" dialog_act="" comm_act_type="" link_to="" pos="" pos_count="" pos_origin="" topic="" polarity="">link</turn>
<turn mode="chat" speaker="ted" end_time="21:21:09 PM" turn_no="465" dialog_act="" comm_act_type="" link_to="" pos="" pos_count="" pos_origin="" topic="" polarity="">was tonite the last one of the schedule ones?</turn>
<turn mode="chat" speaker="cinthia" end_time="21:21:33 PM" turn_no="466" dialog_act="" comm_act_type="" link_to="" pos="" pos_count="" pos_origin="" topic="" polarity="">yep think so</turn>
<turn mode="chat" speaker="moderator" end_time="21:22:27 PM" turn_no="467" dialog_act="" comm_act_type="" link_to="" pos="" pos_count="" pos_origin="" topic="" polarity="">Yes. Will schedule more.</turn>
</Dialogue>
