<?xml version="1.0" encoding="UTF-8" ?>
<Dialogue date="2010-03-07" >
<turn mode="chat" speaker="ariel" end_time="09:59:40 AM" turn_no="1" dialog_act="" comm_act_type="" link_to="" pos="" pos_count="" pos_origin="" topic="" polarity="">god its early</turn>
<turn mode="chat" speaker="moderator" end_time="10:01:55 AM" turn_no="2" dialog_act="" comm_act_type="" link_to="" pos="" pos_count="" pos_origin="" topic="" polarity="">Good morning!</turn>
<turn mode="chat" speaker="lynn" end_time="10:02:02 AM" turn_no="3" dialog_act="" comm_act_type="" link_to="" pos="" pos_count="" pos_origin="" topic="" polarity="">hi</turn>
<turn mode="chat" speaker="luke" end_time="10:02:04 AM" turn_no="4" dialog_act="" comm_act_type="" link_to="" pos="" pos_count="" pos_origin="" topic="" polarity="">hello</turn>
<turn mode="chat" speaker="melany" end_time="10:02:06 AM" turn_no="5" dialog_act="" comm_act_type="" link_to="" pos="" pos_count="" pos_origin="" topic="" polarity="">hi good morning</turn>
<turn mode="chat" speaker="ted" end_time="10:02:13 AM" turn_no="6" dialog_act="" comm_act_type="" link_to="" pos="" pos_count="" pos_origin="" topic="" polarity="">good morning</turn>
<turn mode="chat" speaker="moderator" end_time="10:02:23 AM" turn_no="7" dialog_act="" comm_act_type="" link_to="" pos="" pos_count="" pos_origin="" topic="" polarity="">We are ready to begin. melany, would you mind leading today? You have to ensure that the discussion stays on track and that a consensus is reached.</turn>
<turn mode="chat" speaker="moderator" end_time="10:02:30 AM" turn_no="8" dialog_act="" comm_act_type="" link_to="" pos="" pos_count="" pos_origin="" topic="" polarity="">link</turn>
<turn mode="chat" speaker="melany" end_time="10:02:39 AM" turn_no="9" dialog_act="" comm_act_type="" link_to="" pos="" pos_count="" pos_origin="" topic="" polarity="">Sure</turn>
<turn mode="chat" speaker="moderator" end_time="10:02:55 AM" turn_no="10" dialog_act="" comm_act_type="" link_to="" pos="" pos_count="" pos_origin="" topic="" polarity="">Great, thanks! You guys may begin whenever you're ready.</turn>
<turn mode="chat" speaker="melany" end_time="10:03:06 AM" turn_no="11" dialog_act="" comm_act_type="" link_to="" pos="" pos_count="" pos_origin="" topic="" polarity="">Ok so would everyone want to go through each candidate individually and see if they would be a good choice for the RA position?</turn>
<turn mode="chat" speaker="luke" end_time="10:03:13 AM" turn_no="12" dialog_act="" comm_act_type="" link_to="" pos="" pos_count="" pos_origin="" topic="" polarity="">suree</turn>
<turn mode="chat" speaker="melany" end_time="10:03:25 AM" turn_no="13" dialog_act="" comm_act_type="" link_to="" pos="" pos_count="" pos_origin="" topic="" polarity="">Ok, We'll start with Penny.</turn>
<turn mode="chat" speaker="melany" end_time="10:03:30 AM" turn_no="14" dialog_act="" comm_act_type="" link_to="" pos="" pos_count="" pos_origin="" topic="" polarity="">What did everyone think of her?</turn>
<turn mode="chat" speaker="lynn" end_time="10:04:31 AM" turn_no="15" dialog_act="" comm_act_type="" link_to="" pos="" pos_count="" pos_origin="" topic="" polarity="">she was alright. she is not a native new yorker, so she may not be as familiar with the area as some other native ny residents</turn>
<turn mode="chat" speaker="melany" end_time="10:04:41 AM" turn_no="16" dialog_act="" comm_act_type="" link_to="" pos="" pos_count="" pos_origin="" topic="" polarity="">that's a good point</turn>
<turn mode="chat" speaker="melany" end_time="10:05:03 AM" turn_no="17" dialog_act="" comm_act_type="" link_to="" pos="" pos_count="" pos_origin="" topic="" polarity="">she seems to be responsible with pet sitting and child care experience</turn>
<turn mode="chat" speaker="lynn" end_time="10:06:10 AM" turn_no="18" dialog_act="" comm_act_type="" link_to="" pos="" pos_count="" pos_origin="" topic="" polarity="">yes</turn>
<turn mode="chat" speaker="melany" end_time="10:07:08 AM" turn_no="19" dialog_act="" comm_act_type="" link_to="" pos="" pos_count="" pos_origin="" topic="" polarity="">also big brothers and big sisters shows she works well with others</turn>
<turn mode="chat" speaker="lynn" end_time="10:07:10 AM" turn_no="20" dialog_act="" comm_act_type="" link_to="" pos="" pos_count="" pos_origin="" topic="" polarity="">she did not put that she specifically wanted an ra position, not that that's a big deal, but the others did</turn>
<turn mode="chat" speaker="melany" end_time="10:07:21 AM" turn_no="21" dialog_act="" comm_act_type="" link_to="" pos="" pos_count="" pos_origin="" topic="" polarity="">oh i didnt notice that</turn>
<turn mode="chat" speaker="melany" end_time="10:07:25 AM" turn_no="22" dialog_act="" comm_act_type="" link_to="" pos="" pos_count="" pos_origin="" topic="" polarity="">thats very important</turn>
<turn mode="chat" speaker="melany" end_time="10:07:50 AM" turn_no="23" dialog_act="" comm_act_type="" link_to="" pos="" pos_count="" pos_origin="" topic="" polarity="">she seems like a so-so candidate</turn>
<turn mode="chat" speaker="luke" end_time="10:07:53 AM" turn_no="24" dialog_act="" comm_act_type="" link_to="" pos="" pos_count="" pos_origin="" topic="" polarity="">yeaa i suppose so</turn>
<turn mode="chat" speaker="melany" end_time="10:07:56 AM" turn_no="25" dialog_act="" comm_act_type="" link_to="" pos="" pos_count="" pos_origin="" topic="" polarity="">a smart responsible girl</turn>
<turn mode="chat" speaker="ariel" end_time="10:08:03 AM" turn_no="26" dialog_act="" comm_act_type="" link_to="" pos="" pos_count="" pos_origin="" topic="" polarity="">whats with this?:B.A in Psychology (3.7/4.0)- expected 2012</turn>
<turn mode="chat" speaker="melany" end_time="10:08:05 AM" turn_no="27" dialog_act="" comm_act_type="" link_to="" pos="" pos_count="" pos_origin="" topic="" polarity="">might not be that great at the job thoigh</turn>
<turn mode="chat" speaker="ariel" end_time="10:08:06 AM" turn_no="28" dialog_act="" comm_act_type="" link_to="" pos="" pos_count="" pos_origin="" topic="" polarity="">expected?</turn>
<turn mode="chat" speaker="melany" end_time="10:08:20 AM" turn_no="29" dialog_act="" comm_act_type="" link_to="" pos="" pos_count="" pos_origin="" topic="" polarity="">i guess she expects to graduate in 2010</turn>
<turn mode="chat" speaker="melany" end_time="10:08:23 AM" turn_no="30" dialog_act="" comm_act_type="" link_to="" pos="" pos_count="" pos_origin="" topic="" polarity="">2012**</turn>
<turn mode="chat" speaker="judith" end_time="10:08:25 AM" turn_no="31" dialog_act="" comm_act_type="" link_to="" pos="" pos_count="" pos_origin="" topic="" polarity="">sorry! my computer froze for like 10 minutes so im late</turn>
<turn mode="chat" speaker="ariel" end_time="10:08:26 AM" turn_no="32" dialog_act="" comm_act_type="" link_to="" pos="" pos_count="" pos_origin="" topic="" polarity="">no i mean</turn>
<turn mode="chat" speaker="melany" end_time="10:08:33 AM" turn_no="33" dialog_act="" comm_act_type="" link_to="" pos="" pos_count="" pos_origin="" topic="" polarity="">thats ok</turn>
<turn mode="chat" speaker="judith" end_time="10:08:35 AM" turn_no="34" dialog_act="" comm_act_type="" link_to="" pos="" pos_count="" pos_origin="" topic="" polarity="">im going to read what you guys have said so far lol</turn>
<turn mode="chat" speaker="ariel" end_time="10:08:39 AM" turn_no="35" dialog_act="" comm_act_type="" link_to="" pos="" pos_count="" pos_origin="" topic="" polarity="">kk</turn>
<turn mode="chat" speaker="luke" end_time="10:08:51 AM" turn_no="36" dialog_act="" comm_act_type="" link_to="" pos="" pos_count="" pos_origin="" topic="" polarity="">well they always say expected when putting it down</turn>
<turn mode="chat" speaker="ariel" end_time="10:09:03 AM" turn_no="37" dialog_act="" comm_act_type="" link_to="" pos="" pos_count="" pos_origin="" topic="" polarity="">ok</turn>
<turn mode="chat" speaker="ariel" end_time="10:09:08 AM" turn_no="38" dialog_act="" comm_act_type="" link_to="" pos="" pos_count="" pos_origin="" topic="" polarity="">i dun know ive never done that</turn>
<turn mode="chat" speaker="melany" end_time="10:09:10 AM" turn_no="39" dialog_act="" comm_act_type="" link_to="" pos="" pos_count="" pos_origin="" topic="" polarity="">yeah cuz they may graduate early</turn>
<turn mode="chat" speaker="melany" end_time="10:09:15 AM" turn_no="40" dialog_act="" comm_act_type="" link_to="" pos="" pos_count="" pos_origin="" topic="" polarity="">i dont have that on mine</turn>
<turn mode="chat" speaker="ariel" end_time="10:09:22 AM" turn_no="41" dialog_act="" comm_act_type="" link_to="" pos="" pos_count="" pos_origin="" topic="" polarity="">neither do i</turn>
<turn mode="chat" speaker="melany" end_time="10:09:23 AM" turn_no="42" dialog_act="" comm_act_type="" link_to="" pos="" pos_count="" pos_origin="" topic="" polarity="">but some people structure their's that way</turn>
<turn mode="chat" speaker="ariel" end_time="10:09:36 AM" turn_no="43" dialog_act="" comm_act_type="" link_to="" pos="" pos_count="" pos_origin="" topic="" polarity="">well she does have a good gpa at least</turn>
<turn mode="chat" speaker="lynn" end_time="10:09:51 AM" turn_no="44" dialog_act="" comm_act_type="" link_to="" pos="" pos_count="" pos_origin="" topic="" polarity="">what about jade?</turn>
<turn mode="chat" speaker="melany" end_time="10:09:56 AM" turn_no="45" dialog_act="" comm_act_type="" link_to="" pos="" pos_count="" pos_origin="" topic="" polarity="">yeah lets talk about jade</turn>
<turn mode="chat" speaker="melany" end_time="10:10:19 AM" turn_no="46" dialog_act="" comm_act_type="" link_to="" pos="" pos_count="" pos_origin="" topic="" polarity="">she's a native new yorker and stated her objective</turn>
<turn mode="chat" speaker="melany" end_time="10:10:22 AM" turn_no="47" dialog_act="" comm_act_type="" link_to="" pos="" pos_count="" pos_origin="" topic="" polarity="">both positives</turn>
<turn mode="chat" speaker="judith" end_time="10:10:34 AM" turn_no="48" dialog_act="" comm_act_type="" link_to="" pos="" pos_count="" pos_origin="" topic="" polarity="">i like that she has leadership teamwork abilities</turn>
<turn mode="chat" speaker="ariel" end_time="10:10:38 AM" turn_no="49" dialog_act="" comm_act_type="" link_to="" pos="" pos_count="" pos_origin="" topic="" polarity="">she has some interesting skills lol</turn>
<turn mode="chat" speaker="lynn" end_time="10:10:50 AM" turn_no="50" dialog_act="" comm_act_type="" link_to="" pos="" pos_count="" pos_origin="" topic="" polarity="">she doesn't have a lot of job experience</turn>
<turn mode="chat" speaker="judith" end_time="10:10:54 AM" turn_no="51" dialog_act="" comm_act_type="" link_to="" pos="" pos_count="" pos_origin="" topic="" polarity="">i feel that that is a big part of being an RA is getting people to cooperate and coopating with others</turn>
<turn mode="chat" speaker="judith" end_time="10:11:00 AM" turn_no="52" dialog_act="" comm_act_type="" link_to="" pos="" pos_count="" pos_origin="" topic="" polarity="">yea, her soldering experience is interesting lol</turn>
<turn mode="chat" speaker="melany" end_time="10:11:07 AM" turn_no="53" dialog_act="" comm_act_type="" link_to="" pos="" pos_count="" pos_origin="" topic="" polarity="">yeah i wonder why she didnt state specific experiences related to those abilities though</turn>
<turn mode="chat" speaker="luke" end_time="10:11:34 AM" turn_no="54" dialog_act="" comm_act_type="" link_to="" pos="" pos_count="" pos_origin="" topic="" polarity="">She seems like an alright candidate but nothing sticks out really</turn>
<turn mode="chat" speaker="ted" end_time="10:11:54 AM" turn_no="55" dialog_act="" comm_act_type="" link_to="" pos="" pos_count="" pos_origin="" topic="" polarity="">she seems a hard worker</turn>
<turn mode="chat" speaker="melany" end_time="10:11:56 AM" turn_no="56" dialog_act="" comm_act_type="" link_to="" pos="" pos_count="" pos_origin="" topic="" polarity="">i mean she can obviously handle alot being the owner of a lawn care service</turn>
<turn mode="chat" speaker="melany" end_time="10:11:59 AM" turn_no="57" dialog_act="" comm_act_type="" link_to="" pos="" pos_count="" pos_origin="" topic="" polarity="">thats interesting</turn>
<turn mode="chat" speaker="melany" end_time="10:12:03 AM" turn_no="58" dialog_act="" comm_act_type="" link_to="" pos="" pos_count="" pos_origin="" topic="" polarity="">she seems better than Penny</turn>
<turn mode="chat" speaker="ted" end_time="10:12:09 AM" turn_no="59" dialog_act="" comm_act_type="" link_to="" pos="" pos_count="" pos_origin="" topic="" polarity="">i agree</turn>
<turn mode="chat" speaker="ariel" end_time="10:12:09 AM" turn_no="60" dialog_act="" comm_act_type="" link_to="" pos="" pos_count="" pos_origin="" topic="" polarity="">being good door to door means being good wit ppl</turn>
<turn mode="chat" speaker="luke" end_time="10:12:40 AM" turn_no="61" dialog_act="" comm_act_type="" link_to="" pos="" pos_count="" pos_origin="" topic="" polarity="">true</turn>
<turn mode="chat" speaker="judith" end_time="10:12:44 AM" turn_no="62" dialog_act="" comm_act_type="" link_to="" pos="" pos_count="" pos_origin="" topic="" polarity="">and shes obvioulsy worked in a lot of group situations such as volleyball team and dram aclub</turn>
<turn mode="chat" speaker="melany" end_time="10:12:44 AM" turn_no="63" dialog_act="" comm_act_type="" link_to="" pos="" pos_count="" pos_origin="" topic="" polarity="">she's fluent in german</turn>
<turn mode="chat" speaker="melany" end_time="10:12:52 AM" turn_no="64" dialog_act="" comm_act_type="" link_to="" pos="" pos_count="" pos_origin="" topic="" polarity="">that could come in handy with international students haha</turn>
<turn mode="chat" speaker="ariel" end_time="10:13:05 AM" turn_no="65" dialog_act="" comm_act_type="" link_to="" pos="" pos_count="" pos_origin="" topic="" polarity="">she said 100% customer return for the next year</turn>
<turn mode="chat" speaker="ariel" end_time="10:13:13 AM" turn_no="66" dialog_act="" comm_act_type="" link_to="" pos="" pos_count="" pos_origin="" topic="" polarity="">i dont know i find that a bit hard to believe</turn>
<turn mode="chat" speaker="lynn" end_time="10:13:35 AM" turn_no="67" dialog_act="" comm_act_type="" link_to="" pos="" pos_count="" pos_origin="" topic="" polarity="">she seems more like a business person than an ra to me</turn>
<turn mode="chat" speaker="melany" end_time="10:13:40 AM" turn_no="68" dialog_act="" comm_act_type="" link_to="" pos="" pos_count="" pos_origin="" topic="" polarity="">yeah maybe she only has a few customers</turn>
<turn mode="chat" speaker="melany" end_time="10:13:41 AM" turn_no="69" dialog_act="" comm_act_type="" link_to="" pos="" pos_count="" pos_origin="" topic="" polarity="">ahaha</turn>
<turn mode="chat" speaker="melany" end_time="10:13:43 AM" turn_no="70" dialog_act="" comm_act_type="" link_to="" pos="" pos_count="" pos_origin="" topic="" polarity="">yeah</turn>
<turn mode="chat" speaker="luke" end_time="10:13:48 AM" turn_no="71" dialog_act="" comm_act_type="" link_to="" pos="" pos_count="" pos_origin="" topic="" polarity="">lol that could be true as well</turn>
<turn mode="chat" speaker="melany" end_time="10:14:23 AM" turn_no="72" dialog_act="" comm_act_type="" link_to="" pos="" pos_count="" pos_origin="" topic="" polarity="">she seems business-esque</turn>
<turn mode="chat" speaker="ted" end_time="10:14:28 AM" turn_no="73" dialog_act="" comm_act_type="" link_to="" pos="" pos_count="" pos_origin="" topic="" polarity="">but that is why she wants to be an RA</turn>
<turn mode="chat" speaker="ted" end_time="10:14:45 AM" turn_no="74" dialog_act="" comm_act_type="" link_to="" pos="" pos_count="" pos_origin="" topic="" polarity="">it pays for her room and board</turn>
<turn mode="chat" speaker="lynn" end_time="10:14:47 AM" turn_no="75" dialog_act="" comm_act_type="" link_to="" pos="" pos_count="" pos_origin="" topic="" polarity="">yes, but she seems more self-interestesd than in helping others</turn>
<turn mode="chat" speaker="judith" end_time="10:14:49 AM" turn_no="76" dialog_act="" comm_act_type="" link_to="" pos="" pos_count="" pos_origin="" topic="" polarity="">thats true</turn>
<turn mode="chat" speaker="melany" end_time="10:14:51 AM" turn_no="77" dialog_act="" comm_act_type="" link_to="" pos="" pos_count="" pos_origin="" topic="" polarity="">yeah she seems very interested in artistic stuff</turn>
<turn mode="chat" speaker="ariel" end_time="10:14:56 AM" turn_no="78" dialog_act="" comm_act_type="" link_to="" pos="" pos_count="" pos_origin="" topic="" polarity="">business-esque is horrible its like pick a side and stick to it</turn>
<turn mode="chat" speaker="judith" end_time="10:15:25 AM" turn_no="79" dialog_act="" comm_act_type="" link_to="" pos="" pos_count="" pos_origin="" topic="" polarity="">yea but being creative could be a good thing</turn>
<turn mode="chat" speaker="melany" end_time="10:15:53 AM" turn_no="80" dialog_act="" comm_act_type="" link_to="" pos="" pos_count="" pos_origin="" topic="" polarity="">oh yeah definetly</turn>
<turn mode="chat" speaker="lynn" end_time="10:16:01 AM" turn_no="81" dialog_act="" comm_act_type="" link_to="" pos="" pos_count="" pos_origin="" topic="" polarity="">are we talking about jade?</turn>
<turn mode="chat" speaker="melany" end_time="10:16:02 AM" turn_no="82" dialog_act="" comm_act_type="" link_to="" pos="" pos_count="" pos_origin="" topic="" polarity="">i just dont see much interest in human services</turn>
<turn mode="chat" speaker="melany" end_time="10:16:04 AM" turn_no="83" dialog_act="" comm_act_type="" link_to="" pos="" pos_count="" pos_origin="" topic="" polarity="">yeah</turn>
<turn mode="chat" speaker="melany" end_time="10:16:12 AM" turn_no="84" dialog_act="" comm_act_type="" link_to="" pos="" pos_count="" pos_origin="" topic="" polarity="">or whatever being an RA is related too</turn>
<turn mode="chat" speaker="ariel" end_time="10:16:14 AM" turn_no="85" dialog_act="" comm_act_type="" link_to="" pos="" pos_count="" pos_origin="" topic="" polarity="">i feel like if she is too wishy washy then thats a bad thing she is also going to have to stand her ground as an ra</turn>
<turn mode="chat" speaker="melany" end_time="10:16:15 AM" turn_no="86" dialog_act="" comm_act_type="" link_to="" pos="" pos_count="" pos_origin="" topic="" polarity="">to(</turn>
<turn mode="chat" speaker="judith" end_time="10:17:15 AM" turn_no="87" dialog_act="" comm_act_type="" link_to="" pos="" pos_count="" pos_origin="" topic="" polarity="">i dunno, i like her leadershership and teamwork</turn>
<turn mode="chat" speaker="judith" end_time="10:17:28 AM" turn_no="88" dialog_act="" comm_act_type="" link_to="" pos="" pos_count="" pos_origin="" topic="" polarity="">she attended a youth leadership confered</turn>
<turn mode="chat" speaker="melany" end_time="10:17:43 AM" turn_no="89" dialog_act="" comm_act_type="" link_to="" pos="" pos_count="" pos_origin="" topic="" polarity="">thats good</turn>
<turn mode="chat" speaker="melany" end_time="10:17:51 AM" turn_no="90" dialog_act="" comm_act_type="" link_to="" pos="" pos_count="" pos_origin="" topic="" polarity="">leadership is the most important quality in an RA</turn>
<turn mode="chat" speaker="melany" end_time="10:17:52 AM" turn_no="91" dialog_act="" comm_act_type="" link_to="" pos="" pos_count="" pos_origin="" topic="" polarity="">i think</turn>
<turn mode="chat" speaker="luke" end_time="10:18:09 AM" turn_no="92" dialog_act="" comm_act_type="" link_to="" pos="" pos_count="" pos_origin="" topic="" polarity="">yeaaa it has a lot to do with it</turn>
<turn mode="chat" speaker="ariel" end_time="10:18:14 AM" turn_no="93" dialog_act="" comm_act_type="" link_to="" pos="" pos_count="" pos_origin="" topic="" polarity="">yeah but i dislike the fact that she tries to present herself as business like but really doesnt pull through</turn>
<turn mode="chat" speaker="lynn" end_time="10:18:18 AM" turn_no="94" dialog_act="" comm_act_type="" link_to="" pos="" pos_count="" pos_origin="" topic="" polarity="">leadership is good, but only if you are a good communicator</turn>
<turn mode="chat" speaker="judith" end_time="10:18:33 AM" turn_no="95" dialog_act="" comm_act_type="" link_to="" pos="" pos_count="" pos_origin="" topic="" polarity="">thats true</turn>
<turn mode="chat" speaker="ariel" end_time="10:18:38 AM" turn_no="96" dialog_act="" comm_act_type="" link_to="" pos="" pos_count="" pos_origin="" topic="" polarity="">i get a bad feeling about stuff like that</turn>
<turn mode="chat" speaker="lynn" end_time="10:18:50 AM" turn_no="97" dialog_act="" comm_act_type="" link_to="" pos="" pos_count="" pos_origin="" topic="" polarity="">she is very scientific in her academic background, and she is a good business leader, but she doesn't seem to be interested in helping others</turn>
<turn mode="chat" speaker="ariel" end_time="10:18:53 AM" turn_no="98" dialog_act="" comm_act_type="" link_to="" pos="" pos_count="" pos_origin="" topic="" polarity="">like the person could be two faced, or doesnt really have their heart in the matter</turn>
<turn mode="chat" speaker="lynn" end_time="10:18:54 AM" turn_no="99" dialog_act="" comm_act_type="" link_to="" pos="" pos_count="" pos_origin="" topic="" polarity="">as much as the others</turn>
<turn mode="chat" speaker="lynn" end_time="10:20:09 AM" turn_no="100" dialog_act="" comm_act_type="" link_to="" pos="" pos_count="" pos_origin="" topic="" polarity="">what about the next one?</turn>
<turn mode="chat" speaker="melany" end_time="10:20:41 AM" turn_no="101" dialog_act="" comm_act_type="" link_to="" pos="" pos_count="" pos_origin="" topic="" polarity="">yes let's move on to ryan</turn>
<turn mode="chat" speaker="melany" end_time="10:21:02 AM" turn_no="102" dialog_act="" comm_act_type="" link_to="" pos="" pos_count="" pos_origin="" topic="" polarity="">he only wants to be an RA at empire</turn>
<turn mode="chat" speaker="luke" end_time="10:21:31 AM" turn_no="103" dialog_act="" comm_act_type="" link_to="" pos="" pos_count="" pos_origin="" topic="" polarity="">the only thing i see for him is the scholarship that looks pretty good</turn>
<turn mode="chat" speaker="ariel" end_time="10:21:40 AM" turn_no="104" dialog_act="" comm_act_type="" link_to="" pos="" pos_count="" pos_origin="" topic="" polarity="">i like him</turn>
<turn mode="chat" speaker="melany" end_time="10:21:57 AM" turn_no="105" dialog_act="" comm_act_type="" link_to="" pos="" pos_count="" pos_origin="" topic="" polarity="">what do you like about him ariel?</turn>
<turn mode="chat" speaker="ted" end_time="10:22:08 AM" turn_no="106" dialog_act="" comm_act_type="" link_to="" pos="" pos_count="" pos_origin="" topic="" polarity="">being a life guard brings good experience in case of emergency</turn>
<turn mode="chat" speaker="ariel" end_time="10:22:13 AM" turn_no="107" dialog_act="" comm_act_type="" link_to="" pos="" pos_count="" pos_origin="" topic="" polarity="">he seems well rounded</turn>
<turn mode="chat" speaker="lynn" end_time="10:22:21 AM" turn_no="108" dialog_act="" comm_act_type="" link_to="" pos="" pos_count="" pos_origin="" topic="" polarity="">more so than jade, in my opinion</turn>
<turn mode="chat" speaker="ariel" end_time="10:22:34 AM" turn_no="109" dialog_act="" comm_act_type="" link_to="" pos="" pos_count="" pos_origin="" topic="" polarity="">and you have to be good with people if your into newspapers and stuff</turn>
<turn mode="chat" speaker="melany" end_time="10:22:45 AM" turn_no="110" dialog_act="" comm_act_type="" link_to="" pos="" pos_count="" pos_origin="" topic="" polarity="">yeah he seems more socially oriented than Jade</turn>
<turn mode="chat" speaker="judith" end_time="10:22:48 AM" turn_no="111" dialog_act="" comm_act_type="" link_to="" pos="" pos_count="" pos_origin="" topic="" polarity="">its good hes a comm major too</turn>
<turn mode="chat" speaker="ariel" end_time="10:22:51 AM" turn_no="112" dialog_act="" comm_act_type="" link_to="" pos="" pos_count="" pos_origin="" topic="" polarity="">and to teach them how to swim</turn>
<turn mode="chat" speaker="melany" end_time="10:22:54 AM" turn_no="113" dialog_act="" comm_act_type="" link_to="" pos="" pos_count="" pos_origin="" topic="" polarity="">lifegaurding is clearly about helping people</turn>
<turn mode="chat" speaker="judith" end_time="10:22:55 AM" turn_no="114" dialog_act="" comm_act_type="" link_to="" pos="" pos_count="" pos_origin="" topic="" polarity="">and marketing is a pretty creative field as well</turn>
<turn mode="chat" speaker="ariel" end_time="10:22:58 AM" turn_no="115" dialog_act="" comm_act_type="" link_to="" pos="" pos_count="" pos_origin="" topic="" polarity="">yeah i agree</turn>
<turn mode="chat" speaker="luke" end_time="10:23:16 AM" turn_no="116" dialog_act="" comm_act_type="" link_to="" pos="" pos_count="" pos_origin="" topic="" polarity="">shee i guess he does seem well rounded</turn>
<turn mode="chat" speaker="ted" end_time="10:23:18 AM" turn_no="117" dialog_act="" comm_act_type="" link_to="" pos="" pos_count="" pos_origin="" topic="" polarity="">he might handle better cases when students get intoxicated</turn>
<turn mode="chat" speaker="melany" end_time="10:23:36 AM" turn_no="118" dialog_act="" comm_act_type="" link_to="" pos="" pos_count="" pos_origin="" topic="" polarity="">i feel like he would be easily accessible, easy to talk to</turn>
<turn mode="chat" speaker="ariel" end_time="10:23:39 AM" turn_no="119" dialog_act="" comm_act_type="" link_to="" pos="" pos_count="" pos_origin="" topic="" polarity="">yeah which we know happends alot freshmen year</turn>
<turn mode="chat" speaker="ted" end_time="10:23:58 AM" turn_no="120" dialog_act="" comm_act_type="" link_to="" pos="" pos_count="" pos_origin="" topic="" polarity="">i like this guy</turn>
<turn mode="chat" speaker="luke" end_time="10:24:19 AM" turn_no="121" dialog_act="" comm_act_type="" link_to="" pos="" pos_count="" pos_origin="" topic="" polarity="">do u guys think hes better than the first 2 we went over?</turn>
<turn mode="chat" speaker="lynn" end_time="10:24:19 AM" turn_no="122" dialog_act="" comm_act_type="" link_to="" pos="" pos_count="" pos_origin="" topic="" polarity="">is this ra position specifically for this dorm, though/</turn>
<turn mode="chat" speaker="ted" end_time="10:24:22 AM" turn_no="123" dialog_act="" comm_act_type="" link_to="" pos="" pos_count="" pos_origin="" topic="" polarity="">but the fact that he wants to work on empire</turn>
<turn mode="chat" speaker="melany" end_time="10:24:40 AM" turn_no="124" dialog_act="" comm_act_type="" link_to="" pos="" pos_count="" pos_origin="" topic="" polarity="">thats weird</turn>
<turn mode="chat" speaker="lynn" end_time="10:24:40 AM" turn_no="125" dialog_act="" comm_act_type="" link_to="" pos="" pos_count="" pos_origin="" topic="" polarity="">he seems better to me than jade</turn>
<turn mode="chat" speaker="lynn" end_time="10:24:51 AM" turn_no="126" dialog_act="" comm_act_type="" link_to="" pos="" pos_count="" pos_origin="" topic="" polarity="">for an ra position</turn>
<turn mode="chat" speaker="ted" end_time="10:25:21 AM" turn_no="127" dialog_act="" comm_act_type="" link_to="" pos="" pos_count="" pos_origin="" topic="" polarity="">he knows he is qualified that is why he wnats to be an ra in empire</turn>
<turn mode="chat" speaker="ted" end_time="10:25:39 AM" turn_no="128" dialog_act="" comm_act_type="" link_to="" pos="" pos_count="" pos_origin="" topic="" polarity="">but that shows that he is not into helping but just into himself</turn>
<turn mode="chat" speaker="judith" end_time="10:25:41 AM" turn_no="129" dialog_act="" comm_act_type="" link_to="" pos="" pos_count="" pos_origin="" topic="" polarity="">maybe he wants to live on empire</turn>
<turn mode="chat" speaker="judith" end_time="10:25:48 AM" turn_no="130" dialog_act="" comm_act_type="" link_to="" pos="" pos_count="" pos_origin="" topic="" polarity="">so thats why is being specific</turn>
<turn mode="chat" speaker="judith" end_time="10:26:00 AM" turn_no="131" dialog_act="" comm_act_type="" link_to="" pos="" pos_count="" pos_origin="" topic="" polarity="">he probably doesnt think living in one of the quads is worth the positiion</turn>
<turn mode="chat" speaker="melany" end_time="10:26:07 AM" turn_no="132" dialog_act="" comm_act_type="" link_to="" pos="" pos_count="" pos_origin="" topic="" polarity="">i guess, i bet thats a high demand job</turn>
<turn mode="chat" speaker="judith" end_time="10:26:09 AM" turn_no="133" dialog_act="" comm_act_type="" link_to="" pos="" pos_count="" pos_origin="" topic="" polarity="">or maybe he is confident in his abiltiies</turn>
<turn mode="chat" speaker="luke" end_time="10:26:11 AM" turn_no="134" dialog_act="" comm_act_type="" link_to="" pos="" pos_count="" pos_origin="" topic="" polarity="">yeaa or he doesnt want to be bothered with freshman and sophmores lol</turn>
<turn mode="chat" speaker="ted" end_time="10:26:26 AM" turn_no="135" dialog_act="" comm_act_type="" link_to="" pos="" pos_count="" pos_origin="" topic="" polarity="">there are not freshman in empire</turn>
<turn mode="chat" speaker="ted" end_time="10:26:36 AM" turn_no="136" dialog_act="" comm_act_type="" link_to="" pos="" pos_count="" pos_origin="" topic="" polarity="">he is needed more in another dorms</turn>
<turn mode="chat" speaker="melany" end_time="10:26:38 AM" turn_no="137" dialog_act="" comm_act_type="" link_to="" pos="" pos_count="" pos_origin="" topic="" polarity="">yeah</turn>
<turn mode="chat" speaker="luke" end_time="10:26:57 AM" turn_no="138" dialog_act="" comm_act_type="" link_to="" pos="" pos_count="" pos_origin="" topic="" polarity="">yeaa thats why i said maybe thats why he wanted to do empire</turn>
<turn mode="chat" speaker="ted" end_time="10:27:03 AM" turn_no="139" dialog_act="" comm_act_type="" link_to="" pos="" pos_count="" pos_origin="" topic="" polarity="">i will hire him and assign him to indian</turn>
<turn mode="chat" speaker="lynn" end_time="10:27:34 AM" turn_no="140" dialog_act="" comm_act_type="" link_to="" pos="" pos_count="" pos_origin="" topic="" polarity="">that's just mean</turn>
<turn mode="chat" speaker="ariel" end_time="10:27:36 AM" turn_no="141" dialog_act="" comm_act_type="" link_to="" pos="" pos_count="" pos_origin="" topic="" polarity="">it could be as simple as he likes empire better</turn>
<turn mode="chat" speaker="melany" end_time="10:27:36 AM" turn_no="142" dialog_act="" comm_act_type="" link_to="" pos="" pos_count="" pos_origin="" topic="" polarity="">haha he would be mad</turn>
<turn mode="chat" speaker="melany" end_time="10:27:41 AM" turn_no="143" dialog_act="" comm_act_type="" link_to="" pos="" pos_count="" pos_origin="" topic="" polarity="">he may not accept it</turn>
<turn mode="chat" speaker="ariel" end_time="10:27:48 AM" turn_no="144" dialog_act="" comm_act_type="" link_to="" pos="" pos_count="" pos_origin="" topic="" polarity="">and the atmosphere suits him better</turn>
<turn mode="chat" speaker="ariel" end_time="10:27:57 AM" turn_no="145" dialog_act="" comm_act_type="" link_to="" pos="" pos_count="" pos_origin="" topic="" polarity="">like for studying, or the freedom</turn>
<turn mode="chat" speaker="ariel" end_time="10:27:59 AM" turn_no="146" dialog_act="" comm_act_type="" link_to="" pos="" pos_count="" pos_origin="" topic="" polarity="">who knows</turn>
<turn mode="chat" speaker="luke" end_time="10:28:12 AM" turn_no="147" dialog_act="" comm_act_type="" link_to="" pos="" pos_count="" pos_origin="" topic="" polarity="">maybe</turn>
<turn mode="chat" speaker="lynn" end_time="10:28:29 AM" turn_no="148" dialog_act="" comm_act_type="" link_to="" pos="" pos_count="" pos_origin="" topic="" polarity="">sorry....</turn>
<turn mode="chat" speaker="lynn" end_time="10:28:47 AM" turn_no="149" dialog_act="" comm_act_type="" link_to="" pos="" pos_count="" pos_origin="" topic="" polarity="">i meant to say, i think i liked evan better</turn>
<turn mode="chat" speaker="judith" end_time="10:29:40 AM" turn_no="150" dialog_act="" comm_act_type="" link_to="" pos="" pos_count="" pos_origin="" topic="" polarity="">yea, honestly as someone older i wouldnt want to be an RA on one of the quads</turn>
<turn mode="chat" speaker="judith" end_time="10:29:45 AM" turn_no="151" dialog_act="" comm_act_type="" link_to="" pos="" pos_count="" pos_origin="" topic="" polarity="">but empire could be cool</turn>
<turn mode="chat" speaker="ariel" end_time="10:30:42 AM" turn_no="152" dialog_act="" comm_act_type="" link_to="" pos="" pos_count="" pos_origin="" topic="" polarity="">eh... he is ok... spanish, cpr and first aid give him some props in my book but he doesnt seem as well rounded</turn>
<turn mode="chat" speaker="melany" end_time="10:31:07 AM" turn_no="153" dialog_act="" comm_act_type="" link_to="" pos="" pos_count="" pos_origin="" topic="" polarity="">what do we think of evan?</turn>
<turn mode="chat" speaker="lynn" end_time="10:31:15 AM" turn_no="154" dialog_act="" comm_act_type="" link_to="" pos="" pos_count="" pos_origin="" topic="" polarity="">he doesn't seem as narrow as far as ryan did in choice of where he ra's</turn>
<turn mode="chat" speaker="melany" end_time="10:31:23 AM" turn_no="155" dialog_act="" comm_act_type="" link_to="" pos="" pos_count="" pos_origin="" topic="" polarity="">he took a public speaking course which is good</turn>
<turn mode="chat" speaker="ted" end_time="10:31:24 AM" turn_no="156" dialog_act="" comm_act_type="" link_to="" pos="" pos_count="" pos_origin="" topic="" polarity="">i like his objective</turn>
<turn mode="chat" speaker="lynn" end_time="10:31:52 AM" turn_no="157" dialog_act="" comm_act_type="" link_to="" pos="" pos_count="" pos_origin="" topic="" polarity="">i also liked that he worked at the bookstore, so he knows the campus pretty well and textbooks, etc.</turn>
<turn mode="chat" speaker="lynn" end_time="10:31:57 AM" turn_no="158" dialog_act="" comm_act_type="" link_to="" pos="" pos_count="" pos_origin="" topic="" polarity="">that could be good for new students in the dorm</turn>
<turn mode="chat" speaker="luke" end_time="10:31:58 AM" turn_no="159" dialog_act="" comm_act_type="" link_to="" pos="" pos_count="" pos_origin="" topic="" polarity="">yeaa hes more flexible hed work any of the sports they put him</turn>
<turn mode="chat" speaker="ariel" end_time="10:32:01 AM" turn_no="160" dialog_act="" comm_act_type="" link_to="" pos="" pos_count="" pos_origin="" topic="" polarity="">i dont like him as much as Ryan</turn>
<turn mode="chat" speaker="ted" end_time="10:32:07 AM" turn_no="161" dialog_act="" comm_act_type="" link_to="" pos="" pos_count="" pos_origin="" topic="" polarity="">that statement tells me that he wants to do some work and also get experience while doing it</turn>
<turn mode="chat" speaker="judith" end_time="10:32:08 AM" turn_no="162" dialog_act="" comm_act_type="" link_to="" pos="" pos_count="" pos_origin="" topic="" polarity="">i dunno, im not that impressed</turn>
<turn mode="chat" speaker="judith" end_time="10:32:14 AM" turn_no="163" dialog_act="" comm_act_type="" link_to="" pos="" pos_count="" pos_origin="" topic="" polarity="">nothing is sticking out very much to me</turn>
<turn mode="chat" speaker="melany" end_time="10:32:16 AM" turn_no="164" dialog_act="" comm_act_type="" link_to="" pos="" pos_count="" pos_origin="" topic="" polarity="">thats a really strong objective</turn>
<turn mode="chat" speaker="ted" end_time="10:32:17 AM" turn_no="165" dialog_act="" comm_act_type="" link_to="" pos="" pos_count="" pos_origin="" topic="" polarity="">very down to earth statement</turn>
<turn mode="chat" speaker="luke" end_time="10:32:20 AM" turn_no="166" dialog_act="" comm_act_type="" link_to="" pos="" pos_count="" pos_origin="" topic="" polarity="">yea me neither</turn>
<turn mode="chat" speaker="lynn" end_time="10:32:43 AM" turn_no="167" dialog_act="" comm_act_type="" link_to="" pos="" pos_count="" pos_origin="" topic="" polarity="">why?</turn>
<turn mode="chat" speaker="ariel" end_time="10:32:53 AM" turn_no="168" dialog_act="" comm_act_type="" link_to="" pos="" pos_count="" pos_origin="" topic="" polarity="">the objective just sounds to me like a token look good statement</turn>
<turn mode="chat" speaker="lynn" end_time="10:33:08 AM" turn_no="169" dialog_act="" comm_act_type="" link_to="" pos="" pos_count="" pos_origin="" topic="" polarity="">but he understands that those skills are important for an ra, which they are</turn>
<turn mode="chat" speaker="lynn" end_time="10:33:16 AM" turn_no="170" dialog_act="" comm_act_type="" link_to="" pos="" pos_count="" pos_origin="" topic="" polarity="">better than just being in empire</turn>
<turn mode="chat" speaker="ariel" end_time="10:33:18 AM" turn_no="171" dialog_act="" comm_act_type="" link_to="" pos="" pos_count="" pos_origin="" topic="" polarity="">yeah.. i guess</turn>
<turn mode="chat" speaker="ted" end_time="10:33:33 AM" turn_no="172" dialog_act="" comm_act_type="" link_to="" pos="" pos_count="" pos_origin="" topic="" polarity="">exactly good point lynn</turn>
<turn mode="chat" speaker="judith" end_time="10:33:43 AM" turn_no="173" dialog_act="" comm_act_type="" link_to="" pos="" pos_count="" pos_origin="" topic="" polarity="">i mean, i guess its good he did debate because there is logic and reasoning involved and his objective is good</turn>
<turn mode="chat" speaker="melany" end_time="10:33:51 AM" turn_no="174" dialog_act="" comm_act_type="" link_to="" pos="" pos_count="" pos_origin="" topic="" polarity="">thats a good point lynn</turn>
<turn mode="chat" speaker="lynn" end_time="10:33:55 AM" turn_no="175" dialog_act="" comm_act_type="" link_to="" pos="" pos_count="" pos_origin="" topic="" polarity="">he's going to ahve to settle disputes as an ra, too</turn>
<turn mode="chat" speaker="lynn" end_time="10:34:09 AM" turn_no="176" dialog_act="" comm_act_type="" link_to="" pos="" pos_count="" pos_origin="" topic="" polarity="">possibly</turn>
<turn mode="chat" speaker="ariel" end_time="10:34:24 AM" turn_no="177" dialog_act="" comm_act_type="" link_to="" pos="" pos_count="" pos_origin="" topic="" polarity="">can someone explain his address a bit</turn>
<turn mode="chat" speaker="melany" end_time="10:34:26 AM" turn_no="178" dialog_act="" comm_act_type="" link_to="" pos="" pos_count="" pos_origin="" topic="" polarity="">hes a member of a business professional of america</turn>
<turn mode="chat" speaker="ariel" end_time="10:34:26 AM" turn_no="179" dialog_act="" comm_act_type="" link_to="" pos="" pos_count="" pos_origin="" topic="" polarity="">im confused</turn>
<turn mode="chat" speaker="melany" end_time="10:34:38 AM" turn_no="180" dialog_act="" comm_act_type="" link_to="" pos="" pos_count="" pos_origin="" topic="" polarity="">its good to be professional</turn>
<turn mode="chat" speaker="lynn" end_time="10:34:43 AM" turn_no="181" dialog_act="" comm_act_type="" link_to="" pos="" pos_count="" pos_origin="" topic="" polarity="">she's from idaho</turn>
<turn mode="chat" speaker="ariel" end_time="10:34:43 AM" turn_no="182" dialog_act="" comm_act_type="" link_to="" pos="" pos_count="" pos_origin="" topic="" polarity="">so? im a memeber of the price chopper saving club</turn>
<turn mode="chat" speaker="judith" end_time="10:34:48 AM" turn_no="183" dialog_act="" comm_act_type="" link_to="" pos="" pos_count="" pos_origin="" topic="" polarity="">lol ditto</turn>
<turn mode="chat" speaker="ariel" end_time="10:34:50 AM" turn_no="184" dialog_act="" comm_act_type="" link_to="" pos="" pos_count="" pos_origin="" topic="" polarity="">i dont think that makes a difference</turn>
<turn mode="chat" speaker="luke" end_time="10:35:00 AM" turn_no="185" dialog_act="" comm_act_type="" link_to="" pos="" pos_count="" pos_origin="" topic="" polarity="">i guess he out his home address wheres hes originally from and not the one on campus</turn>
<turn mode="chat" speaker="ariel" end_time="10:35:26 AM" turn_no="186" dialog_act="" comm_act_type="" link_to="" pos="" pos_count="" pos_origin="" topic="" polarity="">i dun know the Moscow is confusing</turn>
<turn mode="chat" speaker="lynn" end_time="10:35:29 AM" turn_no="187" dialog_act="" comm_act_type="" link_to="" pos="" pos_count="" pos_origin="" topic="" polarity="">sorry, i meant *he's* from idaho</turn>
<turn mode="chat" speaker="ariel" end_time="10:35:29 AM" turn_no="188" dialog_act="" comm_act_type="" link_to="" pos="" pos_count="" pos_origin="" topic="" polarity="">w/e</turn>
<turn mode="chat" speaker="judith" end_time="10:35:49 AM" turn_no="189" dialog_act="" comm_act_type="" link_to="" pos="" pos_count="" pos_origin="" topic="" polarity="">yea he might not know the area</turn>
<turn mode="chat" speaker="ariel" end_time="10:36:22 AM" turn_no="190" dialog_act="" comm_act_type="" link_to="" pos="" pos_count="" pos_origin="" topic="" polarity="">i just feel like he is very superficial</turn>
<turn mode="chat" speaker="melany" end_time="10:36:34 AM" turn_no="191" dialog_act="" comm_act_type="" link_to="" pos="" pos_count="" pos_origin="" topic="" polarity="">all resumes are superficial thought</turn>
<turn mode="chat" speaker="ted" end_time="10:36:36 AM" turn_no="192" dialog_act="" comm_act_type="" link_to="" pos="" pos_count="" pos_origin="" topic="" polarity="">it will be better if he was from new york</turn>
<turn mode="chat" speaker="melany" end_time="10:36:39 AM" turn_no="193" dialog_act="" comm_act_type="" link_to="" pos="" pos_count="" pos_origin="" topic="" polarity="">though*</turn>
<turn mode="chat" speaker="ariel" end_time="10:36:43 AM" turn_no="194" dialog_act="" comm_act_type="" link_to="" pos="" pos_count="" pos_origin="" topic="" polarity="">we need someone real, because being an RA is not like dealing with public speaking or business deals</turn>
<turn mode="chat" speaker="ariel" end_time="10:36:59 AM" turn_no="195" dialog_act="" comm_act_type="" link_to="" pos="" pos_count="" pos_origin="" topic="" polarity="">this guy seems to business suit, cut and dry</turn>
<turn mode="chat" speaker="ariel" end_time="10:37:21 AM" turn_no="196" dialog_act="" comm_act_type="" link_to="" pos="" pos_count="" pos_origin="" topic="" polarity="">nothing tells me he could deal with everyday life, like if a student got drunk really bad and needed to talk to someone in the morning</turn>
<turn mode="chat" speaker="ted" end_time="10:37:24 AM" turn_no="197" dialog_act="" comm_act_type="" link_to="" pos="" pos_count="" pos_origin="" topic="" polarity="">i dont agree with ariel</turn>
<turn mode="chat" speaker="melany" end_time="10:37:31 AM" turn_no="198" dialog_act="" comm_act_type="" link_to="" pos="" pos_count="" pos_origin="" topic="" polarity="">me either</turn>
<turn mode="chat" speaker="lynn" end_time="10:37:52 AM" turn_no="199" dialog_act="" comm_act_type="" link_to="" pos="" pos_count="" pos_origin="" topic="" polarity="">which candidate do you feel is better at handling "everyday life" situations?</turn>
<turn mode="chat" speaker="ariel" end_time="10:38:37 AM" turn_no="200" dialog_act="" comm_act_type="" link_to="" pos="" pos_count="" pos_origin="" topic="" polarity="">probably penny and ryan</turn>
<turn mode="chat" speaker="judith" end_time="10:38:44 AM" turn_no="201" dialog_act="" comm_act_type="" link_to="" pos="" pos_count="" pos_origin="" topic="" polarity="">yea penny looked good</turn>
<turn mode="chat" speaker="melany" end_time="10:39:01 AM" turn_no="202" dialog_act="" comm_act_type="" link_to="" pos="" pos_count="" pos_origin="" topic="" polarity="">what about sandra?</turn>
<turn mode="chat" speaker="ariel" end_time="10:39:11 AM" turn_no="203" dialog_act="" comm_act_type="" link_to="" pos="" pos_count="" pos_origin="" topic="" polarity="">i havent looked at her yet</turn>
<turn mode="chat" speaker="lynn" end_time="10:39:17 AM" turn_no="204" dialog_act="" comm_act_type="" link_to="" pos="" pos_count="" pos_origin="" topic="" polarity="">she seemed good, too</turn>
<turn mode="chat" speaker="luke" end_time="10:39:24 AM" turn_no="205" dialog_act="" comm_act_type="" link_to="" pos="" pos_count="" pos_origin="" topic="" polarity="">yea</turn>
<turn mode="chat" speaker="ariel" end_time="10:39:26 AM" turn_no="206" dialog_act="" comm_act_type="" link_to="" pos="" pos_count="" pos_origin="" topic="" polarity="">i thought u were the one that suggested we go in order</turn>
<turn mode="chat" speaker="ariel" end_time="10:39:38 AM" turn_no="207" dialog_act="" comm_act_type="" link_to="" pos="" pos_count="" pos_origin="" topic="" polarity="">now your including people we have not covered</turn>
<turn mode="chat" speaker="lynn" end_time="10:39:42 AM" turn_no="208" dialog_act="" comm_act_type="" link_to="" pos="" pos_count="" pos_origin="" topic="" polarity="">she worked as a camp counselor</turn>
<turn mode="chat" speaker="lynn" end_time="10:39:49 AM" turn_no="209" dialog_act="" comm_act_type="" link_to="" pos="" pos_count="" pos_origin="" topic="" polarity="">which is good, for this position, i think</turn>
<turn mode="chat" speaker="melany" end_time="10:40:01 AM" turn_no="210" dialog_act="" comm_act_type="" link_to="" pos="" pos_count="" pos_origin="" topic="" polarity="">sandra is next in order</turn>
<turn mode="chat" speaker="lynn" end_time="10:40:04 AM" turn_no="211" dialog_act="" comm_act_type="" link_to="" pos="" pos_count="" pos_origin="" topic="" polarity="">sandra is the next person</turn>
<turn mode="chat" speaker="judith" end_time="10:40:07 AM" turn_no="212" dialog_act="" comm_act_type="" link_to="" pos="" pos_count="" pos_origin="" topic="" polarity="">should we discuss sandra?</turn>
<turn mode="chat" speaker="melany" end_time="10:40:27 AM" turn_no="213" dialog_act="" comm_act_type="" link_to="" pos="" pos_count="" pos_origin="" topic="" polarity="">yes</turn>
<turn mode="chat" speaker="luke" end_time="10:40:39 AM" turn_no="214" dialog_act="" comm_act_type="" link_to="" pos="" pos_count="" pos_origin="" topic="" polarity="">yea</turn>
<turn mode="chat" speaker="lynn" end_time="10:40:41 AM" turn_no="215" dialog_act="" comm_act_type="" link_to="" pos="" pos_count="" pos_origin="" topic="" polarity="">her camp counselor experience would be useful</turn>
<turn mode="chat" speaker="melany" end_time="10:41:08 AM" turn_no="216" dialog_act="" comm_act_type="" link_to="" pos="" pos_count="" pos_origin="" topic="" polarity="">she doesnt have her college GPA</turn>
<turn mode="chat" speaker="judith" end_time="10:41:10 AM" turn_no="217" dialog_act="" comm_act_type="" link_to="" pos="" pos_count="" pos_origin="" topic="" polarity="">and she used to be involved in outreach which is good</turn>
<turn mode="chat" speaker="lynn" end_time="10:41:32 AM" turn_no="218" dialog_act="" comm_act_type="" link_to="" pos="" pos_count="" pos_origin="" topic="" polarity="">that's true, she doesn't list her gpa</turn>
<turn mode="chat" speaker="melany" end_time="10:41:36 AM" turn_no="219" dialog_act="" comm_act_type="" link_to="" pos="" pos_count="" pos_origin="" topic="" polarity="">which we would need but i guess you could eventually find it out</turn>
<turn mode="chat" speaker="lynn" end_time="10:41:36 AM" turn_no="220" dialog_act="" comm_act_type="" link_to="" pos="" pos_count="" pos_origin="" topic="" polarity="">for college</turn>
<turn mode="chat" speaker="lynn" end_time="10:42:14 AM" turn_no="221" dialog_act="" comm_act_type="" link_to="" pos="" pos_count="" pos_origin="" topic="" polarity="">right, kind of curious that she listed it for high school and not college, though</turn>
<turn mode="chat" speaker="melany" end_time="10:42:16 AM" turn_no="222" dialog_act="" comm_act_type="" link_to="" pos="" pos_count="" pos_origin="" topic="" polarity="">maybe her GPA isnt that string</turn>
<turn mode="chat" speaker="melany" end_time="10:42:19 AM" turn_no="223" dialog_act="" comm_act_type="" link_to="" pos="" pos_count="" pos_origin="" topic="" polarity="">strong*</turn>
<turn mode="chat" speaker="melany" end_time="10:42:21 AM" turn_no="224" dialog_act="" comm_act_type="" link_to="" pos="" pos_count="" pos_origin="" topic="" polarity="">for college</turn>
<turn mode="chat" speaker="judith" end_time="10:42:25 AM" turn_no="225" dialog_act="" comm_act_type="" link_to="" pos="" pos_count="" pos_origin="" topic="" polarity="">i dont think thats that important</turn>
<turn mode="chat" speaker="melany" end_time="10:42:32 AM" turn_no="226" dialog_act="" comm_act_type="" link_to="" pos="" pos_count="" pos_origin="" topic="" polarity="">as long as its above a 2.5</turn>
<turn mode="chat" speaker="luke" end_time="10:42:38 AM" turn_no="227" dialog_act="" comm_act_type="" link_to="" pos="" pos_count="" pos_origin="" topic="" polarity="">yea i would think its atleas the minimum if shes applying</turn>
<turn mode="chat" speaker="lynn" end_time="10:42:38 AM" turn_no="228" dialog_act="" comm_act_type="" link_to="" pos="" pos_count="" pos_origin="" topic="" polarity="">it's not really, except that there is a minimum required</turn>
<turn mode="chat" speaker="melany" end_time="10:42:41 AM" turn_no="229" dialog_act="" comm_act_type="" link_to="" pos="" pos_count="" pos_origin="" topic="" polarity="">which is what is said is required</turn>
<turn mode="chat" speaker="ted" end_time="10:42:46 AM" turn_no="230" dialog_act="" comm_act_type="" link_to="" pos="" pos_count="" pos_origin="" topic="" polarity="">she seemed to be very involved in activities during high school, but not as much during college</turn>
<turn mode="chat" speaker="melany" end_time="10:42:55 AM" turn_no="231" dialog_act="" comm_act_type="" link_to="" pos="" pos_count="" pos_origin="" topic="" polarity="">yeah i think someone could not have a gpa and still be a great RA</turn>
<turn mode="chat" speaker="ariel" end_time="10:43:05 AM" turn_no="232" dialog_act="" comm_act_type="" link_to="" pos="" pos_count="" pos_origin="" topic="" polarity="">i think so too</turn>
<turn mode="chat" speaker="ariel" end_time="10:43:10 AM" turn_no="233" dialog_act="" comm_act_type="" link_to="" pos="" pos_count="" pos_origin="" topic="" polarity="">numbers arent everything</turn>
<turn mode="chat" speaker="ariel" end_time="10:43:17 AM" turn_no="234" dialog_act="" comm_act_type="" link_to="" pos="" pos_count="" pos_origin="" topic="" polarity="">brb door</turn>
<turn mode="chat" speaker="lynn" end_time="10:43:40 AM" turn_no="235" dialog_act="" comm_act_type="" link_to="" pos="" pos_count="" pos_origin="" topic="" polarity="">yes, i agree, but if it's a requirement, we have to abide by that as the hiring people, unless we change that requirement</turn>
<turn mode="chat" speaker="judith" end_time="10:44:18 AM" turn_no="236" dialog_act="" comm_act_type="" link_to="" pos="" pos_count="" pos_origin="" topic="" polarity="">true i didnt know it was a requirement</turn>
<turn mode="chat" speaker="luke" end_time="10:44:37 AM" turn_no="237" dialog_act="" comm_act_type="" link_to="" pos="" pos_count="" pos_origin="" topic="" polarity="">yea i guess theres not much we could really d o to find out</turn>
<turn mode="chat" speaker="melany" end_time="10:44:41 AM" turn_no="238" dialog_act="" comm_act_type="" link_to="" pos="" pos_count="" pos_origin="" topic="" polarity="">i like that she participated in outreach programs</turn>
<turn mode="chat" speaker="melany" end_time="10:44:47 AM" turn_no="239" dialog_act="" comm_act_type="" link_to="" pos="" pos_count="" pos_origin="" topic="" polarity="">through her church</turn>
<turn mode="chat" speaker="lynn" end_time="10:44:53 AM" turn_no="240" dialog_act="" comm_act_type="" link_to="" pos="" pos_count="" pos_origin="" topic="" polarity="">she does seem interested in others</turn>
<turn mode="chat" speaker="judith" end_time="10:45:22 AM" turn_no="241" dialog_act="" comm_act_type="" link_to="" pos="" pos_count="" pos_origin="" topic="" polarity="">yea i like her</turn>
<turn mode="chat" speaker="melany" end_time="10:46:01 AM" turn_no="242" dialog_act="" comm_act_type="" link_to="" pos="" pos_count="" pos_origin="" topic="" polarity="">she seems like a good candidate</turn>
<turn mode="chat" speaker="lynn" end_time="10:46:06 AM" turn_no="243" dialog_act="" comm_act_type="" link_to="" pos="" pos_count="" pos_origin="" topic="" polarity="">i like her, too</turn>
<turn mode="chat" speaker="lynn" end_time="10:46:30 AM" turn_no="244" dialog_act="" comm_act_type="" link_to="" pos="" pos_count="" pos_origin="" topic="" polarity="">she's has a lot of psychology courses, ,which could be handy</turn>
<turn mode="chat" speaker="melany" end_time="10:46:36 AM" turn_no="245" dialog_act="" comm_act_type="" link_to="" pos="" pos_count="" pos_origin="" topic="" polarity="">she's from PA so she could be assuring to those not from NY</turn>
<turn mode="chat" speaker="lynn" end_time="10:46:52 AM" turn_no="246" dialog_act="" comm_act_type="" link_to="" pos="" pos_count="" pos_origin="" topic="" polarity="">that's a good point</turn>
<turn mode="chat" speaker="ted" end_time="10:46:52 AM" turn_no="247" dialog_act="" comm_act_type="" link_to="" pos="" pos_count="" pos_origin="" topic="" polarity="">it seems she watns to help, not necesarily just looking at the free room</turn>
<turn mode="chat" speaker="melany" end_time="10:46:55 AM" turn_no="248" dialog_act="" comm_act_type="" link_to="" pos="" pos_count="" pos_origin="" topic="" polarity="">and she knows of activities and how to organize them</turn>
<turn mode="chat" speaker="melany" end_time="10:47:04 AM" turn_no="249" dialog_act="" comm_act_type="" link_to="" pos="" pos_count="" pos_origin="" topic="" polarity="">from her camp counselor experience</turn>
<turn mode="chat" speaker="luke" end_time="10:47:17 AM" turn_no="250" dialog_act="" comm_act_type="" link_to="" pos="" pos_count="" pos_origin="" topic="" polarity="">yeaa that could help</turn>
<turn mode="chat" speaker="lynn" end_time="10:48:13 AM" turn_no="251" dialog_act="" comm_act_type="" link_to="" pos="" pos_count="" pos_origin="" topic="" polarity="">can we eliminate anybody from consideration to start narrowing down?</turn>
<turn mode="chat" speaker="ted" end_time="10:48:24 AM" turn_no="252" dialog_act="" comm_act_type="" link_to="" pos="" pos_count="" pos_origin="" topic="" polarity="">ok</turn>
<turn mode="chat" speaker="melany" end_time="10:49:00 AM" turn_no="253" dialog_act="" comm_act_type="" link_to="" pos="" pos_count="" pos_origin="" topic="" polarity="">penny---keep or eliminate?</turn>
<turn mode="chat" speaker="lynn" end_time="10:49:22 AM" turn_no="254" dialog_act="" comm_act_type="" link_to="" pos="" pos_count="" pos_origin="" topic="" polarity="">i'd vote for keep for now, though she wasn't my top choice</turn>
<turn mode="chat" speaker="judith" end_time="10:49:32 AM" turn_no="255" dialog_act="" comm_act_type="" link_to="" pos="" pos_count="" pos_origin="" topic="" polarity="">i feel like they were all okayt...nobody stood out as amazing or horrible to me</turn>
<turn mode="chat" speaker="melany" end_time="10:49:38 AM" turn_no="256" dialog_act="" comm_act_type="" link_to="" pos="" pos_count="" pos_origin="" topic="" polarity="">i know its hard to eliminate</turn>
<turn mode="chat" speaker="luke" end_time="10:49:55 AM" turn_no="257" dialog_act="" comm_act_type="" link_to="" pos="" pos_count="" pos_origin="" topic="" polarity="">yeaa this ones tough i dont think that anyone is really taht much better than the others</turn>
<turn mode="chat" speaker="melany" end_time="10:50:11 AM" turn_no="258" dialog_act="" comm_act_type="" link_to="" pos="" pos_count="" pos_origin="" topic="" polarity="">yeah hmm</turn>
<turn mode="chat" speaker="lynn" end_time="10:50:37 AM" turn_no="259" dialog_act="" comm_act_type="" link_to="" pos="" pos_count="" pos_origin="" topic="" polarity="">i'd vote to eliminate jade at this point</turn>
<turn mode="chat" speaker="lynn" end_time="10:50:56 AM" turn_no="260" dialog_act="" comm_act_type="" link_to="" pos="" pos_count="" pos_origin="" topic="" polarity="">just to start narrowing down</turn>
<turn mode="chat" speaker="lynn" end_time="10:51:22 AM" turn_no="261" dialog_act="" comm_act_type="" link_to="" pos="" pos_count="" pos_origin="" topic="" polarity="">she's definitely smart, but i don't see that she has the people skills that others do</turn>
<turn mode="chat" speaker="judith" end_time="10:52:00 AM" turn_no="262" dialog_act="" comm_act_type="" link_to="" pos="" pos_count="" pos_origin="" topic="" polarity="">i agree</turn>
<turn mode="chat" speaker="ariel" end_time="10:52:07 AM" turn_no="263" dialog_act="" comm_act_type="" link_to="" pos="" pos_count="" pos_origin="" topic="" polarity="">yep i agree as well</turn>
<turn mode="chat" speaker="judith" end_time="10:52:07 AM" turn_no="264" dialog_act="" comm_act_type="" link_to="" pos="" pos_count="" pos_origin="" topic="" polarity="">we have to eliminate someone lol</turn>
<turn mode="chat" speaker="melany" end_time="10:52:27 AM" turn_no="265" dialog_act="" comm_act_type="" link_to="" pos="" pos_count="" pos_origin="" topic="" polarity="">i agree</turn>
<turn mode="chat" speaker="ted" end_time="10:52:36 AM" turn_no="266" dialog_act="" comm_act_type="" link_to="" pos="" pos_count="" pos_origin="" topic="" polarity="">it is difficult to eliminate they all have similar pros and cons</turn>
<turn mode="chat" speaker="judith" end_time="10:52:43 AM" turn_no="267" dialog_act="" comm_act_type="" link_to="" pos="" pos_count="" pos_origin="" topic="" polarity="">yea lol</turn>
<turn mode="chat" speaker="ted" end_time="10:52:45 AM" turn_no="268" dialog_act="" comm_act_type="" link_to="" pos="" pos_count="" pos_origin="" topic="" polarity="">i can tell you i like evan though</turn>
<turn mode="chat" speaker="luke" end_time="10:52:51 AM" turn_no="269" dialog_act="" comm_act_type="" link_to="" pos="" pos_count="" pos_origin="" topic="" polarity="">well i didnt think ryan had anything about him that he stood out</turn>
<turn mode="chat" speaker="judith" end_time="10:52:52 AM" turn_no="270" dialog_act="" comm_act_type="" link_to="" pos="" pos_count="" pos_origin="" topic="" polarity="">yea i liked evan as well</turn>
<turn mode="chat" speaker="lynn" end_time="10:53:05 AM" turn_no="271" dialog_act="" comm_act_type="" link_to="" pos="" pos_count="" pos_origin="" topic="" polarity="">i actually think evan is my top choice</turn>
<turn mode="chat" speaker="ted" end_time="10:53:19 AM" turn_no="272" dialog_act="" comm_act_type="" link_to="" pos="" pos_count="" pos_origin="" topic="" polarity="">i did not like the guy that applied only for empire</turn>
<turn mode="chat" speaker="ted" end_time="10:53:32 AM" turn_no="273" dialog_act="" comm_act_type="" link_to="" pos="" pos_count="" pos_origin="" topic="" polarity="">those are my two cents</turn>
<turn mode="chat" speaker="melany" end_time="10:54:13 AM" turn_no="274" dialog_act="" comm_act_type="" link_to="" pos="" pos_count="" pos_origin="" topic="" polarity="">i didnt like evan that much</turn>
<turn mode="chat" speaker="lynn" end_time="10:54:14 AM" turn_no="275" dialog_act="" comm_act_type="" link_to="" pos="" pos_count="" pos_origin="" topic="" polarity="">yes, that's ryan</turn>
<turn mode="chat" speaker="melany" end_time="10:54:15 AM" turn_no="276" dialog_act="" comm_act_type="" link_to="" pos="" pos_count="" pos_origin="" topic="" polarity="">me either</turn>
<turn mode="chat" speaker="luke" end_time="10:54:18 AM" turn_no="277" dialog_act="" comm_act_type="" link_to="" pos="" pos_count="" pos_origin="" topic="" polarity="">soo it kind of looks liek ryan is the weakest one so far</turn>
<turn mode="chat" speaker="melany" end_time="10:54:21 AM" turn_no="278" dialog_act="" comm_act_type="" link_to="" pos="" pos_count="" pos_origin="" topic="" polarity="">ryan and evan r eliminated in my mind</turn>
<turn mode="chat" speaker="ariel" end_time="10:54:52 AM" turn_no="279" dialog_act="" comm_act_type="" link_to="" pos="" pos_count="" pos_origin="" topic="" polarity="">my best vote is for Sandra</turn>
<turn mode="chat" speaker="ted" end_time="10:55:03 AM" turn_no="280" dialog_act="" comm_act_type="" link_to="" pos="" pos_count="" pos_origin="" topic="" polarity="">melany, could you explain please?</turn>
<turn mode="chat" speaker="melany" end_time="10:55:32 AM" turn_no="281" dialog_act="" comm_act_type="" link_to="" pos="" pos_count="" pos_origin="" topic="" polarity="">well ryan only wanted to be an RA at empire</turn>
<turn mode="chat" speaker="melany" end_time="10:55:34 AM" turn_no="282" dialog_act="" comm_act_type="" link_to="" pos="" pos_count="" pos_origin="" topic="" polarity="">so that turned me off</turn>
<turn mode="chat" speaker="lynn" end_time="10:55:38 AM" turn_no="283" dialog_act="" comm_act_type="" link_to="" pos="" pos_count="" pos_origin="" topic="" polarity="">me too</turn>
<turn mode="chat" speaker="judith" end_time="10:55:43 AM" turn_no="284" dialog_act="" comm_act_type="" link_to="" pos="" pos_count="" pos_origin="" topic="" polarity="">i actually liked that</turn>
<turn mode="chat" speaker="ted" end_time="10:55:44 AM" turn_no="285" dialog_act="" comm_act_type="" link_to="" pos="" pos_count="" pos_origin="" topic="" polarity="">agrreed</turn>
<turn mode="chat" speaker="judith" end_time="10:55:45 AM" turn_no="286" dialog_act="" comm_act_type="" link_to="" pos="" pos_count="" pos_origin="" topic="" polarity="">it showed confidence</turn>
<turn mode="chat" speaker="ariel" end_time="10:55:52 AM" turn_no="287" dialog_act="" comm_act_type="" link_to="" pos="" pos_count="" pos_origin="" topic="" polarity="">me too</turn>
<turn mode="chat" speaker="judith" end_time="10:55:54 AM" turn_no="288" dialog_act="" comm_act_type="" link_to="" pos="" pos_count="" pos_origin="" topic="" polarity="">and not like he was just desperate to save money</turn>
<turn mode="chat" speaker="ariel" end_time="10:56:07 AM" turn_no="289" dialog_act="" comm_act_type="" link_to="" pos="" pos_count="" pos_origin="" topic="" polarity="">true!</turn>
<turn mode="chat" speaker="lynn" end_time="10:56:14 AM" turn_no="290" dialog_act="" comm_act_type="" link_to="" pos="" pos_count="" pos_origin="" topic="" polarity="">what didn't you like about evan, melany?</turn>
<turn mode="chat" speaker="ariel" end_time="10:56:33 AM" turn_no="291" dialog_act="" comm_act_type="" link_to="" pos="" pos_count="" pos_origin="" topic="" polarity="">wow judith i had never even thought about that</turn>
<turn mode="chat" speaker="melany" end_time="10:56:56 AM" turn_no="292" dialog_act="" comm_act_type="" link_to="" pos="" pos_count="" pos_origin="" topic="" polarity="">umm i think i would actually keep evan now that im looking @ his resume again</turn>
<turn mode="chat" speaker="melany" end_time="10:57:04 AM" turn_no="293" dialog_act="" comm_act_type="" link_to="" pos="" pos_count="" pos_origin="" topic="" polarity="">spanish proficiency is good</turn>
<turn mode="chat" speaker="lynn" end_time="10:57:14 AM" turn_no="294" dialog_act="" comm_act_type="" link_to="" pos="" pos_count="" pos_origin="" topic="" polarity="">but he wants free room and board at the most expensive dorm on campus, and ONLY there</turn>
<turn mode="chat" speaker="lynn" end_time="10:57:21 AM" turn_no="295" dialog_act="" comm_act_type="" link_to="" pos="" pos_count="" pos_origin="" topic="" polarity="">yes, i liked the spanish proficiency too</turn>
<turn mode="chat" speaker="lynn" end_time="10:57:28 AM" turn_no="296" dialog_act="" comm_act_type="" link_to="" pos="" pos_count="" pos_origin="" topic="" polarity="">and cpr experience</turn>
<turn mode="chat" speaker="melany" end_time="10:57:31 AM" turn_no="297" dialog_act="" comm_act_type="" link_to="" pos="" pos_count="" pos_origin="" topic="" polarity="">yeah he obviously has alterior motives</turn>
<turn mode="chat" speaker="judith" end_time="10:57:55 AM" turn_no="298" dialog_act="" comm_act_type="" link_to="" pos="" pos_count="" pos_origin="" topic="" polarity="">yea but that means he has enough confidence to get that room</turn>
<turn mode="chat" speaker="judith" end_time="10:58:04 AM" turn_no="299" dialog_act="" comm_act_type="" link_to="" pos="" pos_count="" pos_origin="" topic="" polarity="">and his resume isnt some cut and paste document he sends out everywhere</turn>
<turn mode="chat" speaker="luke" end_time="10:58:05 AM" turn_no="300" dialog_act="" comm_act_type="" link_to="" pos="" pos_count="" pos_origin="" topic="" polarity="">soo is there one person we could drop?</turn>
<turn mode="chat" speaker="judith" end_time="10:58:10 AM" turn_no="301" dialog_act="" comm_act_type="" link_to="" pos="" pos_count="" pos_origin="" topic="" polarity="">he tailored it for the position which i like</turn>
<turn mode="chat" speaker="ted" end_time="10:58:25 AM" turn_no="302" dialog_act="" comm_act_type="" link_to="" pos="" pos_count="" pos_origin="" topic="" polarity="">which is what i dont like</turn>
<turn mode="chat" speaker="ted" end_time="10:58:43 AM" turn_no="303" dialog_act="" comm_act_type="" link_to="" pos="" pos_count="" pos_origin="" topic="" polarity="">about rich ddadys boy ryan</turn>
<turn mode="chat" speaker="lynn" end_time="10:58:43 AM" turn_no="304" dialog_act="" comm_act_type="" link_to="" pos="" pos_count="" pos_origin="" topic="" polarity="">i think, luke, that we agreed to drop jade</turn>
<turn mode="chat" speaker="melany" end_time="10:58:56 AM" turn_no="305" dialog_act="" comm_act_type="" link_to="" pos="" pos_count="" pos_origin="" topic="" polarity="">yes</turn>
<turn mode="chat" speaker="judith" end_time="10:59:06 AM" turn_no="306" dialog_act="" comm_act_type="" link_to="" pos="" pos_count="" pos_origin="" topic="" polarity="">i think thats a smart move...if you send out the same resume to everyone u didnt take the time to think about the position</turn>
<turn mode="chat" speaker="ariel" end_time="10:59:11 AM" turn_no="307" dialog_act="" comm_act_type="" link_to="" pos="" pos_count="" pos_origin="" topic="" polarity="">yeah but the fact that he has enough confidence and a voice to state his mind means he would do the same as an RA</turn>
<turn mode="chat" speaker="luke" end_time="10:59:12 AM" turn_no="308" dialog_act="" comm_act_type="" link_to="" pos="" pos_count="" pos_origin="" topic="" polarity="">ookk thanks</turn>
<turn mode="chat" speaker="lynn" end_time="10:59:22 AM" turn_no="309" dialog_act="" comm_act_type="" link_to="" pos="" pos_count="" pos_origin="" topic="" polarity="">but is the position specifically for empire?</turn>
<turn mode="chat" speaker="melany" end_time="11:00:21 AM" turn_no="310" dialog_act="" comm_act_type="" link_to="" pos="" pos_count="" pos_origin="" topic="" polarity="">i dont believe so</turn>
<turn mode="chat" speaker="ariel" end_time="11:00:28 AM" turn_no="311" dialog_act="" comm_act_type="" link_to="" pos="" pos_count="" pos_origin="" topic="" polarity="">no its not</turn>
<turn mode="chat" speaker="lynn" end_time="11:00:44 AM" turn_no="312" dialog_act="" comm_act_type="" link_to="" pos="" pos_count="" pos_origin="" topic="" polarity="">he's choosing that himself, and in my opinion, he's taking his own liberties</turn>
<turn mode="chat" speaker="ariel" end_time="11:01:01 AM" turn_no="313" dialog_act="" comm_act_type="" link_to="" pos="" pos_count="" pos_origin="" topic="" polarity="">but btw its not free for him to live on campus because he is an RA btw</turn>
<turn mode="chat" speaker="ariel" end_time="11:01:15 AM" turn_no="314" dialog_act="" comm_act_type="" link_to="" pos="" pos_count="" pos_origin="" topic="" polarity="">its just a discount essentially</turn>
<turn mode="chat" speaker="lynn" end_time="11:01:25 AM" turn_no="315" dialog_act="" comm_act_type="" link_to="" pos="" pos_count="" pos_origin="" topic="" polarity="">yes, i do realize that, but he wouldn't have to pay a very expensive room and board</turn>
<turn mode="chat" speaker="ariel" end_time="11:01:40 AM" turn_no="316" dialog_act="" comm_act_type="" link_to="" pos="" pos_count="" pos_origin="" topic="" polarity="">anyway you cut it empire is expensive</turn>
<turn mode="chat" speaker="ariel" end_time="11:01:45 AM" turn_no="317" dialog_act="" comm_act_type="" link_to="" pos="" pos_count="" pos_origin="" topic="" polarity="">i dont care discount or not</turn>
<turn mode="chat" speaker="luke" end_time="11:01:47 AM" turn_no="318" dialog_act="" comm_act_type="" link_to="" pos="" pos_count="" pos_origin="" topic="" polarity="">yeaa it is</turn>
<turn mode="chat" speaker="judith" end_time="11:01:50 AM" turn_no="319" dialog_act="" comm_act_type="" link_to="" pos="" pos_count="" pos_origin="" topic="" polarity="">true</turn>
<turn mode="chat" speaker="ariel" end_time="11:01:52 AM" turn_no="320" dialog_act="" comm_act_type="" link_to="" pos="" pos_count="" pos_origin="" topic="" polarity="">i definatly dont have the money for it</turn>
<turn mode="chat" speaker="ariel" end_time="11:02:26 AM" turn_no="321" dialog_act="" comm_act_type="" link_to="" pos="" pos_count="" pos_origin="" topic="" polarity="">i dont agree, yes he took a liberty but he also too an action</turn>
<turn mode="chat" speaker="ted" end_time="11:02:31 AM" turn_no="322" dialog_act="" comm_act_type="" link_to="" pos="" pos_count="" pos_origin="" topic="" polarity="">neither does ryan</turn>
<turn mode="chat" speaker="lynn" end_time="11:02:43 AM" turn_no="323" dialog_act="" comm_act_type="" link_to="" pos="" pos_count="" pos_origin="" topic="" polarity="">which is why if you could live there for free (or at a greatly reduced discount), it would be great. i agree with melany, it's an ulterior motive. at least he's being honest about it, htough</turn>
<turn mode="chat" speaker="ariel" end_time="11:02:44 AM" turn_no="324" dialog_act="" comm_act_type="" link_to="" pos="" pos_count="" pos_origin="" topic="" polarity="">which is more then i can say for most people who just walk past things that happen in the dorms</turn>
<turn mode="chat" speaker="judith" end_time="11:03:14 AM" turn_no="325" dialog_act="" comm_act_type="" link_to="" pos="" pos_count="" pos_origin="" topic="" polarity="">i like the confidence</turn>
<turn mode="chat" speaker="melany" end_time="11:03:17 AM" turn_no="326" dialog_act="" comm_act_type="" link_to="" pos="" pos_count="" pos_origin="" topic="" polarity="">yeah at least hes being honest and straighforward</turn>
<turn mode="chat" speaker="ariel" end_time="11:03:18 AM" turn_no="327" dialog_act="" comm_act_type="" link_to="" pos="" pos_count="" pos_origin="" topic="" polarity="">me too</turn>
<turn mode="chat" speaker="ariel" end_time="11:03:38 AM" turn_no="328" dialog_act="" comm_act_type="" link_to="" pos="" pos_count="" pos_origin="" topic="" polarity="">besides whos to say if offered he wouldnt decide to take one of the other postitions</turn>
<turn mode="chat" speaker="lynn" end_time="11:03:47 AM" turn_no="329" dialog_act="" comm_act_type="" link_to="" pos="" pos_count="" pos_origin="" topic="" polarity="">which is why i feel comfortable being straightforward in taking him out of consideration</turn>
<turn mode="chat" speaker="luke" end_time="11:03:50 AM" turn_no="330" dialog_act="" comm_act_type="" link_to="" pos="" pos_count="" pos_origin="" topic="" polarity="">yeaa i guess u really never know</turn>
<turn mode="chat" speaker="ariel" end_time="11:03:52 AM" turn_no="331" dialog_act="" comm_act_type="" link_to="" pos="" pos_count="" pos_origin="" topic="" polarity="">people aply for one job all the time and get hired by the same people to do something else</turn>
<turn mode="chat" speaker="melany" end_time="11:04:14 AM" turn_no="332" dialog_act="" comm_act_type="" link_to="" pos="" pos_count="" pos_origin="" topic="" polarity="">maybe he thought u had to be specific</turn>
<turn mode="chat" speaker="ted" end_time="11:04:18 AM" turn_no="333" dialog_act="" comm_act_type="" link_to="" pos="" pos_count="" pos_origin="" topic="" polarity="">what other positions you are talking about/</turn>
<turn mode="chat" speaker="ariel" end_time="11:04:49 AM" turn_no="334" dialog_act="" comm_act_type="" link_to="" pos="" pos_count="" pos_origin="" topic="" polarity="">like if he thought u had to be specific as melany said</turn>
<turn mode="chat" speaker="ariel" end_time="11:05:05 AM" turn_no="335" dialog_act="" comm_act_type="" link_to="" pos="" pos_count="" pos_origin="" topic="" polarity="">and yet was given a different spot then he choose</turn>
<turn mode="chat" speaker="lynn" end_time="11:05:19 AM" turn_no="336" dialog_act="" comm_act_type="" link_to="" pos="" pos_count="" pos_origin="" topic="" polarity="">but that means he didn't read the job description very carefully</turn>
<turn mode="chat" speaker="ted" end_time="11:05:32 AM" turn_no="337" dialog_act="" comm_act_type="" link_to="" pos="" pos_count="" pos_origin="" topic="" polarity="">he had something in mid</turn>
<turn mode="chat" speaker="ted" end_time="11:05:38 AM" turn_no="338" dialog_act="" comm_act_type="" link_to="" pos="" pos_count="" pos_origin="" topic="" polarity="">mind sorry</turn>
<turn mode="chat" speaker="melany" end_time="11:05:56 AM" turn_no="339" dialog_act="" comm_act_type="" link_to="" pos="" pos_count="" pos_origin="" topic="" polarity="">hmmm what a predicament</turn>
<turn mode="chat" speaker="melany" end_time="11:06:08 AM" turn_no="340" dialog_act="" comm_act_type="" link_to="" pos="" pos_count="" pos_origin="" topic="" polarity="">its difficult to pinpoint what his intentions are</turn>
<turn mode="chat" speaker="ted" end_time="11:06:25 AM" turn_no="341" dialog_act="" comm_act_type="" link_to="" pos="" pos_count="" pos_origin="" topic="" polarity="">he wanted empire specificallly</turn>
<turn mode="chat" speaker="ariel" end_time="11:06:30 AM" turn_no="342" dialog_act="" comm_act_type="" link_to="" pos="" pos_count="" pos_origin="" topic="" polarity="">so you think he didnt read the job discription? what if he was just taking a liberty? and he did read it well</turn>
<turn mode="chat" speaker="ariel" end_time="11:06:54 AM" turn_no="343" dialog_act="" comm_act_type="" link_to="" pos="" pos_count="" pos_origin="" topic="" polarity="">i mean hell suny needs to have RA's for everywhere</turn>
<turn mode="chat" speaker="lynn" end_time="11:06:57 AM" turn_no="344" dialog_act="" comm_act_type="" link_to="" pos="" pos_count="" pos_origin="" topic="" polarity="">but then why would he specify? that's narrowing him down to the search committee</turn>
<turn mode="chat" speaker="ariel" end_time="11:07:06 AM" turn_no="345" dialog_act="" comm_act_type="" link_to="" pos="" pos_count="" pos_origin="" topic="" polarity="">i dont see why taking him based on empire is a bad choice</turn>
<turn mode="chat" speaker="judith" end_time="11:07:24 AM" turn_no="346" dialog_act="" comm_act_type="" link_to="" pos="" pos_count="" pos_origin="" topic="" polarity="">yea me neither</turn>
<turn mode="chat" speaker="luke" end_time="11:07:24 AM" turn_no="347" dialog_act="" comm_act_type="" link_to="" pos="" pos_count="" pos_origin="" topic="" polarity="">i think that we need to just base it off their qualifications because we could talk about his intentions all we want to but we are never really going to know what it was based upon...</turn>
<turn mode="chat" speaker="lynn" end_time="11:07:28 AM" turn_no="348" dialog_act="" comm_act_type="" link_to="" pos="" pos_count="" pos_origin="" topic="" polarity="">but why is it a good choice?</turn>
<turn mode="chat" speaker="ariel" end_time="11:07:43 AM" turn_no="349" dialog_act="" comm_act_type="" link_to="" pos="" pos_count="" pos_origin="" topic="" polarity="">because i think he speaks his mind</turn>
<turn mode="chat" speaker="ted" end_time="11:07:51 AM" turn_no="350" dialog_act="" comm_act_type="" link_to="" pos="" pos_count="" pos_origin="" topic="" polarity="">we ar trying to eliminate people and he is the next on my list</turn>
<turn mode="chat" speaker="ariel" end_time="11:07:53 AM" turn_no="351" dialog_act="" comm_act_type="" link_to="" pos="" pos_count="" pos_origin="" topic="" polarity="">and i think that's the best for an RA</turn>
<turn mode="chat" speaker="ted" end_time="11:08:10 AM" turn_no="352" dialog_act="" comm_act_type="" link_to="" pos="" pos_count="" pos_origin="" topic="" polarity="">not always</turn>
<turn mode="chat" speaker="lynn" end_time="11:08:11 AM" turn_no="353" dialog_act="" comm_act_type="" link_to="" pos="" pos_count="" pos_origin="" topic="" polarity="">i don't agree that speaking your mind is best for an ra. you need to listen as an ra, not dictate</turn>
<turn mode="chat" speaker="judith" end_time="11:09:13 AM" turn_no="354" dialog_act="" comm_act_type="" link_to="" pos="" pos_count="" pos_origin="" topic="" polarity="">i think u need both</turn>
<turn mode="chat" speaker="ariel" end_time="11:09:20 AM" turn_no="355" dialog_act="" comm_act_type="" link_to="" pos="" pos_count="" pos_origin="" topic="" polarity="">sure this is true but i think his listening skills are implied from the other things on his resume</turn>
<turn mode="chat" speaker="ted" end_time="11:09:51 AM" turn_no="356" dialog_act="" comm_act_type="" link_to="" pos="" pos_count="" pos_origin="" topic="" polarity="">we;; tjos doscissopms os mpt abpit pm;u ruam</turn>
<turn mode="chat" speaker="judith" end_time="11:09:55 AM" turn_no="357" dialog_act="" comm_act_type="" link_to="" pos="" pos_count="" pos_origin="" topic="" polarity="">??!</turn>
<turn mode="chat" speaker="judith" end_time="11:09:56 AM" turn_no="358" dialog_act="" comm_act_type="" link_to="" pos="" pos_count="" pos_origin="" topic="" polarity="">lol</turn>
<turn mode="chat" speaker="judith" end_time="11:09:57 AM" turn_no="359" dialog_act="" comm_act_type="" link_to="" pos="" pos_count="" pos_origin="" topic="" polarity="">what</turn>
<turn mode="chat" speaker="luke" end_time="11:09:58 AM" turn_no="360" dialog_act="" comm_act_type="" link_to="" pos="" pos_count="" pos_origin="" topic="" polarity="">lol</turn>
<turn mode="chat" speaker="ariel" end_time="11:10:07 AM" turn_no="361" dialog_act="" comm_act_type="" link_to="" pos="" pos_count="" pos_origin="" topic="" polarity="">was that english?</turn>
<turn mode="chat" speaker="lynn" end_time="11:10:10 AM" turn_no="362" dialog_act="" comm_act_type="" link_to="" pos="" pos_count="" pos_origin="" topic="" polarity="">other people had good listening skills, and didn't narrow down their choice to one dorm only</turn>
<turn mode="chat" speaker="lynn" end_time="11:10:15 AM" turn_no="363" dialog_act="" comm_act_type="" link_to="" pos="" pos_count="" pos_origin="" topic="" polarity="">lol....</turn>
<turn mode="chat" speaker="ariel" end_time="11:10:24 AM" turn_no="364" dialog_act="" comm_act_type="" link_to="" pos="" pos_count="" pos_origin="" topic="" polarity="">lol your funny</turn>
<turn mode="chat" speaker="ariel" end_time="11:10:27 AM" turn_no="365" dialog_act="" comm_act_type="" link_to="" pos="" pos_count="" pos_origin="" topic="" polarity="">but still</turn>
<turn mode="chat" speaker="ted" end_time="11:10:32 AM" turn_no="366" dialog_act="" comm_act_type="" link_to="" pos="" pos_count="" pos_origin="" topic="" polarity="">sorry cat walked on my keyboard</turn>
<turn mode="chat" speaker="judith" end_time="11:10:36 AM" turn_no="367" dialog_act="" comm_act_type="" link_to="" pos="" pos_count="" pos_origin="" topic="" polarity="">LOL</turn>
<turn mode="chat" speaker="judith" end_time="11:10:40 AM" turn_no="368" dialog_act="" comm_act_type="" link_to="" pos="" pos_count="" pos_origin="" topic="" polarity="">im literally laughing out loud lol</turn>
<turn mode="chat" speaker="lynn" end_time="11:10:49 AM" turn_no="369" dialog_act="" comm_act_type="" link_to="" pos="" pos_count="" pos_origin="" topic="" polarity="">why is the cat always the scapegoat??</turn>
<turn mode="chat" speaker="lynn" end_time="11:10:51 AM" turn_no="370" dialog_act="" comm_act_type="" link_to="" pos="" pos_count="" pos_origin="" topic="" polarity="">lol</turn>
<turn mode="chat" speaker="ariel" end_time="11:10:59 AM" turn_no="371" dialog_act="" comm_act_type="" link_to="" pos="" pos_count="" pos_origin="" topic="" polarity="">oh i see... ted thats why i have a spray bottle next to my computer</turn>
<turn mode="chat" speaker="melany" end_time="11:11:14 AM" turn_no="372" dialog_act="" comm_act_type="" link_to="" pos="" pos_count="" pos_origin="" topic="" polarity="">hahahhaha</turn>
<turn mode="chat" speaker="lynn" end_time="11:11:15 AM" turn_no="373" dialog_act="" comm_act_type="" link_to="" pos="" pos_count="" pos_origin="" topic="" polarity="">poor kitty...</turn>
<turn mode="chat" speaker="ted" end_time="11:11:22 AM" turn_no="374" dialog_act="" comm_act_type="" link_to="" pos="" pos_count="" pos_origin="" topic="" polarity="">haha</turn>
<turn mode="chat" speaker="melany" end_time="11:11:34 AM" turn_no="375" dialog_act="" comm_act_type="" link_to="" pos="" pos_count="" pos_origin="" topic="" polarity="">thats funy</turn>
<turn mode="chat" speaker="melany" end_time="11:11:36 AM" turn_no="376" dialog_act="" comm_act_type="" link_to="" pos="" pos_count="" pos_origin="" topic="" polarity="">funny*</turn>
<turn mode="chat" speaker="melany" end_time="11:12:02 AM" turn_no="377" dialog_act="" comm_act_type="" link_to="" pos="" pos_count="" pos_origin="" topic="" polarity="">so we need to start narrowing down and make a decision</turn>
<turn mode="chat" speaker="ariel" end_time="11:12:03 AM" turn_no="378" dialog_act="" comm_act_type="" link_to="" pos="" pos_count="" pos_origin="" topic="" polarity="">poor kitty? i love my kitten... i feed her... i pet her... and i cuddle with her every night</turn>
<turn mode="chat" speaker="melany" end_time="11:12:07 AM" turn_no="379" dialog_act="" comm_act_type="" link_to="" pos="" pos_count="" pos_origin="" topic="" polarity="">does anyone have a favorite?</turn>
<turn mode="chat" speaker="ariel" end_time="11:12:15 AM" turn_no="380" dialog_act="" comm_act_type="" link_to="" pos="" pos_count="" pos_origin="" topic="" polarity="">but seriously for all that she cant stay off my key borad</turn>
<turn mode="chat" speaker="ariel" end_time="11:12:17 AM" turn_no="381" dialog_act="" comm_act_type="" link_to="" pos="" pos_count="" pos_origin="" topic="" polarity="">*board</turn>
<turn mode="chat" speaker="lynn" end_time="11:12:20 AM" turn_no="382" dialog_act="" comm_act_type="" link_to="" pos="" pos_count="" pos_origin="" topic="" polarity="">no, i know, i love my kitty too, but the spraying i meant....</turn>
<turn mode="chat" speaker="ariel" end_time="11:12:28 AM" turn_no="383" dialog_act="" comm_act_type="" link_to="" pos="" pos_count="" pos_origin="" topic="" polarity="">sorry kitty's gotta get wet</turn>
<turn mode="chat" speaker="lynn" end_time="11:12:40 AM" turn_no="384" dialog_act="" comm_act_type="" link_to="" pos="" pos_count="" pos_origin="" topic="" polarity="">yes, they sometimes do have to get wet</turn>
<turn mode="chat" speaker="luke" end_time="11:12:42 AM" turn_no="385" dialog_act="" comm_act_type="" link_to="" pos="" pos_count="" pos_origin="" topic="" polarity="">lol yea it works</turn>
<turn mode="chat" speaker="ariel" end_time="11:13:29 AM" turn_no="386" dialog_act="" comm_act_type="" link_to="" pos="" pos_count="" pos_origin="" topic="" polarity="">so anyway i just want to get this narrowed down a bit can everyone say their TOP pick so we know who we are eliminating?</turn>
<turn mode="chat" speaker="lynn" end_time="11:13:57 AM" turn_no="387" dialog_act="" comm_act_type="" link_to="" pos="" pos_count="" pos_origin="" topic="" polarity="">evan is my top choice</turn>
<turn mode="chat" speaker="ariel" end_time="11:14:04 AM" turn_no="388" dialog_act="" comm_act_type="" link_to="" pos="" pos_count="" pos_origin="" topic="" polarity="">ryan is mine</turn>
<turn mode="chat" speaker="judith" end_time="11:14:21 AM" turn_no="389" dialog_act="" comm_act_type="" link_to="" pos="" pos_count="" pos_origin="" topic="" polarity="">evan id say</turn>
<turn mode="chat" speaker="luke" end_time="11:14:24 AM" turn_no="390" dialog_act="" comm_act_type="" link_to="" pos="" pos_count="" pos_origin="" topic="" polarity="">i think i would pick evan too</turn>
<turn mode="chat" speaker="ted" end_time="11:14:57 AM" turn_no="391" dialog_act="" comm_act_type="" link_to="" pos="" pos_count="" pos_origin="" topic="" polarity="">i would pick evan, then sandra</turn>
<turn mode="chat" speaker="ariel" end_time="11:15:04 AM" turn_no="392" dialog_act="" comm_act_type="" link_to="" pos="" pos_count="" pos_origin="" topic="" polarity="">melany?</turn>
<turn mode="chat" speaker="ariel" end_time="11:15:22 AM" turn_no="393" dialog_act="" comm_act_type="" link_to="" pos="" pos_count="" pos_origin="" topic="" polarity="">*poke*</turn>
<turn mode="chat" speaker="melany" end_time="11:15:27 AM" turn_no="394" dialog_act="" comm_act_type="" link_to="" pos="" pos_count="" pos_origin="" topic="" polarity="">sorrry</turn>
<turn mode="chat" speaker="melany" end_time="11:15:29 AM" turn_no="395" dialog_act="" comm_act_type="" link_to="" pos="" pos_count="" pos_origin="" topic="" polarity="">evan</turn>
<turn mode="chat" speaker="ariel" end_time="11:15:34 AM" turn_no="396" dialog_act="" comm_act_type="" link_to="" pos="" pos_count="" pos_origin="" topic="" polarity="">bah</turn>
<turn mode="chat" speaker="ariel" end_time="11:15:37 AM" turn_no="397" dialog_act="" comm_act_type="" link_to="" pos="" pos_count="" pos_origin="" topic="" polarity="">fine even it is</turn>
<turn mode="chat" speaker="ariel" end_time="11:15:46 AM" turn_no="398" dialog_act="" comm_act_type="" link_to="" pos="" pos_count="" pos_origin="" topic="" polarity="">ok all done lol</turn>
<turn mode="chat" speaker="luke" end_time="11:16:32 AM" turn_no="399" dialog_act="" comm_act_type="" link_to="" pos="" pos_count="" pos_origin="" topic="" polarity="">nicee</turn>
<turn mode="chat" speaker="ted" end_time="11:16:44 AM" turn_no="400" dialog_act="" comm_act_type="" link_to="" pos="" pos_count="" pos_origin="" topic="" polarity="">well</turn>
<turn mode="chat" speaker="ted" end_time="11:17:07 AM" turn_no="401" dialog_act="" comm_act_type="" link_to="" pos="" pos_count="" pos_origin="" topic="" polarity="">Evan, going once, going twice, ......</turn>
<turn mode="chat" speaker="judith" end_time="11:17:11 AM" turn_no="402" dialog_act="" comm_act_type="" link_to="" pos="" pos_count="" pos_origin="" topic="" polarity="">evan!</turn>
<turn mode="chat" speaker="lynn" end_time="11:17:13 AM" turn_no="403" dialog_act="" comm_act_type="" link_to="" pos="" pos_count="" pos_origin="" topic="" polarity="">sold</turn>
<turn mode="chat" speaker="ariel" end_time="11:17:14 AM" turn_no="404" dialog_act="" comm_act_type="" link_to="" pos="" pos_count="" pos_origin="" topic="" polarity="">sold?</turn>
<turn mode="chat" speaker="ted" end_time="11:17:21 AM" turn_no="405" dialog_act="" comm_act_type="" link_to="" pos="" pos_count="" pos_origin="" topic="" polarity="">hired?</turn>
<turn mode="chat" speaker="lynn" end_time="11:17:54 AM" turn_no="406" dialog_act="" comm_act_type="" link_to="" pos="" pos_count="" pos_origin="" topic="" polarity="">well, we just have to choose the top candidate. the rest is up to them</turn>
<turn mode="chat" speaker="melany" end_time="11:18:17 AM" turn_no="407" dialog_act="" comm_act_type="" link_to="" pos="" pos_count="" pos_origin="" topic="" polarity="">i agree with evan</turn>
<turn mode="chat" speaker="melany" end_time="11:18:22 AM" turn_no="408" dialog_act="" comm_act_type="" link_to="" pos="" pos_count="" pos_origin="" topic="" polarity="">i agree on evan*</turn>
<turn mode="chat" speaker="lynn" end_time="11:18:33 AM" turn_no="409" dialog_act="" comm_act_type="" link_to="" pos="" pos_count="" pos_origin="" topic="" polarity="">me too</turn>
<turn mode="chat" speaker="ted" end_time="11:18:55 AM" turn_no="410" dialog_act="" comm_act_type="" link_to="" pos="" pos_count="" pos_origin="" topic="" polarity="">cool, i thought we were not going to concur</turn>
<turn mode="chat" speaker="lynn" end_time="11:19:05 AM" turn_no="411" dialog_act="" comm_act_type="" link_to="" pos="" pos_count="" pos_origin="" topic="" polarity="">maybe we should have picked the cat</turn>
<turn mode="chat" speaker="judith" end_time="11:19:12 AM" turn_no="412" dialog_act="" comm_act_type="" link_to="" pos="" pos_count="" pos_origin="" topic="" polarity="">hahaha</turn>
<turn mode="chat" speaker="melany" end_time="11:19:13 AM" turn_no="413" dialog_act="" comm_act_type="" link_to="" pos="" pos_count="" pos_origin="" topic="" polarity="">hahaha</turn>
<turn mode="chat" speaker="ariel" end_time="11:19:16 AM" turn_no="414" dialog_act="" comm_act_type="" link_to="" pos="" pos_count="" pos_origin="" topic="" polarity="">lol</turn>
<turn mode="chat" speaker="ted" end_time="11:19:32 AM" turn_no="415" dialog_act="" comm_act_type="" link_to="" pos="" pos_count="" pos_origin="" topic="" polarity="">made us LAUGH</turn>
<turn mode="chat" speaker="judith" end_time="11:19:38 AM" turn_no="416" dialog_act="" comm_act_type="" link_to="" pos="" pos_count="" pos_origin="" topic="" polarity="">i like that quality</turn>
<turn mode="chat" speaker="lynn" end_time="11:19:42 AM" turn_no="417" dialog_act="" comm_act_type="" link_to="" pos="" pos_count="" pos_origin="" topic="" polarity="">good quality for an RA</turn>
<turn mode="chat" speaker="ariel" end_time="11:19:43 AM" turn_no="418" dialog_act="" comm_act_type="" link_to="" pos="" pos_count="" pos_origin="" topic="" polarity="">i would still stash ryans number and call him on a date after</turn>
<turn mode="chat" speaker="lynn" end_time="11:19:48 AM" turn_no="419" dialog_act="" comm_act_type="" link_to="" pos="" pos_count="" pos_origin="" topic="" polarity="">hehe</turn>
<turn mode="chat" speaker="ted" end_time="11:20:00 AM" turn_no="420" dialog_act="" comm_act_type="" link_to="" pos="" pos_count="" pos_origin="" topic="" polarity="">go for it</turn>
<turn mode="chat" speaker="ariel" end_time="11:20:21 AM" turn_no="421" dialog_act="" comm_act_type="" link_to="" pos="" pos_count="" pos_origin="" topic="" polarity="">i would except all this info is fake... but im saying if he were cute and i were interviewing lol</turn>
<turn mode="chat" speaker="judith" end_time="11:20:34 AM" turn_no="422" dialog_act="" comm_act_type="" link_to="" pos="" pos_count="" pos_origin="" topic="" polarity="">hahaha</turn>
<turn mode="chat" speaker="ted" end_time="11:21:17 AM" turn_no="423" dialog_act="" comm_act_type="" link_to="" pos="" pos_count="" pos_origin="" topic="" polarity="">yeah, lifeguard style... maybe some good looks</turn>
<turn mode="chat" speaker="moderator" end_time="11:21:28 AM" turn_no="424" dialog_act="" comm_act_type="" link_to="" pos="" pos_count="" pos_origin="" topic="" polarity="">Hey guys! As we near the end, I'd like to remind everyone to fill out the survey before you leave.</turn>
<turn mode="chat" speaker="luke" end_time="11:21:34 AM" turn_no="425" dialog_act="" comm_act_type="" link_to="" pos="" pos_count="" pos_origin="" topic="" polarity="">ookk</turn>
<turn mode="chat" speaker="moderator" end_time="11:21:37 AM" turn_no="426" dialog_act="" comm_act_type="" link_to="" pos="" pos_count="" pos_origin="" topic="" polarity="">link</turn>
<turn mode="chat" speaker="lynn" end_time="11:21:42 AM" turn_no="427" dialog_act="" comm_act_type="" link_to="" pos="" pos_count="" pos_origin="" topic="" polarity="">alright</turn>
<turn mode="chat" speaker="moderator" end_time="11:21:54 AM" turn_no="428" dialog_act="" comm_act_type="" link_to="" pos="" pos_count="" pos_origin="" topic="" polarity="">Thanks and enjoy the remainder of your weekend!</turn>
<turn mode="chat" speaker="ted" end_time="11:22:01 AM" turn_no="429" dialog_act="" comm_act_type="" link_to="" pos="" pos_count="" pos_origin="" topic="" polarity="">bye everyone</turn>
<turn mode="chat" speaker="lynn" end_time="11:22:01 AM" turn_no="430" dialog_act="" comm_act_type="" link_to="" pos="" pos_count="" pos_origin="" topic="" polarity="">thanks, everyone!</turn>
<turn mode="chat" speaker="lynn" end_time="11:22:06 AM" turn_no="431" dialog_act="" comm_act_type="" link_to="" pos="" pos_count="" pos_origin="" topic="" polarity="">bye</turn>
<turn mode="chat" speaker="luke" end_time="11:22:49 AM" turn_no="432" dialog_act="" comm_act_type="" link_to="" pos="" pos_count="" pos_origin="" topic="" polarity="">byee</turn>
<turn mode="chat" speaker="ariel" end_time="11:22:55 AM" turn_no="433" dialog_act="" comm_act_type="" link_to="" pos="" pos_count="" pos_origin="" topic="" polarity="">bye</turn>
<turn mode="chat" speaker="melany" end_time="11:24:22 AM" turn_no="434" dialog_act="" comm_act_type="" link_to="" pos="" pos_count="" pos_origin="" topic="" polarity="">thanks</turn>
</Dialogue>
