<?xml version="1.0" encoding="UTF-8" ?>
<Dialogue date="2010-03-07" >
<turn mode="chat" speaker="eva" end_time="09:58:51 AM" turn_no="1" dialog_act="" comm_act_type="" link_to="" pos="" pos_count="" pos_origin="" topic="" polarity="">hey hey the gang's all here!</turn>
<turn mode="chat" speaker="julie" end_time="09:59:08 AM" turn_no="2" dialog_act="" comm_act_type="" link_to="" pos="" pos_count="" pos_origin="" topic="" polarity="">heyy</turn>
<turn mode="chat" speaker="moderator" end_time="10:00:23 AM" turn_no="3" dialog_act="" comm_act_type="" link_to="" pos="" pos_count="" pos_origin="" topic="" polarity="">Good morning everyone!</turn>
<turn mode="chat" speaker="cinthia" end_time="10:00:29 AM" turn_no="4" dialog_act="" comm_act_type="" link_to="" pos="" pos_count="" pos_origin="" topic="" polarity="">morning!</turn>
<turn mode="chat" speaker="rebecca" end_time="10:00:35 AM" turn_no="5" dialog_act="" comm_act_type="" link_to="" pos="" pos_count="" pos_origin="" topic="" polarity="">hi</turn>
<turn mode="chat" speaker="moderator" end_time="10:00:59 AM" turn_no="6" dialog_act="" comm_act_type="" link_to="" pos="" pos_count="" pos_origin="" topic="" polarity="">We are ready to begin. link</turn>
<turn mode="chat" speaker="moderator" end_time="10:01:45 AM" turn_no="7" dialog_act="" comm_act_type="" link_to="" pos="" pos_count="" pos_origin="" topic="" polarity="">eva, would you mind leading today? You have to ensure that the discussion stays on track and that a consensus is reached.</turn>
<turn mode="chat" speaker="eva" end_time="10:01:51 AM" turn_no="8" dialog_act="" comm_act_type="" link_to="" pos="" pos_count="" pos_origin="" topic="" polarity="">I'll do my best</turn>
<turn mode="chat" speaker="moderator" end_time="10:02:01 AM" turn_no="9" dialog_act="" comm_act_type="" link_to="" pos="" pos_count="" pos_origin="" topic="" polarity="">Great, thanks!</turn>
<turn mode="chat" speaker="eva" end_time="10:02:10 AM" turn_no="10" dialog_act="" comm_act_type="" link_to="" pos="" pos_count="" pos_origin="" topic="" polarity="">shall we start?</turn>
<turn mode="chat" speaker="tony" end_time="10:02:22 AM" turn_no="11" dialog_act="" comm_act_type="" link_to="" pos="" pos_count="" pos_origin="" topic="" polarity="">sure</turn>
<turn mode="chat" speaker="eva" end_time="10:02:51 AM" turn_no="12" dialog_act="" comm_act_type="" link_to="" pos="" pos_count="" pos_origin="" topic="" polarity="">i was thinking it would be nice to try to something different - does anyone have a favorite candidate right off the bat, just based off instinct?</turn>
<turn mode="chat" speaker="cinthia" end_time="10:03:25 AM" turn_no="13" dialog_act="" comm_act_type="" link_to="" pos="" pos_count="" pos_origin="" topic="" polarity="">wat do u mean by instinct?</turn>
<turn mode="chat" speaker="eva" end_time="10:03:38 AM" turn_no="14" dialog_act="" comm_act_type="" link_to="" pos="" pos_count="" pos_origin="" topic="" polarity="">as in don't think about weighing pros and cons</turn>
<turn mode="chat" speaker="eva" end_time="10:03:48 AM" turn_no="15" dialog_act="" comm_act_type="" link_to="" pos="" pos_count="" pos_origin="" topic="" polarity="">just your initial reaction to the resumes and who you think you would want to hire</turn>
<turn mode="chat" speaker="cinthia" end_time="10:05:45 AM" turn_no="16" dialog_act="" comm_act_type="" link_to="" pos="" pos_count="" pos_origin="" topic="" polarity="">hold on i gotta read it</turn>
<turn mode="chat" speaker="eva" end_time="10:05:52 AM" turn_no="17" dialog_act="" comm_act_type="" link_to="" pos="" pos_count="" pos_origin="" topic="" polarity="">np it's long :-)</turn>
<turn mode="chat" speaker="cinthia" end_time="10:07:30 AM" turn_no="18" dialog_act="" comm_act_type="" link_to="" pos="" pos_count="" pos_origin="" topic="" polarity="">what does "in kind wage" mean</turn>
<turn mode="chat" speaker="eva" end_time="10:07:43 AM" turn_no="19" dialog_act="" comm_act_type="" link_to="" pos="" pos_count="" pos_origin="" topic="" polarity="">it means that instead of money, you trade your services</turn>
<turn mode="chat" speaker="eva" end_time="10:07:50 AM" turn_no="20" dialog_act="" comm_act_type="" link_to="" pos="" pos_count="" pos_origin="" topic="" polarity="">for something similar</turn>
<turn mode="chat" speaker="eva" end_time="10:08:02 AM" turn_no="21" dialog_act="" comm_act_type="" link_to="" pos="" pos_count="" pos_origin="" topic="" polarity="">so, you babysit someone's kid in exchange for them babysitting your dog</turn>
<turn mode="chat" speaker="cinthia" end_time="10:08:30 AM" turn_no="22" dialog_act="" comm_act_type="" link_to="" pos="" pos_count="" pos_origin="" topic="" polarity="">haha gotcha</turn>
<turn mode="chat" speaker="cinthia" end_time="10:09:09 AM" turn_no="23" dialog_act="" comm_act_type="" link_to="" pos="" pos_count="" pos_origin="" topic="" polarity="">penny doesnt sound bat right off the bat</turn>
<turn mode="chat" speaker="cinthia" end_time="10:09:28 AM" turn_no="24" dialog_act="" comm_act_type="" link_to="" pos="" pos_count="" pos_origin="" topic="" polarity="">with big brother big sister but it seems like she hasnt delt wiht colllege kids</turn>
<turn mode="chat" speaker="rebecca" end_time="10:09:58 AM" turn_no="25" dialog_act="" comm_act_type="" link_to="" pos="" pos_count="" pos_origin="" topic="" polarity="">yea.. i was thinking shes a possibility too... she has a lot of people skills</turn>
<turn mode="chat" speaker="cinthia" end_time="10:10:24 AM" turn_no="26" dialog_act="" comm_act_type="" link_to="" pos="" pos_count="" pos_origin="" topic="" polarity="">jade doesnt have any qualifications does he?</turn>
<turn mode="chat" speaker="julie" end_time="10:10:25 AM" turn_no="27" dialog_act="" comm_act_type="" link_to="" pos="" pos_count="" pos_origin="" topic="" polarity="">yea i think i like penny so far</turn>
<turn mode="chat" speaker="tony" end_time="10:10:31 AM" turn_no="28" dialog_act="" comm_act_type="" link_to="" pos="" pos_count="" pos_origin="" topic="" polarity="">is penny even a sophomore ?</turn>
<turn mode="chat" speaker="cinthia" end_time="10:10:39 AM" turn_no="29" dialog_act="" comm_act_type="" link_to="" pos="" pos_count="" pos_origin="" topic="" polarity="">yes she grads in 2012</turn>
<turn mode="chat" speaker="julie" end_time="10:11:01 AM" turn_no="30" dialog_act="" comm_act_type="" link_to="" pos="" pos_count="" pos_origin="" topic="" polarity="">shes a sohpmore and would be able to serve a good 4 semesters as a RA, and she has people skills</turn>
<turn mode="chat" speaker="caroline" end_time="10:11:23 AM" turn_no="31" dialog_act="" comm_act_type="" link_to="" pos="" pos_count="" pos_origin="" topic="" polarity="">i liked penny so far too</turn>
<turn mode="chat" speaker="rebecca" end_time="10:11:29 AM" turn_no="32" dialog_act="" comm_act_type="" link_to="" pos="" pos_count="" pos_origin="" topic="" polarity="">jade i feel like didnt even try to update his resume for this job either</turn>
<turn mode="chat" speaker="julie" end_time="10:11:49 AM" turn_no="33" dialog_act="" comm_act_type="" link_to="" pos="" pos_count="" pos_origin="" topic="" polarity="">i feel the same</turn>
<turn mode="chat" speaker="rebecca" end_time="10:11:51 AM" turn_no="34" dialog_act="" comm_act_type="" link_to="" pos="" pos_count="" pos_origin="" topic="" polarity="">like im sure he could have found something to make it fit the job description... but he didnt</turn>
<turn mode="chat" speaker="cinthia" end_time="10:11:58 AM" turn_no="35" dialog_act="" comm_act_type="" link_to="" pos="" pos_count="" pos_origin="" topic="" polarity="">he has kinda run a business i guess so thats good for being an RA</turn>
<turn mode="chat" speaker="eva" end_time="10:11:59 AM" turn_no="36" dialog_act="" comm_act_type="" link_to="" pos="" pos_count="" pos_origin="" topic="" polarity="">lol I think jade = girl</turn>
<turn mode="chat" speaker="rebecca" end_time="10:12:07 AM" turn_no="37" dialog_act="" comm_act_type="" link_to="" pos="" pos_count="" pos_origin="" topic="" polarity="">haha yea sorry</turn>
<turn mode="chat" speaker="caroline" end_time="10:12:24 AM" turn_no="38" dialog_act="" comm_act_type="" link_to="" pos="" pos_count="" pos_origin="" topic="" polarity="">haha yea it hink so too</turn>
<turn mode="chat" speaker="eva" end_time="10:12:37 AM" turn_no="39" dialog_act="" comm_act_type="" link_to="" pos="" pos_count="" pos_origin="" topic="" polarity="">so it sounds like penny is the one every immediately gravitated towards and jade is the one most people didn't like</turn>
<turn mode="chat" speaker="rebecca" end_time="10:13:40 AM" turn_no="40" dialog_act="" comm_act_type="" link_to="" pos="" pos_count="" pos_origin="" topic="" polarity="">sandra has camp counselor too</turn>
<turn mode="chat" speaker="tony" end_time="10:13:42 AM" turn_no="41" dialog_act="" comm_act_type="" link_to="" pos="" pos_count="" pos_origin="" topic="" polarity="">yea</turn>
<turn mode="chat" speaker="cinthia" end_time="10:13:47 AM" turn_no="42" dialog_act="" comm_act_type="" link_to="" pos="" pos_count="" pos_origin="" topic="" polarity="">the only experience ryan really has is a lifeguard</turn>
<turn mode="chat" speaker="caroline" end_time="10:13:54 AM" turn_no="43" dialog_act="" comm_act_type="" link_to="" pos="" pos_count="" pos_origin="" topic="" polarity="">i actually like sandra over penny</turn>
<turn mode="chat" speaker="eva" end_time="10:14:02 AM" turn_no="44" dialog_act="" comm_act_type="" link_to="" pos="" pos_count="" pos_origin="" topic="" polarity="">but Sandra's camp counselor experience is with 5-10 year olds</turn>
<turn mode="chat" speaker="eva" end_time="10:14:09 AM" turn_no="45" dialog_act="" comm_act_type="" link_to="" pos="" pos_count="" pos_origin="" topic="" polarity="">does that change anything or not matter?</turn>
<turn mode="chat" speaker="rebecca" end_time="10:14:21 AM" turn_no="46" dialog_act="" comm_act_type="" link_to="" pos="" pos_count="" pos_origin="" topic="" polarity="">and pennys is with dogs..</turn>
<turn mode="chat" speaker="cinthia" end_time="10:14:32 AM" turn_no="47" dialog_act="" comm_act_type="" link_to="" pos="" pos_count="" pos_origin="" topic="" polarity="">thats true</turn>
<turn mode="chat" speaker="caroline" end_time="10:14:32 AM" turn_no="48" dialog_act="" comm_act_type="" link_to="" pos="" pos_count="" pos_origin="" topic="" polarity="">yes but she was also involved in outreach programs, that could have been w/ older kids</turn>
<turn mode="chat" speaker="cinthia" end_time="10:14:42 AM" turn_no="49" dialog_act="" comm_act_type="" link_to="" pos="" pos_count="" pos_origin="" topic="" polarity="">i like sandra</turn>
<turn mode="chat" speaker="caroline" end_time="10:14:43 AM" turn_no="50" dialog_act="" comm_act_type="" link_to="" pos="" pos_count="" pos_origin="" topic="" polarity="">(sandra)</turn>
<turn mode="chat" speaker="eva" end_time="10:15:28 AM" turn_no="51" dialog_act="" comm_act_type="" link_to="" pos="" pos_count="" pos_origin="" topic="" polarity="">so..rebecca, julie vs cinthia and caroline</turn>
<turn mode="chat" speaker="rebecca" end_time="10:15:40 AM" turn_no="52" dialog_act="" comm_act_type="" link_to="" pos="" pos_count="" pos_origin="" topic="" polarity="">no id go with sandra</turn>
<turn mode="chat" speaker="rebecca" end_time="10:15:47 AM" turn_no="53" dialog_act="" comm_act_type="" link_to="" pos="" pos_count="" pos_origin="" topic="" polarity="">i hadnt made it that far yet lol</turn>
<turn mode="chat" speaker="eva" end_time="10:15:57 AM" turn_no="54" dialog_act="" comm_act_type="" link_to="" pos="" pos_count="" pos_origin="" topic="" polarity="">what made you change your mind?</turn>
<turn mode="chat" speaker="rebecca" end_time="10:16:22 AM" turn_no="55" dialog_act="" comm_act_type="" link_to="" pos="" pos_count="" pos_origin="" topic="" polarity="">sandra was working with actual organizations while penny was babysitting and pet sitting on her own</turn>
<turn mode="chat" speaker="eva" end_time="10:16:34 AM" turn_no="56" dialog_act="" comm_act_type="" link_to="" pos="" pos_count="" pos_origin="" topic="" polarity="">but what about Big Brothers/Big Sisters?</turn>
<turn mode="chat" speaker="eva" end_time="10:16:41 AM" turn_no="57" dialog_act="" comm_act_type="" link_to="" pos="" pos_count="" pos_origin="" topic="" polarity="">That's a pretty presitgious group for Penny</turn>
<turn mode="chat" speaker="rebecca" end_time="10:16:48 AM" turn_no="58" dialog_act="" comm_act_type="" link_to="" pos="" pos_count="" pos_origin="" topic="" polarity="">so sandra was definitely dealing with a larger group</turn>
<turn mode="chat" speaker="eva" end_time="10:16:52 AM" turn_no="59" dialog_act="" comm_act_type="" link_to="" pos="" pos_count="" pos_origin="" topic="" polarity="">no</turn>
<turn mode="chat" speaker="eva" end_time="10:16:55 AM" turn_no="60" dialog_act="" comm_act_type="" link_to="" pos="" pos_count="" pos_origin="" topic="" polarity="">Penny was the BB/BS</turn>
<turn mode="chat" speaker="eva" end_time="10:17:00 AM" turn_no="61" dialog_act="" comm_act_type="" link_to="" pos="" pos_count="" pos_origin="" topic="" polarity="">Sandra doesn't have that</turn>
<turn mode="chat" speaker="cinthia" end_time="10:17:19 AM" turn_no="62" dialog_act="" comm_act_type="" link_to="" pos="" pos_count="" pos_origin="" topic="" polarity="">big brother big sis works more with younger children too</turn>
<turn mode="chat" speaker="rebecca" end_time="10:17:21 AM" turn_no="63" dialog_act="" comm_act_type="" link_to="" pos="" pos_count="" pos_origin="" topic="" polarity="">big brother big sister is one on one</turn>
<turn mode="chat" speaker="rebecca" end_time="10:17:31 AM" turn_no="64" dialog_act="" comm_act_type="" link_to="" pos="" pos_count="" pos_origin="" topic="" polarity="">where camp is a group setting</turn>
<turn mode="chat" speaker="eva" end_time="10:17:39 AM" turn_no="65" dialog_act="" comm_act_type="" link_to="" pos="" pos_count="" pos_origin="" topic="" polarity="">right...do RAs only work in group settings?</turn>
<turn mode="chat" speaker="eva" end_time="10:17:45 AM" turn_no="66" dialog_act="" comm_act_type="" link_to="" pos="" pos_count="" pos_origin="" topic="" polarity="">or in both group and one-on-one</turn>
<turn mode="chat" speaker="tony" end_time="10:17:52 AM" turn_no="67" dialog_act="" comm_act_type="" link_to="" pos="" pos_count="" pos_origin="" topic="" polarity="">both</turn>
<turn mode="chat" speaker="rebecca" end_time="10:17:52 AM" turn_no="68" dialog_act="" comm_act_type="" link_to="" pos="" pos_count="" pos_origin="" topic="" polarity="">so do camp counselors</turn>
<turn mode="chat" speaker="eva" end_time="10:17:53 AM" turn_no="69" dialog_act="" comm_act_type="" link_to="" pos="" pos_count="" pos_origin="" topic="" polarity="">think of your own RAs, if you had one</turn>
<turn mode="chat" speaker="eva" end_time="10:18:01 AM" turn_no="70" dialog_act="" comm_act_type="" link_to="" pos="" pos_count="" pos_origin="" topic="" polarity="">and what you saw them for</turn>
<turn mode="chat" speaker="rebecca" end_time="10:18:16 AM" turn_no="71" dialog_act="" comm_act_type="" link_to="" pos="" pos_count="" pos_origin="" topic="" polarity="">im just saying camp counselors have to multitask more</turn>
<turn mode="chat" speaker="tony" end_time="10:18:19 AM" turn_no="72" dialog_act="" comm_act_type="" link_to="" pos="" pos_count="" pos_origin="" topic="" polarity="">i saw my RA like twice lol</turn>
<turn mode="chat" speaker="julie" end_time="10:18:50 AM" turn_no="73" dialog_act="" comm_act_type="" link_to="" pos="" pos_count="" pos_origin="" topic="" polarity="">i think penny has more work experience and has also worked for longer periods of time showing consistency</turn>
<turn mode="chat" speaker="caroline" end_time="10:18:51 AM" turn_no="74" dialog_act="" comm_act_type="" link_to="" pos="" pos_count="" pos_origin="" topic="" polarity="">that's a good point</turn>
<turn mode="chat" speaker="eva" end_time="10:19:09 AM" turn_no="75" dialog_act="" comm_act_type="" link_to="" pos="" pos_count="" pos_origin="" topic="" polarity="">let's say the work experience didn't matter since they both have a lot of that</turn>
<turn mode="chat" speaker="eva" end_time="10:19:13 AM" turn_no="76" dialog_act="" comm_act_type="" link_to="" pos="" pos_count="" pos_origin="" topic="" polarity="">would that change anything?</turn>
<turn mode="chat" speaker="julie" end_time="10:19:51 AM" turn_no="77" dialog_act="" comm_act_type="" link_to="" pos="" pos_count="" pos_origin="" topic="" polarity="">well she a psych major, so she has an interest in people</turn>
<turn mode="chat" speaker="julie" end_time="10:19:59 AM" turn_no="78" dialog_act="" comm_act_type="" link_to="" pos="" pos_count="" pos_origin="" topic="" polarity="">i guess which is good</turn>
<turn mode="chat" speaker="tony" end_time="10:20:17 AM" turn_no="79" dialog_act="" comm_act_type="" link_to="" pos="" pos_count="" pos_origin="" topic="" polarity="">i dont think the major matters</turn>
<turn mode="chat" speaker="julie" end_time="10:20:36 AM" turn_no="80" dialog_act="" comm_act_type="" link_to="" pos="" pos_count="" pos_origin="" topic="" polarity="">well if were not doing work experience</turn>
<turn mode="chat" speaker="caroline" end_time="10:20:36 AM" turn_no="81" dialog_act="" comm_act_type="" link_to="" pos="" pos_count="" pos_origin="" topic="" polarity="">she might defend it and say it does</turn>
<turn mode="chat" speaker="julie" end_time="10:20:39 AM" turn_no="82" dialog_act="" comm_act_type="" link_to="" pos="" pos_count="" pos_origin="" topic="" polarity="">idk</turn>
<turn mode="chat" speaker="tony" end_time="10:20:50 AM" turn_no="83" dialog_act="" comm_act_type="" link_to="" pos="" pos_count="" pos_origin="" topic="" polarity="">u have to have people skillls</turn>
<turn mode="chat" speaker="julie" end_time="10:20:57 AM" turn_no="84" dialog_act="" comm_act_type="" link_to="" pos="" pos_count="" pos_origin="" topic="" polarity="">yes</turn>
<turn mode="chat" speaker="eva" end_time="10:21:28 AM" turn_no="85" dialog_act="" comm_act_type="" link_to="" pos="" pos_count="" pos_origin="" topic="" polarity="">hrmmm...they really have similar backgrounds</turn>
<turn mode="chat" speaker="tony" end_time="10:21:33 AM" turn_no="86" dialog_act="" comm_act_type="" link_to="" pos="" pos_count="" pos_origin="" topic="" polarity="">i personally think anyone can be an RA as long as you can talk to people</turn>
<turn mode="chat" speaker="caroline" end_time="10:21:39 AM" turn_no="87" dialog_act="" comm_act_type="" link_to="" pos="" pos_count="" pos_origin="" topic="" polarity="">maybe she is a osych major and has had all these involvements thus far because she is gearing towards working w/ these people in a profession setting eventually, maybe she has a genuine interest in this</turn>
<turn mode="chat" speaker="eva" end_time="10:21:46 AM" turn_no="88" dialog_act="" comm_act_type="" link_to="" pos="" pos_count="" pos_origin="" topic="" polarity="">May 2012 grads, psych class, computer skills, tennis team</turn>
<turn mode="chat" speaker="eva" end_time="10:21:55 AM" turn_no="89" dialog_act="" comm_act_type="" link_to="" pos="" pos_count="" pos_origin="" topic="" polarity="">they're both really one for one</turn>
<turn mode="chat" speaker="julie" end_time="10:22:48 AM" turn_no="90" dialog_act="" comm_act_type="" link_to="" pos="" pos_count="" pos_origin="" topic="" polarity="">well penny has a better gpa</turn>
<turn mode="chat" speaker="julie" end_time="10:22:51 AM" turn_no="91" dialog_act="" comm_act_type="" link_to="" pos="" pos_count="" pos_origin="" topic="" polarity="">means shes smart</turn>
<turn mode="chat" speaker="cinthia" end_time="10:22:56 AM" turn_no="92" dialog_act="" comm_act_type="" link_to="" pos="" pos_count="" pos_origin="" topic="" polarity="">my friend was an RA n major didn't really have anything to do w</turn>
<turn mode="chat" speaker="rebecca" end_time="10:23:10 AM" turn_no="93" dialog_act="" comm_act_type="" link_to="" pos="" pos_count="" pos_origin="" topic="" polarity="">sandra doesnt have her gpa on hers</turn>
<turn mode="chat" speaker="julie" end_time="10:23:15 AM" turn_no="94" dialog_act="" comm_act_type="" link_to="" pos="" pos_count="" pos_origin="" topic="" polarity="">should shoe shes capable of handling school and a job</turn>
<turn mode="chat" speaker="rebecca" end_time="10:23:17 AM" turn_no="95" dialog_act="" comm_act_type="" link_to="" pos="" pos_count="" pos_origin="" topic="" polarity="">which probably isnt good</turn>
<turn mode="chat" speaker="julie" end_time="10:24:07 AM" turn_no="96" dialog_act="" comm_act_type="" link_to="" pos="" pos_count="" pos_origin="" topic="" polarity="">yes</turn>
<turn mode="chat" speaker="caroline" end_time="10:24:10 AM" turn_no="97" dialog_act="" comm_act_type="" link_to="" pos="" pos_count="" pos_origin="" topic="" polarity="">hah</turn>
<turn mode="chat" speaker="eva" end_time="10:25:58 AM" turn_no="98" dialog_act="" comm_act_type="" link_to="" pos="" pos_count="" pos_origin="" topic="" polarity="">any thoughts tony?</turn>
<turn mode="chat" speaker="caroline" end_time="10:26:25 AM" turn_no="99" dialog_act="" comm_act_type="" link_to="" pos="" pos_count="" pos_origin="" topic="" polarity="">i also like the fact that penny has the literacy program involvement</turn>
<turn mode="chat" speaker="caroline" end_time="10:26:35 AM" turn_no="100" dialog_act="" comm_act_type="" link_to="" pos="" pos_count="" pos_origin="" topic="" polarity="">although i'm not sure what that actually entails</turn>
<turn mode="chat" speaker="eva" end_time="10:26:46 AM" turn_no="101" dialog_act="" comm_act_type="" link_to="" pos="" pos_count="" pos_origin="" topic="" polarity="">help people read/learn</turn>
<turn mode="chat" speaker="julie" end_time="10:26:51 AM" turn_no="102" dialog_act="" comm_act_type="" link_to="" pos="" pos_count="" pos_origin="" topic="" polarity="">me too</turn>
<turn mode="chat" speaker="tony" end_time="10:27:22 AM" turn_no="103" dialog_act="" comm_act_type="" link_to="" pos="" pos_count="" pos_origin="" topic="" polarity="">umm idk im still tryin to figure it out lol</turn>
<turn mode="chat" speaker="cinthia" end_time="10:28:05 AM" turn_no="104" dialog_act="" comm_act_type="" link_to="" pos="" pos_count="" pos_origin="" topic="" polarity="">who is it between right now</turn>
<turn mode="chat" speaker="eva" end_time="10:28:15 AM" turn_no="105" dialog_act="" comm_act_type="" link_to="" pos="" pos_count="" pos_origin="" topic="" polarity="">still Penny and Sandra</turn>
<turn mode="chat" speaker="eva" end_time="10:28:26 AM" turn_no="106" dialog_act="" comm_act_type="" link_to="" pos="" pos_count="" pos_origin="" topic="" polarity="">people keep switching ^_^</turn>
<turn mode="chat" speaker="eva" end_time="10:28:49 AM" turn_no="107" dialog_act="" comm_act_type="" link_to="" pos="" pos_count="" pos_origin="" topic="" polarity="">and tony is apparently undecided</turn>
<turn mode="chat" speaker="tony" end_time="10:29:42 AM" turn_no="108" dialog_act="" comm_act_type="" link_to="" pos="" pos_count="" pos_origin="" topic="" polarity="">ill say penny or sandra</turn>
<turn mode="chat" speaker="eva" end_time="10:30:24 AM" turn_no="109" dialog_act="" comm_act_type="" link_to="" pos="" pos_count="" pos_origin="" topic="" polarity="">i'm in the same boat</turn>
<turn mode="chat" speaker="julie" end_time="10:30:57 AM" turn_no="110" dialog_act="" comm_act_type="" link_to="" pos="" pos_count="" pos_origin="" topic="" polarity="">same</turn>
<turn mode="chat" speaker="julie" end_time="10:31:06 AM" turn_no="111" dialog_act="" comm_act_type="" link_to="" pos="" pos_count="" pos_origin="" topic="" polarity="">penny for now though</turn>
<turn mode="chat" speaker="julie" end_time="10:31:40 AM" turn_no="112" dialog_act="" comm_act_type="" link_to="" pos="" pos_count="" pos_origin="" topic="" polarity="">luckily there is an hr to change my mind</turn>
<turn mode="chat" speaker="cinthia" end_time="10:32:06 AM" turn_no="113" dialog_act="" comm_act_type="" link_to="" pos="" pos_count="" pos_origin="" topic="" polarity="">y u like penny over sandra?</turn>
<turn mode="chat" speaker="cinthia" end_time="10:32:23 AM" turn_no="114" dialog_act="" comm_act_type="" link_to="" pos="" pos_count="" pos_origin="" topic="" polarity="">this thing wtont let me go back up n read</turn>
<turn mode="chat" speaker="julie" end_time="10:32:47 AM" turn_no="115" dialog_act="" comm_act_type="" link_to="" pos="" pos_count="" pos_origin="" topic="" polarity="">she has a better gpa, more work experience, plenty of people skills</turn>
<turn mode="chat" speaker="cinthia" end_time="10:35:06 AM" turn_no="116" dialog_act="" comm_act_type="" link_to="" pos="" pos_count="" pos_origin="" topic="" polarity="">gotcha</turn>
<turn mode="chat" speaker="julie" end_time="10:35:23 AM" turn_no="117" dialog_act="" comm_act_type="" link_to="" pos="" pos_count="" pos_origin="" topic="" polarity="">i still like the fact that she did big brothers/ big sisters</turn>
<turn mode="chat" speaker="caroline" end_time="10:35:29 AM" turn_no="118" dialog_act="" comm_act_type="" link_to="" pos="" pos_count="" pos_origin="" topic="" polarity="">i think the people skills are what's most important</turn>
<turn mode="chat" speaker="julie" end_time="10:35:40 AM" turn_no="119" dialog_act="" comm_act_type="" link_to="" pos="" pos_count="" pos_origin="" topic="" polarity="">i agree</turn>
<turn mode="chat" speaker="eva" end_time="10:36:05 AM" turn_no="120" dialog_act="" comm_act_type="" link_to="" pos="" pos_count="" pos_origin="" topic="" polarity="">i wish we had more info in that area</turn>
<turn mode="chat" speaker="eva" end_time="10:36:18 AM" turn_no="121" dialog_act="" comm_act_type="" link_to="" pos="" pos_count="" pos_origin="" topic="" polarity="">the resumes seem...a bit short</turn>
<turn mode="chat" speaker="caroline" end_time="10:36:39 AM" turn_no="122" dialog_act="" comm_act_type="" link_to="" pos="" pos_count="" pos_origin="" topic="" polarity="">yea in a normal resume there would likely be some more expansion on these important points</turn>
<turn mode="chat" speaker="julie" end_time="10:36:50 AM" turn_no="123" dialog_act="" comm_act_type="" link_to="" pos="" pos_count="" pos_origin="" topic="" polarity="">i agree... i feel like the job descriptions werent really included</turn>
<turn mode="chat" speaker="rebecca" end_time="10:36:58 AM" turn_no="124" dialog_act="" comm_act_type="" link_to="" pos="" pos_count="" pos_origin="" topic="" polarity="">yea</turn>
<turn mode="chat" speaker="tony" end_time="10:38:19 AM" turn_no="125" dialog_act="" comm_act_type="" link_to="" pos="" pos_count="" pos_origin="" topic="" polarity="">im gunna throw this out there but what about evan or ryan</turn>
<turn mode="chat" speaker="eva" end_time="10:38:25 AM" turn_no="126" dialog_act="" comm_act_type="" link_to="" pos="" pos_count="" pos_origin="" topic="" polarity="">hahaha</turn>
<turn mode="chat" speaker="eva" end_time="10:38:41 AM" turn_no="127" dialog_act="" comm_act_type="" link_to="" pos="" pos_count="" pos_origin="" topic="" polarity="">sadly this is how most companies work :-(</turn>
<turn mode="chat" speaker="eva" end_time="10:38:50 AM" turn_no="128" dialog_act="" comm_act_type="" link_to="" pos="" pos_count="" pos_origin="" topic="" polarity="">they sift through real quick and ignore a bunch :-(</turn>
<turn mode="chat" speaker="tony" end_time="10:38:53 AM" turn_no="129" dialog_act="" comm_act_type="" link_to="" pos="" pos_count="" pos_origin="" topic="" polarity="">the most important thing about bein an RA is saftey and communication and they both show this</turn>
<turn mode="chat" speaker="eva" end_time="10:38:57 AM" turn_no="130" dialog_act="" comm_act_type="" link_to="" pos="" pos_count="" pos_origin="" topic="" polarity="">but yeah...what about evan or ryan?</turn>
<turn mode="chat" speaker="cinthia" end_time="10:39:29 AM" turn_no="131" dialog_act="" comm_act_type="" link_to="" pos="" pos_count="" pos_origin="" topic="" polarity="">evan seems qualified already worked for UA</turn>
<turn mode="chat" speaker="caroline" end_time="10:39:52 AM" turn_no="132" dialog_act="" comm_act_type="" link_to="" pos="" pos_count="" pos_origin="" topic="" polarity="">where do you see communication from ryan?</turn>
<turn mode="chat" speaker="tony" end_time="10:40:14 AM" turn_no="133" dialog_act="" comm_act_type="" link_to="" pos="" pos_count="" pos_origin="" topic="" polarity="">i just think all the others who hav experience being a camp counselor doesnt really matter cuz u are dealing with college kids not little kids</turn>
<turn mode="chat" speaker="rebecca" end_time="10:40:16 AM" turn_no="134" dialog_act="" comm_act_type="" link_to="" pos="" pos_count="" pos_origin="" topic="" polarity="">only with the swimming classes</turn>
<turn mode="chat" speaker="caroline" end_time="10:40:37 AM" turn_no="135" dialog_act="" comm_act_type="" link_to="" pos="" pos_count="" pos_origin="" topic="" polarity="">and where do you see safety w/ evan?</turn>
<turn mode="chat" speaker="cinthia" end_time="10:40:59 AM" turn_no="136" dialog_act="" comm_act_type="" link_to="" pos="" pos_count="" pos_origin="" topic="" polarity="">cpr certified</turn>
<turn mode="chat" speaker="tony" end_time="10:41:14 AM" turn_no="137" dialog_act="" comm_act_type="" link_to="" pos="" pos_count="" pos_origin="" topic="" polarity="">yea cpr</turn>
<turn mode="chat" speaker="rebecca" end_time="10:41:14 AM" turn_no="138" dialog_act="" comm_act_type="" link_to="" pos="" pos_count="" pos_origin="" topic="" polarity="">i think thats ryan</turn>
<turn mode="chat" speaker="caroline" end_time="10:41:15 AM" turn_no="139" dialog_act="" comm_act_type="" link_to="" pos="" pos_count="" pos_origin="" topic="" polarity="">oh ok i see it now</turn>
<turn mode="chat" speaker="tony" end_time="10:41:21 AM" turn_no="140" dialog_act="" comm_act_type="" link_to="" pos="" pos_count="" pos_origin="" topic="" polarity="">its both</turn>
<turn mode="chat" speaker="rebecca" end_time="10:41:23 AM" turn_no="141" dialog_act="" comm_act_type="" link_to="" pos="" pos_count="" pos_origin="" topic="" polarity="">ohh</turn>
<turn mode="chat" speaker="rebecca" end_time="10:41:24 AM" turn_no="142" dialog_act="" comm_act_type="" link_to="" pos="" pos_count="" pos_origin="" topic="" polarity="">i see</turn>
<turn mode="chat" speaker="julie" end_time="10:41:30 AM" turn_no="143" dialog_act="" comm_act_type="" link_to="" pos="" pos_count="" pos_origin="" topic="" polarity="">but he worked at a pool</turn>
<turn mode="chat" speaker="cinthia" end_time="10:41:30 AM" turn_no="144" dialog_act="" comm_act_type="" link_to="" pos="" pos_count="" pos_origin="" topic="" polarity="">and first aid</turn>
<turn mode="chat" speaker="tony" end_time="10:41:39 AM" turn_no="145" dialog_act="" comm_act_type="" link_to="" pos="" pos_count="" pos_origin="" topic="" polarity="">cuz u cant be a lifeguard without cpr training</turn>
<turn mode="chat" speaker="julie" end_time="10:41:39 AM" turn_no="146" dialog_act="" comm_act_type="" link_to="" pos="" pos_count="" pos_origin="" topic="" polarity="">that really doesnt show people skills</turn>
<turn mode="chat" speaker="tony" end_time="10:41:48 AM" turn_no="147" dialog_act="" comm_act_type="" link_to="" pos="" pos_count="" pos_origin="" topic="" polarity="">evan has people skills</turn>
<turn mode="chat" speaker="cinthia" end_time="10:41:53 AM" turn_no="148" dialog_act="" comm_act_type="" link_to="" pos="" pos_count="" pos_origin="" topic="" polarity="">he was a cashier and worked at the bookstore</turn>
<turn mode="chat" speaker="eva" end_time="10:41:55 AM" turn_no="149" dialog_act="" comm_act_type="" link_to="" pos="" pos_count="" pos_origin="" topic="" polarity="">well again...what did your RAs spend most of their time doing?</turn>
<turn mode="chat" speaker="eva" end_time="10:42:03 AM" turn_no="150" dialog_act="" comm_act_type="" link_to="" pos="" pos_count="" pos_origin="" topic="" polarity="">interacting? or just handling emergencies?</turn>
<turn mode="chat" speaker="cinthia" end_time="10:42:11 AM" turn_no="151" dialog_act="" comm_act_type="" link_to="" pos="" pos_count="" pos_origin="" topic="" polarity="">really... sitting in their rooms</turn>
<turn mode="chat" speaker="eva" end_time="10:42:16 AM" turn_no="152" dialog_act="" comm_act_type="" link_to="" pos="" pos_count="" pos_origin="" topic="" polarity="">mine just handled emergencies</turn>
<turn mode="chat" speaker="caroline" end_time="10:42:18 AM" turn_no="153" dialog_act="" comm_act_type="" link_to="" pos="" pos_count="" pos_origin="" topic="" polarity="">even has a really good gpa...might stand for something</turn>
<turn mode="chat" speaker="cinthia" end_time="10:42:19 AM" turn_no="154" dialog_act="" comm_act_type="" link_to="" pos="" pos_count="" pos_origin="" topic="" polarity="">haha my best friend is an RA</turn>
<turn mode="chat" speaker="julie" end_time="10:42:20 AM" turn_no="155" dialog_act="" comm_act_type="" link_to="" pos="" pos_count="" pos_origin="" topic="" polarity="">this is truw</turn>
<turn mode="chat" speaker="eva" end_time="10:42:39 AM" turn_no="156" dialog_act="" comm_act_type="" link_to="" pos="" pos_count="" pos_origin="" topic="" polarity="">i think i only asked for help getting into my room</turn>
<turn mode="chat" speaker="eva" end_time="10:42:45 AM" turn_no="157" dialog_act="" comm_act_type="" link_to="" pos="" pos_count="" pos_origin="" topic="" polarity="">or they saved some drunk student</turn>
<turn mode="chat" speaker="rebecca" end_time="10:43:00 AM" turn_no="158" dialog_act="" comm_act_type="" link_to="" pos="" pos_count="" pos_origin="" topic="" polarity="">they also have to have programs and stuff right</turn>
<turn mode="chat" speaker="cinthia" end_time="10:43:06 AM" turn_no="159" dialog_act="" comm_act_type="" link_to="" pos="" pos_count="" pos_origin="" topic="" polarity="">yeah... they honestly just help you get in your room, or get you in trouble for drugs n drinking</turn>
<turn mode="chat" speaker="caroline" end_time="10:43:09 AM" turn_no="160" dialog_act="" comm_act_type="" link_to="" pos="" pos_count="" pos_origin="" topic="" polarity="">has anyone else had any other experiences with their RAs?</turn>
<turn mode="chat" speaker="julie" end_time="10:43:10 AM" turn_no="161" dialog_act="" comm_act_type="" link_to="" pos="" pos_count="" pos_origin="" topic="" polarity="">well i think evan is better than ryan, he really has no experience.. any accomplishments he made were in hs</turn>
<turn mode="chat" speaker="julie" end_time="10:43:38 AM" turn_no="162" dialog_act="" comm_act_type="" link_to="" pos="" pos_count="" pos_origin="" topic="" polarity="">nope mines about the same</turn>
<turn mode="chat" speaker="tony" end_time="10:43:41 AM" turn_no="163" dialog_act="" comm_act_type="" link_to="" pos="" pos_count="" pos_origin="" topic="" polarity="">thats y im just saying they only need to be able to communicate and keep students safe</turn>
<turn mode="chat" speaker="cinthia" end_time="10:44:03 AM" turn_no="164" dialog_act="" comm_act_type="" link_to="" pos="" pos_count="" pos_origin="" topic="" polarity="">they have to do like two programs a year... my friend chose (clover designs) for st pattys last year</turn>
<turn mode="chat" speaker="caroline" end_time="10:44:05 AM" turn_no="165" dialog_act="" comm_act_type="" link_to="" pos="" pos_count="" pos_origin="" topic="" polarity="">yea i guess they're not really trying to be your best friend unless you luck out and get a really cool RA</turn>
<turn mode="chat" speaker="rebecca" end_time="10:44:37 AM" turn_no="166" dialog_act="" comm_act_type="" link_to="" pos="" pos_count="" pos_origin="" topic="" polarity="">thats how they are... but thats not what theyre supposed to do</turn>
<turn mode="chat" speaker="julie" end_time="10:44:41 AM" turn_no="167" dialog_act="" comm_act_type="" link_to="" pos="" pos_count="" pos_origin="" topic="" polarity="">i thought major doesnt matter</turn>
<turn mode="chat" speaker="cinthia" end_time="10:44:59 AM" turn_no="168" dialog_act="" comm_act_type="" link_to="" pos="" pos_count="" pos_origin="" topic="" polarity="">instead of people skills... we need to be foucsing who is really going to stand their ground from what is in their resume</turn>
<turn mode="chat" speaker="cinthia" end_time="10:45:06 AM" turn_no="169" dialog_act="" comm_act_type="" link_to="" pos="" pos_count="" pos_origin="" topic="" polarity="">they cant be pushovers</turn>
<turn mode="chat" speaker="julie" end_time="10:45:26 AM" turn_no="170" dialog_act="" comm_act_type="" link_to="" pos="" pos_count="" pos_origin="" topic="" polarity="">mmhmm</turn>
<turn mode="chat" speaker="tony" end_time="10:47:02 AM" turn_no="171" dialog_act="" comm_act_type="" link_to="" pos="" pos_count="" pos_origin="" topic="" polarity="">idk im kinda liking evan as well</turn>
<turn mode="chat" speaker="tony" end_time="10:47:22 AM" turn_no="172" dialog_act="" comm_act_type="" link_to="" pos="" pos_count="" pos_origin="" topic="" polarity="">he fits two of the main criteria</turn>
<turn mode="chat" speaker="tony" end_time="10:48:15 AM" turn_no="173" dialog_act="" comm_act_type="" link_to="" pos="" pos_count="" pos_origin="" topic="" polarity="">if u look at the responsibilities of the job he can fit all four</turn>
<turn mode="chat" speaker="eva" end_time="10:48:19 AM" turn_no="174" dialog_act="" comm_act_type="" link_to="" pos="" pos_count="" pos_origin="" topic="" polarity="">so it's Sandra vs Penny, Evan vs Ryan</turn>
<turn mode="chat" speaker="eva" end_time="10:48:31 AM" turn_no="175" dialog_act="" comm_act_type="" link_to="" pos="" pos_count="" pos_origin="" topic="" polarity="">we could this tournament style :-)</turn>
<turn mode="chat" speaker="julie" end_time="10:48:32 AM" turn_no="176" dialog_act="" comm_act_type="" link_to="" pos="" pos_count="" pos_origin="" topic="" polarity="">i like that he has cpr training</turn>
<turn mode="chat" speaker="eva" end_time="10:48:33 AM" turn_no="177" dialog_act="" comm_act_type="" link_to="" pos="" pos_count="" pos_origin="" topic="" polarity="">Final Four</turn>
<turn mode="chat" speaker="julie" end_time="10:48:43 AM" turn_no="178" dialog_act="" comm_act_type="" link_to="" pos="" pos_count="" pos_origin="" topic="" polarity="">but he is a junior</turn>
<turn mode="chat" speaker="julie" end_time="10:49:03 AM" turn_no="179" dialog_act="" comm_act_type="" link_to="" pos="" pos_count="" pos_origin="" topic="" polarity="">so he only serve 2 semesters as an RA</turn>
<turn mode="chat" speaker="tony" end_time="10:49:22 AM" turn_no="180" dialog_act="" comm_act_type="" link_to="" pos="" pos_count="" pos_origin="" topic="" polarity="">thats all they ask for</turn>
<turn mode="chat" speaker="julie" end_time="10:49:23 AM" turn_no="181" dialog_act="" comm_act_type="" link_to="" pos="" pos_count="" pos_origin="" topic="" polarity="">which is all you need, but still its better to start of earlier</turn>
<turn mode="chat" speaker="rebecca" end_time="10:49:39 AM" turn_no="182" dialog_act="" comm_act_type="" link_to="" pos="" pos_count="" pos_origin="" topic="" polarity="">well you dont want too early either</turn>
<turn mode="chat" speaker="julie" end_time="10:49:47 AM" turn_no="183" dialog_act="" comm_act_type="" link_to="" pos="" pos_count="" pos_origin="" topic="" polarity="">yes true</turn>
<turn mode="chat" speaker="caroline" end_time="10:49:49 AM" turn_no="184" dialog_act="" comm_act_type="" link_to="" pos="" pos_count="" pos_origin="" topic="" polarity="">and for empire i think it's different</turn>
<turn mode="chat" speaker="caroline" end_time="10:49:55 AM" turn_no="185" dialog_act="" comm_act_type="" link_to="" pos="" pos_count="" pos_origin="" topic="" polarity="">they expect those students to be older</turn>
<turn mode="chat" speaker="rebecca" end_time="10:49:57 AM" turn_no="186" dialog_act="" comm_act_type="" link_to="" pos="" pos_count="" pos_origin="" topic="" polarity="">yea</turn>
<turn mode="chat" speaker="caroline" end_time="10:50:07 AM" turn_no="187" dialog_act="" comm_act_type="" link_to="" pos="" pos_count="" pos_origin="" topic="" polarity="">you wouldn't want a sophmore in control for 21 year old people</turn>
<turn mode="chat" speaker="julie" end_time="10:50:16 AM" turn_no="188" dialog_act="" comm_act_type="" link_to="" pos="" pos_count="" pos_origin="" topic="" polarity="">but i think they expect them to also have experience on other quads</turn>
<turn mode="chat" speaker="tony" end_time="10:50:42 AM" turn_no="189" dialog_act="" comm_act_type="" link_to="" pos="" pos_count="" pos_origin="" topic="" polarity="">it doesnt say empire</turn>
<turn mode="chat" speaker="rebecca" end_time="10:50:51 AM" turn_no="190" dialog_act="" comm_act_type="" link_to="" pos="" pos_count="" pos_origin="" topic="" polarity="">on his resume</turn>
<turn mode="chat" speaker="caroline" end_time="10:51:00 AM" turn_no="191" dialog_act="" comm_act_type="" link_to="" pos="" pos_count="" pos_origin="" topic="" polarity="">i read it somwhere</turn>
<turn mode="chat" speaker="rebecca" end_time="10:51:08 AM" turn_no="192" dialog_act="" comm_act_type="" link_to="" pos="" pos_count="" pos_origin="" topic="" polarity="">his objective i think</turn>
<turn mode="chat" speaker="tony" end_time="10:51:22 AM" turn_no="193" dialog_act="" comm_act_type="" link_to="" pos="" pos_count="" pos_origin="" topic="" polarity="">not on evans</turn>
<turn mode="chat" speaker="caroline" end_time="10:51:24 AM" turn_no="194" dialog_act="" comm_act_type="" link_to="" pos="" pos_count="" pos_origin="" topic="" polarity="">oh yea on ryan's thanks</turn>
<turn mode="chat" speaker="caroline" end_time="10:51:34 AM" turn_no="195" dialog_act="" comm_act_type="" link_to="" pos="" pos_count="" pos_origin="" topic="" polarity="">i guess i thought i read it in the job description</turn>
<turn mode="chat" speaker="tony" end_time="10:52:42 AM" turn_no="196" dialog_act="" comm_act_type="" link_to="" pos="" pos_count="" pos_origin="" topic="" polarity="">evan has the most experience to teach students about college life and hw to get used to it</turn>
<turn mode="chat" speaker="rebecca" end_time="10:53:03 AM" turn_no="197" dialog_act="" comm_act_type="" link_to="" pos="" pos_count="" pos_origin="" topic="" polarity="">as in being a student the longest?</turn>
<turn mode="chat" speaker="tony" end_time="10:53:11 AM" turn_no="198" dialog_act="" comm_act_type="" link_to="" pos="" pos_count="" pos_origin="" topic="" polarity="">yea</turn>
<turn mode="chat" speaker="tony" end_time="10:53:14 AM" turn_no="199" dialog_act="" comm_act_type="" link_to="" pos="" pos_count="" pos_origin="" topic="" polarity="">most experience</turn>
<turn mode="chat" speaker="eva" end_time="10:53:34 AM" turn_no="200" dialog_act="" comm_act_type="" link_to="" pos="" pos_count="" pos_origin="" topic="" polarity="">hrmm...I'm not really familiar with the dorms</turn>
<turn mode="chat" speaker="caroline" end_time="10:53:41 AM" turn_no="201" dialog_act="" comm_act_type="" link_to="" pos="" pos_count="" pos_origin="" topic="" polarity="">sounds like he's very organized</turn>
<turn mode="chat" speaker="eva" end_time="10:53:43 AM" turn_no="202" dialog_act="" comm_act_type="" link_to="" pos="" pos_count="" pos_origin="" topic="" polarity="">would someone mind explaining which dorm serves which area?</turn>
<turn mode="chat" speaker="tony" end_time="10:53:46 AM" turn_no="203" dialog_act="" comm_act_type="" link_to="" pos="" pos_count="" pos_origin="" topic="" polarity="">and worked in the book store so he has interacted with other students and know more abut the school</turn>
<turn mode="chat" speaker="caroline" end_time="10:54:18 AM" turn_no="204" dialog_act="" comm_act_type="" link_to="" pos="" pos_count="" pos_origin="" topic="" polarity="">i guess he has to be good too to have moved up ranks in the bookstore</turn>
<turn mode="chat" speaker="caroline" end_time="10:54:31 AM" turn_no="205" dialog_act="" comm_act_type="" link_to="" pos="" pos_count="" pos_origin="" topic="" polarity="">what do you mean eva?</turn>
<turn mode="chat" speaker="eva" end_time="10:54:46 AM" turn_no="206" dialog_act="" comm_act_type="" link_to="" pos="" pos_count="" pos_origin="" topic="" polarity="">oh, I don't know which year students live in which dorms</turn>
<turn mode="chat" speaker="julie" end_time="10:54:55 AM" turn_no="207" dialog_act="" comm_act_type="" link_to="" pos="" pos_count="" pos_origin="" topic="" polarity="">hmm</turn>
<turn mode="chat" speaker="tony" end_time="10:55:00 AM" turn_no="208" dialog_act="" comm_act_type="" link_to="" pos="" pos_count="" pos_origin="" topic="" polarity="">the dorm rooms dont really mater cuz u dont kno which one ur gunna be put into</turn>
<turn mode="chat" speaker="tony" end_time="10:55:15 AM" turn_no="209" dialog_act="" comm_act_type="" link_to="" pos="" pos_count="" pos_origin="" topic="" polarity="">its doesnt say in the job description</turn>
<turn mode="chat" speaker="eva" end_time="10:55:37 AM" turn_no="210" dialog_act="" comm_act_type="" link_to="" pos="" pos_count="" pos_origin="" topic="" polarity="">i only ask because it was brought up</turn>
<turn mode="chat" speaker="tony" end_time="10:55:42 AM" turn_no="211" dialog_act="" comm_act_type="" link_to="" pos="" pos_count="" pos_origin="" topic="" polarity="">im gunna say evan for this one</turn>
<turn mode="chat" speaker="cinthia" end_time="10:55:45 AM" turn_no="212" dialog_act="" comm_act_type="" link_to="" pos="" pos_count="" pos_origin="" topic="" polarity="">and its usually only fresh n soph that live in dorm</turn>
<turn mode="chat" speaker="caroline" end_time="10:55:50 AM" turn_no="213" dialog_act="" comm_act_type="" link_to="" pos="" pos_count="" pos_origin="" topic="" polarity="">there are two freshman quads (dorms), two upperclassman, and two sets of upperclassman apartments (empire is one of them)</turn>
<turn mode="chat" speaker="eva" end_time="10:55:54 AM" turn_no="214" dialog_act="" comm_act_type="" link_to="" pos="" pos_count="" pos_origin="" topic="" polarity="">ah thanks</turn>
<turn mode="chat" speaker="eva" end_time="10:56:05 AM" turn_no="215" dialog_act="" comm_act_type="" link_to="" pos="" pos_count="" pos_origin="" topic="" polarity="">so an RA is most likely to deal with upperclassman</turn>
<turn mode="chat" speaker="eva" end_time="10:56:10 AM" turn_no="216" dialog_act="" comm_act_type="" link_to="" pos="" pos_count="" pos_origin="" topic="" polarity="">based on stats</turn>
<turn mode="chat" speaker="cinthia" end_time="10:56:16 AM" turn_no="217" dialog_act="" comm_act_type="" link_to="" pos="" pos_count="" pos_origin="" topic="" polarity="">no no lower classman</turn>
<turn mode="chat" speaker="julie" end_time="10:56:19 AM" turn_no="218" dialog_act="" comm_act_type="" link_to="" pos="" pos_count="" pos_origin="" topic="" polarity="">kk</turn>
<turn mode="chat" speaker="caroline" end_time="10:56:27 AM" turn_no="219" dialog_act="" comm_act_type="" link_to="" pos="" pos_count="" pos_origin="" topic="" polarity="">well it depends on where they are placed</turn>
<turn mode="chat" speaker="eva" end_time="10:56:31 AM" turn_no="220" dialog_act="" comm_act_type="" link_to="" pos="" pos_count="" pos_origin="" topic="" polarity="">hehe I'm confuse now</turn>
<turn mode="chat" speaker="tony" end_time="10:56:47 AM" turn_no="221" dialog_act="" comm_act_type="" link_to="" pos="" pos_count="" pos_origin="" topic="" polarity="">i wouldnt worry about the dorm situation</turn>
<turn mode="chat" speaker="caroline" end_time="10:56:50 AM" turn_no="222" dialog_act="" comm_act_type="" link_to="" pos="" pos_count="" pos_origin="" topic="" polarity="">if they're placed in the dorms/quads they will likely deal with lower classman</turn>
<turn mode="chat" speaker="eva" end_time="10:56:53 AM" turn_no="223" dialog_act="" comm_act_type="" link_to="" pos="" pos_count="" pos_origin="" topic="" polarity="">hey, mind if we take two quick polls?</turn>
<turn mode="chat" speaker="tony" end_time="10:57:00 AM" turn_no="224" dialog_act="" comm_act_type="" link_to="" pos="" pos_count="" pos_origin="" topic="" polarity="">k</turn>
<turn mode="chat" speaker="julie" end_time="10:57:02 AM" turn_no="225" dialog_act="" comm_act_type="" link_to="" pos="" pos_count="" pos_origin="" topic="" polarity="">ok</turn>
<turn mode="chat" speaker="eva" end_time="10:57:06 AM" turn_no="226" dialog_act="" comm_act_type="" link_to="" pos="" pos_count="" pos_origin="" topic="" polarity="">first: Sandra or Penny?</turn>
<turn mode="chat" speaker="julie" end_time="10:57:12 AM" turn_no="227" dialog_act="" comm_act_type="" link_to="" pos="" pos_count="" pos_origin="" topic="" polarity="">penny</turn>
<turn mode="chat" speaker="caroline" end_time="10:57:14 AM" turn_no="228" dialog_act="" comm_act_type="" link_to="" pos="" pos_count="" pos_origin="" topic="" polarity="">if this guy is placed on empire (an apartment) like he is aspiring to he will deal with juniors and senniroes</turn>
<turn mode="chat" speaker="rebecca" end_time="10:57:17 AM" turn_no="229" dialog_act="" comm_act_type="" link_to="" pos="" pos_count="" pos_origin="" topic="" polarity="">sandra</turn>
<turn mode="chat" speaker="cinthia" end_time="10:57:54 AM" turn_no="230" dialog_act="" comm_act_type="" link_to="" pos="" pos_count="" pos_origin="" topic="" polarity="">sandra</turn>
<turn mode="chat" speaker="tony" end_time="10:58:01 AM" turn_no="231" dialog_act="" comm_act_type="" link_to="" pos="" pos_count="" pos_origin="" topic="" polarity="">sandra</turn>
<turn mode="chat" speaker="tony" end_time="10:58:07 AM" turn_no="232" dialog_act="" comm_act_type="" link_to="" pos="" pos_count="" pos_origin="" topic="" polarity="">but evan all the way</turn>
<turn mode="chat" speaker="eva" end_time="10:58:14 AM" turn_no="233" dialog_act="" comm_act_type="" link_to="" pos="" pos_count="" pos_origin="" topic="" polarity="">hold on hold on :-)</turn>
<turn mode="chat" speaker="caroline" end_time="10:58:16 AM" turn_no="234" dialog_act="" comm_act_type="" link_to="" pos="" pos_count="" pos_origin="" topic="" polarity="">sandra</turn>
<turn mode="chat" speaker="eva" end_time="10:58:17 AM" turn_no="235" dialog_act="" comm_act_type="" link_to="" pos="" pos_count="" pos_origin="" topic="" polarity="">we'll get to Evan</turn>
<turn mode="chat" speaker="eva" end_time="10:58:21 AM" turn_no="236" dialog_act="" comm_act_type="" link_to="" pos="" pos_count="" pos_origin="" topic="" polarity="">ok, Sandra for the first</turn>
<turn mode="chat" speaker="eva" end_time="10:58:26 AM" turn_no="237" dialog_act="" comm_act_type="" link_to="" pos="" pos_count="" pos_origin="" topic="" polarity="">now, Evan or Ryan?</turn>
<turn mode="chat" speaker="julie" end_time="10:58:33 AM" turn_no="238" dialog_act="" comm_act_type="" link_to="" pos="" pos_count="" pos_origin="" topic="" polarity="">evan</turn>
<turn mode="chat" speaker="tony" end_time="10:58:39 AM" turn_no="239" dialog_act="" comm_act_type="" link_to="" pos="" pos_count="" pos_origin="" topic="" polarity="">evan</turn>
<turn mode="chat" speaker="rebecca" end_time="10:58:45 AM" turn_no="240" dialog_act="" comm_act_type="" link_to="" pos="" pos_count="" pos_origin="" topic="" polarity="">evan</turn>
<turn mode="chat" speaker="cinthia" end_time="10:58:57 AM" turn_no="241" dialog_act="" comm_act_type="" link_to="" pos="" pos_count="" pos_origin="" topic="" polarity="">evan</turn>
<turn mode="chat" speaker="cinthia" end_time="10:59:15 AM" turn_no="242" dialog_act="" comm_act_type="" link_to="" pos="" pos_count="" pos_origin="" topic="" polarity="">evan vs. sandra</turn>
<turn mode="chat" speaker="eva" end_time="10:59:17 AM" turn_no="243" dialog_act="" comm_act_type="" link_to="" pos="" pos_count="" pos_origin="" topic="" polarity="">yup!</turn>
<turn mode="chat" speaker="caroline" end_time="10:59:20 AM" turn_no="244" dialog_act="" comm_act_type="" link_to="" pos="" pos_count="" pos_origin="" topic="" polarity="">evan</turn>
<turn mode="chat" speaker="tony" end_time="10:59:21 AM" turn_no="245" dialog_act="" comm_act_type="" link_to="" pos="" pos_count="" pos_origin="" topic="" polarity="">evan</turn>
<turn mode="chat" speaker="julie" end_time="10:59:31 AM" turn_no="246" dialog_act="" comm_act_type="" link_to="" pos="" pos_count="" pos_origin="" topic="" polarity="">evan</turn>
<turn mode="chat" speaker="cinthia" end_time="10:59:55 AM" turn_no="247" dialog_act="" comm_act_type="" link_to="" pos="" pos_count="" pos_origin="" topic="" polarity="">evan</turn>
<turn mode="chat" speaker="julie" end_time="11:00:00 AM" turn_no="248" dialog_act="" comm_act_type="" link_to="" pos="" pos_count="" pos_origin="" topic="" polarity="">i wish there was more information</turn>
<turn mode="chat" speaker="eva" end_time="11:00:03 AM" turn_no="249" dialog_act="" comm_act_type="" link_to="" pos="" pos_count="" pos_origin="" topic="" polarity="">lol</turn>
<turn mode="chat" speaker="eva" end_time="11:00:04 AM" turn_no="250" dialog_act="" comm_act_type="" link_to="" pos="" pos_count="" pos_origin="" topic="" polarity="">same</turn>
<turn mode="chat" speaker="eva" end_time="11:00:13 AM" turn_no="251" dialog_act="" comm_act_type="" link_to="" pos="" pos_count="" pos_origin="" topic="" polarity="">sounds like Evan is our winner though</turn>
<turn mode="chat" speaker="tony" end_time="11:01:11 AM" turn_no="252" dialog_act="" comm_act_type="" link_to="" pos="" pos_count="" pos_origin="" topic="" polarity="">yea</turn>
<turn mode="chat" speaker="rebecca" end_time="11:01:47 AM" turn_no="253" dialog_act="" comm_act_type="" link_to="" pos="" pos_count="" pos_origin="" topic="" polarity="">still like 30 minutes...</turn>
<turn mode="chat" speaker="eva" end_time="11:01:54 AM" turn_no="254" dialog_act="" comm_act_type="" link_to="" pos="" pos_count="" pos_origin="" topic="" polarity="">hahaha</turn>
<turn mode="chat" speaker="eva" end_time="11:02:04 AM" turn_no="255" dialog_act="" comm_act_type="" link_to="" pos="" pos_count="" pos_origin="" topic="" polarity="">we were too efficient!</turn>
<turn mode="chat" speaker="julie" end_time="11:03:10 AM" turn_no="256" dialog_act="" comm_act_type="" link_to="" pos="" pos_count="" pos_origin="" topic="" polarity="">oo yes</turn>
<turn mode="chat" speaker="cinthia" end_time="11:05:04 AM" turn_no="257" dialog_act="" comm_act_type="" link_to="" pos="" pos_count="" pos_origin="" topic="" polarity="">well who do we not like</turn>
<turn mode="chat" speaker="julie" end_time="11:05:08 AM" turn_no="258" dialog_act="" comm_act_type="" link_to="" pos="" pos_count="" pos_origin="" topic="" polarity="">great chat?</turn>
<turn mode="chat" speaker="eva" end_time="11:05:14 AM" turn_no="259" dialog_act="" comm_act_type="" link_to="" pos="" pos_count="" pos_origin="" topic="" polarity="">i thought it was jade we didn't like</turn>
<turn mode="chat" speaker="eva" end_time="11:05:17 AM" turn_no="260" dialog_act="" comm_act_type="" link_to="" pos="" pos_count="" pos_origin="" topic="" polarity="">oh well</turn>
<turn mode="chat" speaker="eva" end_time="11:05:27 AM" turn_no="261" dialog_act="" comm_act_type="" link_to="" pos="" pos_count="" pos_origin="" topic="" polarity="">anyone got plans today?</turn>
<turn mode="chat" speaker="rebecca" end_time="11:05:30 AM" turn_no="262" dialog_act="" comm_act_type="" link_to="" pos="" pos_count="" pos_origin="" topic="" polarity="">yea definitely</turn>
<turn mode="chat" speaker="julie" end_time="11:05:34 AM" turn_no="263" dialog_act="" comm_act_type="" link_to="" pos="" pos_count="" pos_origin="" topic="" polarity="">sleep</turn>
<turn mode="chat" speaker="caroline" end_time="11:05:42 AM" turn_no="264" dialog_act="" comm_act_type="" link_to="" pos="" pos_count="" pos_origin="" topic="" polarity="">it's soooo nice out</turn>
<turn mode="chat" speaker="eva" end_time="11:06:38 AM" turn_no="265" dialog_act="" comm_act_type="" link_to="" pos="" pos_count="" pos_origin="" topic="" polarity="">i heard it's warm</turn>
<turn mode="chat" speaker="caroline" end_time="11:07:05 AM" turn_no="266" dialog_act="" comm_act_type="" link_to="" pos="" pos_count="" pos_origin="" topic="" polarity="">same as yesterday</turn>
<turn mode="chat" speaker="moderator" end_time="11:07:09 AM" turn_no="267" dialog_act="" comm_act_type="" link_to="" pos="" pos_count="" pos_origin="" topic="" polarity="">Hi guys, it looks like a consensus has been reached. I'm going to let you leave early. :-)</turn>
<turn mode="chat" speaker="tony" end_time="11:07:23 AM" turn_no="268" dialog_act="" comm_act_type="" link_to="" pos="" pos_count="" pos_origin="" topic="" polarity="">wonderful</turn>
<turn mode="chat" speaker="moderator" end_time="11:07:23 AM" turn_no="269" dialog_act="" comm_act_type="" link_to="" pos="" pos_count="" pos_origin="" topic="" polarity="">For being efficient!</turn>
<turn mode="chat" speaker="eva" end_time="11:07:33 AM" turn_no="270" dialog_act="" comm_act_type="" link_to="" pos="" pos_count="" pos_origin="" topic="" polarity="">wow!</turn>
<turn mode="chat" speaker="eva" end_time="11:07:39 AM" turn_no="271" dialog_act="" comm_act_type="" link_to="" pos="" pos_count="" pos_origin="" topic="" polarity="">*high fives around*</turn>
<turn mode="chat" speaker="cinthia" end_time="11:07:40 AM" turn_no="272" dialog_act="" comm_act_type="" link_to="" pos="" pos_count="" pos_origin="" topic="" polarity="">cool!</turn>
<turn mode="chat" speaker="moderator" end_time="11:07:57 AM" turn_no="273" dialog_act="" comm_act_type="" link_to="" pos="" pos_count="" pos_origin="" topic="" polarity="">Just remember to fill out the survey before you leave.</turn>
<turn mode="chat" speaker="moderator" end_time="11:07:58 AM" turn_no="274" dialog_act="" comm_act_type="" link_to="" pos="" pos_count="" pos_origin="" topic="" polarity="">link</turn>
<turn mode="chat" speaker="eva" end_time="11:08:19 AM" turn_no="275" dialog_act="" comm_act_type="" link_to="" pos="" pos_count="" pos_origin="" topic="" polarity="">sure thing</turn>
<turn mode="chat" speaker="moderator" end_time="11:08:39 AM" turn_no="276" dialog_act="" comm_act_type="" link_to="" pos="" pos_count="" pos_origin="" topic="" polarity="">Oh, and please remember to put your name in the survey.</turn>
<turn mode="chat" speaker="moderator" end_time="11:08:52 AM" turn_no="277" dialog_act="" comm_act_type="" link_to="" pos="" pos_count="" pos_origin="" topic="" polarity="">Enjoy the remainder of your weekend!</turn>
<turn mode="chat" speaker="eva" end_time="11:09:07 AM" turn_no="278" dialog_act="" comm_act_type="" link_to="" pos="" pos_count="" pos_origin="" topic="" polarity="">thanks!</turn>
<turn mode="chat" speaker="julie" end_time="11:09:28 AM" turn_no="279" dialog_act="" comm_act_type="" link_to="" pos="" pos_count="" pos_origin="" topic="" polarity="">thanks</turn>
<turn mode="chat" speaker="caroline" end_time="11:09:33 AM" turn_no="280" dialog_act="" comm_act_type="" link_to="" pos="" pos_count="" pos_origin="" topic="" polarity="">thanks</turn>
<turn mode="chat" speaker="tony" end_time="11:09:46 AM" turn_no="281" dialog_act="" comm_act_type="" link_to="" pos="" pos_count="" pos_origin="" topic="" polarity="">bye</turn>
<turn mode="chat" speaker="cinthia" end_time="11:09:57 AM" turn_no="282" dialog_act="" comm_act_type="" link_to="" pos="" pos_count="" pos_origin="" topic="" polarity="">bye!</turn>
</Dialogue>
