<?xml version="1.0" encoding="UTF-8" ?>
<Dialogue date="2010-03-11" >
<turn mode="chat" speaker="moderator" end_time="19:48:46 PM" turn_no="1" dialog_act="" comm_act_type="" link_to="" pos="" pos_count="" pos_origin="" topic="" polarity="">link</turn>
<turn mode="chat" speaker="cintihia" end_time="19:57:17 PM" turn_no="2" dialog_act="" comm_act_type="" link_to="" pos="" pos_count="" pos_origin="" topic="" polarity="">eva... i have a question.. did you ever work at nmfn for carl dicesare</turn>
<turn mode="chat" speaker="eva" end_time="20:00:04 PM" turn_no="3" dialog_act="" comm_act_type="" link_to="" pos="" pos_count="" pos_origin="" topic="" polarity="">who?</turn>
<turn mode="chat" speaker="cintihia" end_time="20:00:25 PM" turn_no="4" dialog_act="" comm_act_type="" link_to="" pos="" pos_count="" pos_origin="" topic="" polarity="">there used to be an old intern there named eva... guess its not you lol</turn>
<turn mode="chat" speaker="eva" end_time="20:00:46 PM" turn_no="5" dialog_act="" comm_act_type="" link_to="" pos="" pos_count="" pos_origin="" topic="" polarity="">haha guess not</turn>
<turn mode="chat" speaker="luke" end_time="20:04:22 PM" turn_no="6" dialog_act="" comm_act_type="" link_to="" pos="" pos_count="" pos_origin="" topic="" polarity="">helloo</turn>
<turn mode="chat" speaker="moderator" end_time="20:04:24 PM" turn_no="7" dialog_act="" comm_act_type="" link_to="" pos="" pos_count="" pos_origin="" topic="" polarity="">Hi guys, you may begin now.</turn>
<turn mode="chat" speaker="cintihia" end_time="20:04:32 PM" turn_no="8" dialog_act="" comm_act_type="" link_to="" pos="" pos_count="" pos_origin="" topic="" polarity="">hey luke</turn>
<turn mode="chat" speaker="moderator" end_time="20:04:45 PM" turn_no="9" dialog_act="" comm_act_type="" link_to="" pos="" pos_count="" pos_origin="" topic="" polarity="">Let's see, eva would you mind leading today?</turn>
<turn mode="chat" speaker="eva" end_time="20:04:56 PM" turn_no="10" dialog_act="" comm_act_type="" link_to="" pos="" pos_count="" pos_origin="" topic="" polarity="">um a little - I led at my last chat session</turn>
<turn mode="chat" speaker="eva" end_time="20:05:02 PM" turn_no="11" dialog_act="" comm_act_type="" link_to="" pos="" pos_count="" pos_origin="" topic="" polarity="">and it had cintihia and josh in it</turn>
<turn mode="chat" speaker="cintihia" end_time="20:05:13 PM" turn_no="12" dialog_act="" comm_act_type="" link_to="" pos="" pos_count="" pos_origin="" topic="" polarity="">ohh ya i remember</turn>
<turn mode="chat" speaker="moderator" end_time="20:05:16 PM" turn_no="13" dialog_act="" comm_act_type="" link_to="" pos="" pos_count="" pos_origin="" topic="" polarity="">Oh I see. Anyone want to volunteer?</turn>
<turn mode="chat" speaker="cintihia" end_time="20:05:20 PM" turn_no="14" dialog_act="" comm_act_type="" link_to="" pos="" pos_count="" pos_origin="" topic="" polarity="">ill ldead</turn>
<turn mode="chat" speaker="cintihia" end_time="20:05:23 PM" turn_no="15" dialog_act="" comm_act_type="" link_to="" pos="" pos_count="" pos_origin="" topic="" polarity="">lead*</turn>
<turn mode="chat" speaker="moderator" end_time="20:05:25 PM" turn_no="16" dialog_act="" comm_act_type="" link_to="" pos="" pos_count="" pos_origin="" topic="" polarity="">I guess each one of you has led once?</turn>
<turn mode="chat" speaker="moderator" end_time="20:05:31 PM" turn_no="17" dialog_act="" comm_act_type="" link_to="" pos="" pos_count="" pos_origin="" topic="" polarity="">Great, thanks cintihia!!</turn>
<turn mode="chat" speaker="cintihia" end_time="20:05:34 PM" turn_no="18" dialog_act="" comm_act_type="" link_to="" pos="" pos_count="" pos_origin="" topic="" polarity="">welcome :)</turn>
<turn mode="chat" speaker="eva" end_time="20:05:38 PM" turn_no="19" dialog_act="" comm_act_type="" link_to="" pos="" pos_count="" pos_origin="" topic="" polarity="">lead away!</turn>
<turn mode="chat" speaker="moderator" end_time="20:05:43 PM" turn_no="20" dialog_act="" comm_act_type="" link_to="" pos="" pos_count="" pos_origin="" topic="" polarity="">Ok, you may begin any time you're ready</turn>
<turn mode="chat" speaker="cintihia" end_time="20:05:46 PM" turn_no="21" dialog_act="" comm_act_type="" link_to="" pos="" pos_count="" pos_origin="" topic="" polarity="">alright guys has everyone read it?</turn>
<turn mode="chat" speaker="eva" end_time="20:06:04 PM" turn_no="22" dialog_act="" comm_act_type="" link_to="" pos="" pos_count="" pos_origin="" topic="" polarity="">vaguely</turn>
<turn mode="chat" speaker="eva" end_time="20:06:14 PM" turn_no="23" dialog_act="" comm_act_type="" link_to="" pos="" pos_count="" pos_origin="" topic="" polarity="">a little brainfried right now</turn>
<turn mode="chat" speaker="cintihia" end_time="20:06:29 PM" turn_no="24" dialog_act="" comm_act_type="" link_to="" pos="" pos_count="" pos_origin="" topic="" polarity="">ight im just gonna take a minute to read the first part again</turn>
<turn mode="chat" speaker="josh" end_time="20:06:29 PM" turn_no="25" dialog_act="" comm_act_type="" link_to="" pos="" pos_count="" pos_origin="" topic="" polarity="">nope</turn>
<turn mode="chat" speaker="cintihia" end_time="20:07:08 PM" turn_no="26" dialog_act="" comm_act_type="" link_to="" pos="" pos_count="" pos_origin="" topic="" polarity="">ok so basically... we have to decide how to distribute our tax dollars.. but we have to use 100% of them</turn>
<turn mode="chat" speaker="eva" end_time="20:07:31 PM" turn_no="27" dialog_act="" comm_act_type="" link_to="" pos="" pos_count="" pos_origin="" topic="" polarity="">they realy like to made it hard on us don't they ? ^_^'</turn>
<turn mode="chat" speaker="luke" end_time="20:07:36 PM" turn_no="28" dialog_act="" comm_act_type="" link_to="" pos="" pos_count="" pos_origin="" topic="" polarity="">are there any choices given i havent quite read it yet either</turn>
<turn mode="chat" speaker="cintihia" end_time="20:07:50 PM" turn_no="29" dialog_act="" comm_act_type="" link_to="" pos="" pos_count="" pos_origin="" topic="" polarity="">water and sewer</turn>
<turn mode="chat" speaker="cintihia" end_time="20:07:54 PM" turn_no="30" dialog_act="" comm_act_type="" link_to="" pos="" pos_count="" pos_origin="" topic="" polarity="">highways and road</turn>
<turn mode="chat" speaker="cintihia" end_time="20:08:02 PM" turn_no="31" dialog_act="" comm_act_type="" link_to="" pos="" pos_count="" pos_origin="" topic="" polarity="">refuse and recycling</turn>
<turn mode="chat" speaker="cintihia" end_time="20:08:05 PM" turn_no="32" dialog_act="" comm_act_type="" link_to="" pos="" pos_count="" pos_origin="" topic="" polarity="">public library system</turn>
<turn mode="chat" speaker="luke" end_time="20:08:10 PM" turn_no="33" dialog_act="" comm_act_type="" link_to="" pos="" pos_count="" pos_origin="" topic="" polarity="">kkkk</turn>
<turn mode="chat" speaker="cintihia" end_time="20:08:12 PM" turn_no="34" dialog_act="" comm_act_type="" link_to="" pos="" pos_count="" pos_origin="" topic="" polarity="">senior citizens services</turn>
<turn mode="chat" speaker="eva" end_time="20:08:40 PM" turn_no="35" dialog_act="" comm_act_type="" link_to="" pos="" pos_count="" pos_origin="" topic="" polarity="">haha, I know what I'm voting for!</turn>
<turn mode="chat" speaker="cintihia" end_time="20:09:12 PM" turn_no="36" dialog_act="" comm_act_type="" link_to="" pos="" pos_count="" pos_origin="" topic="" polarity="">well my question is... can we do like 20-20-20-20-20</turn>
<turn mode="chat" speaker="cintihia" end_time="20:09:18 PM" turn_no="37" dialog_act="" comm_act_type="" link_to="" pos="" pos_count="" pos_origin="" topic="" polarity="">is that how its going to work</turn>
<turn mode="chat" speaker="eva" end_time="20:09:24 PM" turn_no="38" dialog_act="" comm_act_type="" link_to="" pos="" pos_count="" pos_origin="" topic="" polarity="">seemed that way</turn>
<turn mode="chat" speaker="luke" end_time="20:09:37 PM" turn_no="39" dialog_act="" comm_act_type="" link_to="" pos="" pos_count="" pos_origin="" topic="" polarity="">lol that would be to easy i feel like</turn>
<turn mode="chat" speaker="cintihia" end_time="20:09:51 PM" turn_no="40" dialog_act="" comm_act_type="" link_to="" pos="" pos_count="" pos_origin="" topic="" polarity="">ya i know</turn>
<turn mode="chat" speaker="cintihia" end_time="20:10:35 PM" turn_no="41" dialog_act="" comm_act_type="" link_to="" pos="" pos_count="" pos_origin="" topic="" polarity="">i just read the water discription and it sounds like that pretty well managed</turn>
<turn mode="chat" speaker="luke" end_time="20:11:10 PM" turn_no="42" dialog_act="" comm_act_type="" link_to="" pos="" pos_count="" pos_origin="" topic="" polarity="">yeaa i think it would be also more important than the other choices</turn>
<turn mode="chat" speaker="eva" end_time="20:11:26 PM" turn_no="43" dialog_act="" comm_act_type="" link_to="" pos="" pos_count="" pos_origin="" topic="" polarity="">they all sound pretty well managed actually</turn>
<turn mode="chat" speaker="eva" end_time="20:11:30 PM" turn_no="44" dialog_act="" comm_act_type="" link_to="" pos="" pos_count="" pos_origin="" topic="" polarity="">no one seems to be falling apart</turn>
<turn mode="chat" speaker="cintihia" end_time="20:11:37 PM" turn_no="45" dialog_act="" comm_act_type="" link_to="" pos="" pos_count="" pos_origin="" topic="" polarity="">yeah exactly</turn>
<turn mode="chat" speaker="eva" end_time="20:11:59 PM" turn_no="46" dialog_act="" comm_act_type="" link_to="" pos="" pos_count="" pos_origin="" topic="" polarity="">i have a personal pet one I would prioritize but i don't think i could convince anyone else</turn>
<turn mode="chat" speaker="cintihia" end_time="20:12:12 PM" turn_no="47" dialog_act="" comm_act_type="" link_to="" pos="" pos_count="" pos_origin="" topic="" polarity="">i feel like highways and roads has alot of stuff in it</turn>
<turn mode="chat" speaker="cintihia" end_time="20:12:15 PM" turn_no="48" dialog_act="" comm_act_type="" link_to="" pos="" pos_count="" pos_origin="" topic="" polarity="">well try us girl</turn>
<turn mode="chat" speaker="moderator" end_time="20:12:49 PM" turn_no="49" dialog_act="" comm_act_type="" link_to="" pos="" pos_count="" pos_origin="" topic="" polarity="">Guys, just to clarify - the budget would also go towards Maintenance and Upkeep of already existing infrastructure.</turn>
<turn mode="chat" speaker="cintihia" end_time="20:13:03 PM" turn_no="50" dialog_act="" comm_act_type="" link_to="" pos="" pos_count="" pos_origin="" topic="" polarity="">alrighty</turn>
<turn mode="chat" speaker="josh" end_time="20:13:09 PM" turn_no="51" dialog_act="" comm_act_type="" link_to="" pos="" pos_count="" pos_origin="" topic="" polarity="">ok</turn>
<turn mode="chat" speaker="eva" end_time="20:13:22 PM" turn_no="52" dialog_act="" comm_act_type="" link_to="" pos="" pos_count="" pos_origin="" topic="" polarity="">my personal one is the public library system, mainly because I've had to look at a public library budget before, but also because it's becoming a new community center: homeless go there, senior citizens go there, teenagers get homework help there, job hunters use computers there, events/movies are hosted there</turn>
<turn mode="chat" speaker="eva" end_time="20:13:31 PM" turn_no="53" dialog_act="" comm_act_type="" link_to="" pos="" pos_count="" pos_origin="" topic="" polarity="">etc</turn>
<turn mode="chat" speaker="cintihia" end_time="20:13:44 PM" turn_no="54" dialog_act="" comm_act_type="" link_to="" pos="" pos_count="" pos_origin="" topic="" polarity="">ya thats true</turn>
<turn mode="chat" speaker="josh" end_time="20:13:52 PM" turn_no="55" dialog_act="" comm_act_type="" link_to="" pos="" pos_count="" pos_origin="" topic="" polarity="">good point</turn>
<turn mode="chat" speaker="eva" end_time="20:13:56 PM" turn_no="56" dialog_act="" comm_act_type="" link_to="" pos="" pos_count="" pos_origin="" topic="" polarity="">of course...i also don't know the size of this city</turn>
<turn mode="chat" speaker="luke" end_time="20:13:57 PM" turn_no="57" dialog_act="" comm_act_type="" link_to="" pos="" pos_count="" pos_origin="" topic="" polarity="">hmm yea</turn>
<turn mode="chat" speaker="cintihia" end_time="20:14:11 PM" turn_no="58" dialog_act="" comm_act_type="" link_to="" pos="" pos_count="" pos_origin="" topic="" polarity="">i think we are just saying albany</turn>
<turn mode="chat" speaker="eva" end_time="20:14:16 PM" turn_no="59" dialog_act="" comm_act_type="" link_to="" pos="" pos_count="" pos_origin="" topic="" polarity="">ah</turn>
<turn mode="chat" speaker="eva" end_time="20:14:18 PM" turn_no="60" dialog_act="" comm_act_type="" link_to="" pos="" pos_count="" pos_origin="" topic="" polarity="">that helps :-)</turn>
<turn mode="chat" speaker="cintihia" end_time="20:14:51 PM" turn_no="61" dialog_act="" comm_act_type="" link_to="" pos="" pos_count="" pos_origin="" topic="" polarity="">or if not lets just pretend</turn>
<turn mode="chat" speaker="cintihia" end_time="20:15:15 PM" turn_no="62" dialog_act="" comm_act_type="" link_to="" pos="" pos_count="" pos_origin="" topic="" polarity="">josh and luke what are you thinking</turn>
<turn mode="chat" speaker="luke" end_time="20:15:57 PM" turn_no="63" dialog_act="" comm_act_type="" link_to="" pos="" pos_count="" pos_origin="" topic="" polarity="">im thinking that the library is a good idea, but i feel like the water system would be really important for the future and maintaining certain things</turn>
<turn mode="chat" speaker="cintihia" end_time="20:16:13 PM" turn_no="64" dialog_act="" comm_act_type="" link_to="" pos="" pos_count="" pos_origin="" topic="" polarity="">ya thats true</turn>
<turn mode="chat" speaker="cintihia" end_time="20:16:18 PM" turn_no="65" dialog_act="" comm_act_type="" link_to="" pos="" pos_count="" pos_origin="" topic="" polarity="">josh</turn>
<turn mode="chat" speaker="josh" end_time="20:16:38 PM" turn_no="66" dialog_act="" comm_act_type="" link_to="" pos="" pos_count="" pos_origin="" topic="" polarity="">like for which one shuld get the most money?</turn>
<turn mode="chat" speaker="cintihia" end_time="20:16:53 PM" turn_no="67" dialog_act="" comm_act_type="" link_to="" pos="" pos_count="" pos_origin="" topic="" polarity="">yeah</turn>
<turn mode="chat" speaker="cintihia" end_time="20:17:05 PM" turn_no="68" dialog_act="" comm_act_type="" link_to="" pos="" pos_count="" pos_origin="" topic="" polarity="">i think all of them should at least get 10%</turn>
<turn mode="chat" speaker="josh" end_time="20:17:27 PM" turn_no="69" dialog_act="" comm_act_type="" link_to="" pos="" pos_count="" pos_origin="" topic="" polarity="">yea all of them shuld get a good amount</turn>
<turn mode="chat" speaker="josh" end_time="20:17:42 PM" turn_no="70" dialog_act="" comm_act_type="" link_to="" pos="" pos_count="" pos_origin="" topic="" polarity="">but water an sewer are most important</turn>
<turn mode="chat" speaker="cintihia" end_time="20:17:42 PM" turn_no="71" dialog_act="" comm_act_type="" link_to="" pos="" pos_count="" pos_origin="" topic="" polarity="">i like the senior citizens one too</turn>
<turn mode="chat" speaker="eva" end_time="20:17:57 PM" turn_no="72" dialog_act="" comm_act_type="" link_to="" pos="" pos_count="" pos_origin="" topic="" polarity="">sr. citizens do need help</turn>
<turn mode="chat" speaker="eva" end_time="20:18:05 PM" turn_no="73" dialog_act="" comm_act_type="" link_to="" pos="" pos_count="" pos_origin="" topic="" polarity="">services cost a lot of money for them</turn>
<turn mode="chat" speaker="cintihia" end_time="20:18:23 PM" turn_no="74" dialog_act="" comm_act_type="" link_to="" pos="" pos_count="" pos_origin="" topic="" polarity="">yeah one of my grandparents used things like that all the time</turn>
<turn mode="chat" speaker="cintihia" end_time="20:18:31 PM" turn_no="75" dialog_act="" comm_act_type="" link_to="" pos="" pos_count="" pos_origin="" topic="" polarity="">it really helped her out</turn>
<turn mode="chat" speaker="luke" end_time="20:18:47 PM" turn_no="76" dialog_act="" comm_act_type="" link_to="" pos="" pos_count="" pos_origin="" topic="" polarity="">yeaa thats true same here</turn>
<turn mode="chat" speaker="josh" end_time="20:19:02 PM" turn_no="77" dialog_act="" comm_act_type="" link_to="" pos="" pos_count="" pos_origin="" topic="" polarity="">well we can put more money towards 2 places</turn>
<turn mode="chat" speaker="josh" end_time="20:19:20 PM" turn_no="78" dialog_act="" comm_act_type="" link_to="" pos="" pos_count="" pos_origin="" topic="" polarity="">we shuld rank how important they r then distribute fro there</turn>
<turn mode="chat" speaker="cintihia" end_time="20:19:31 PM" turn_no="79" dialog_act="" comm_act_type="" link_to="" pos="" pos_count="" pos_origin="" topic="" polarity="">wait i thought we could give to all 5</turn>
<turn mode="chat" speaker="josh" end_time="20:19:47 PM" turn_no="80" dialog_act="" comm_act_type="" link_to="" pos="" pos_count="" pos_origin="" topic="" polarity="">yea we can</turn>
<turn mode="chat" speaker="cintihia" end_time="20:20:54 PM" turn_no="81" dialog_act="" comm_act_type="" link_to="" pos="" pos_count="" pos_origin="" topic="" polarity="">ight so what is everyones first choice</turn>
<turn mode="chat" speaker="josh" end_time="20:21:05 PM" turn_no="82" dialog_act="" comm_act_type="" link_to="" pos="" pos_count="" pos_origin="" topic="" polarity="">water</turn>
<turn mode="chat" speaker="cintihia" end_time="20:21:20 PM" turn_no="83" dialog_act="" comm_act_type="" link_to="" pos="" pos_count="" pos_origin="" topic="" polarity="">i say libraries</turn>
<turn mode="chat" speaker="eva" end_time="20:21:26 PM" turn_no="84" dialog_act="" comm_act_type="" link_to="" pos="" pos_count="" pos_origin="" topic="" polarity="">libraries</turn>
<turn mode="chat" speaker="cintihia" end_time="20:22:53 PM" turn_no="85" dialog_act="" comm_act_type="" link_to="" pos="" pos_count="" pos_origin="" topic="" polarity="">luke?</turn>
<turn mode="chat" speaker="luke" end_time="20:23:06 PM" turn_no="86" dialog_act="" comm_act_type="" link_to="" pos="" pos_count="" pos_origin="" topic="" polarity="">sry i was i n the other room</turn>
<turn mode="chat" speaker="luke" end_time="20:23:15 PM" turn_no="87" dialog_act="" comm_act_type="" link_to="" pos="" pos_count="" pos_origin="" topic="" polarity="">i say water as well</turn>
<turn mode="chat" speaker="cintihia" end_time="20:23:26 PM" turn_no="88" dialog_act="" comm_act_type="" link_to="" pos="" pos_count="" pos_origin="" topic="" polarity="">ok so we are tied</turn>
<turn mode="chat" speaker="eva" end_time="20:23:31 PM" turn_no="89" dialog_act="" comm_act_type="" link_to="" pos="" pos_count="" pos_origin="" topic="" polarity="">2 tied options</turn>
<turn mode="chat" speaker="eva" end_time="20:23:37 PM" turn_no="90" dialog_act="" comm_act_type="" link_to="" pos="" pos_count="" pos_origin="" topic="" polarity="">i guess look at the other 3 now?</turn>
<turn mode="chat" speaker="eva" end_time="20:23:42 PM" turn_no="91" dialog_act="" comm_act_type="" link_to="" pos="" pos_count="" pos_origin="" topic="" polarity="">or do we try to tie break?</turn>
<turn mode="chat" speaker="luke" end_time="20:24:01 PM" turn_no="92" dialog_act="" comm_act_type="" link_to="" pos="" pos_count="" pos_origin="" topic="" polarity="">well we could always put the same percent to them as a tie and the others get less</turn>
<turn mode="chat" speaker="cintihia" end_time="20:24:07 PM" turn_no="93" dialog_act="" comm_act_type="" link_to="" pos="" pos_count="" pos_origin="" topic="" polarity="">do we wanna distribute 30-20-15-10-5</turn>
<turn mode="chat" speaker="cintihia" end_time="20:24:19 PM" turn_no="94" dialog_act="" comm_act_type="" link_to="" pos="" pos_count="" pos_origin="" topic="" polarity="">woops</turn>
<turn mode="chat" speaker="cintihia" end_time="20:24:22 PM" turn_no="95" dialog_act="" comm_act_type="" link_to="" pos="" pos_count="" pos_origin="" topic="" polarity="">thats not right</turn>
<turn mode="chat" speaker="eva" end_time="20:24:34 PM" turn_no="96" dialog_act="" comm_act_type="" link_to="" pos="" pos_count="" pos_origin="" topic="" polarity="">25-25?</turn>
<turn mode="chat" speaker="cintihia" end_time="20:24:52 PM" turn_no="97" dialog_act="" comm_act_type="" link_to="" pos="" pos_count="" pos_origin="" topic="" polarity="">we could do that</turn>
<turn mode="chat" speaker="luke" end_time="20:25:06 PM" turn_no="98" dialog_act="" comm_act_type="" link_to="" pos="" pos_count="" pos_origin="" topic="" polarity="">yea</turn>
<turn mode="chat" speaker="cintihia" end_time="20:25:26 PM" turn_no="99" dialog_act="" comm_act_type="" link_to="" pos="" pos_count="" pos_origin="" topic="" polarity="">ok so water gets 25% and libraries get 2%</turn>
<turn mode="chat" speaker="cintihia" end_time="20:25:37 PM" turn_no="100" dialog_act="" comm_act_type="" link_to="" pos="" pos_count="" pos_origin="" topic="" polarity="">hey julie</turn>
<turn mode="chat" speaker="julie" end_time="20:25:44 PM" turn_no="101" dialog_act="" comm_act_type="" link_to="" pos="" pos_count="" pos_origin="" topic="" polarity="">heyy</turn>
<turn mode="chat" speaker="cintihia" end_time="20:26:06 PM" turn_no="102" dialog_act="" comm_act_type="" link_to="" pos="" pos_count="" pos_origin="" topic="" polarity="">we just decided water and libraries are most important and get 25% each of the budget</turn>
<turn mode="chat" speaker="julie" end_time="20:26:07 PM" turn_no="103" dialog_act="" comm_act_type="" link_to="" pos="" pos_count="" pos_origin="" topic="" polarity="">sorry my internet was down</turn>
<turn mode="chat" speaker="cintihia" end_time="20:26:14 PM" turn_no="104" dialog_act="" comm_act_type="" link_to="" pos="" pos_count="" pos_origin="" topic="" polarity="">no biggie</turn>
<turn mode="chat" speaker="eva" end_time="20:26:19 PM" turn_no="105" dialog_act="" comm_act_type="" link_to="" pos="" pos_count="" pos_origin="" topic="" polarity="">ooo another!</turn>
<turn mode="chat" speaker="julie" end_time="20:26:31 PM" turn_no="106" dialog_act="" comm_act_type="" link_to="" pos="" pos_count="" pos_origin="" topic="" polarity="">lol well i agree!</turn>
<turn mode="chat" speaker="irene" end_time="20:26:46 PM" turn_no="107" dialog_act="" comm_act_type="" link_to="" pos="" pos_count="" pos_origin="" topic="" polarity="">sorry i came in late</turn>
<turn mode="chat" speaker="cintihia" end_time="20:26:51 PM" turn_no="108" dialog_act="" comm_act_type="" link_to="" pos="" pos_count="" pos_origin="" topic="" polarity="">we are getting lots of visitors</turn>
<turn mode="chat" speaker="irene" end_time="20:26:55 PM" turn_no="109" dialog_act="" comm_act_type="" link_to="" pos="" pos_count="" pos_origin="" topic="" polarity="">this is a great topic</turn>
<turn mode="chat" speaker="irene" end_time="20:26:58 PM" turn_no="110" dialog_act="" comm_act_type="" link_to="" pos="" pos_count="" pos_origin="" topic="" polarity="">i wish i didn't forget to come in</turn>
<turn mode="chat" speaker="irene" end_time="20:27:06 PM" turn_no="111" dialog_act="" comm_act_type="" link_to="" pos="" pos_count="" pos_origin="" topic="" polarity="">i set my alarm before when i was napping but then i had dinner...</turn>
<turn mode="chat" speaker="irene" end_time="20:27:14 PM" turn_no="112" dialog_act="" comm_act_type="" link_to="" pos="" pos_count="" pos_origin="" topic="" polarity="">anyway what were all of your opinions</turn>
<turn mode="chat" speaker="cintihia" end_time="20:27:32 PM" turn_no="113" dialog_act="" comm_act_type="" link_to="" pos="" pos_count="" pos_origin="" topic="" polarity="">we just decided that water and libraries are the most important and each get 25% of the tax dollars</turn>
<turn mode="chat" speaker="irene" end_time="20:27:41 PM" turn_no="114" dialog_act="" comm_act_type="" link_to="" pos="" pos_count="" pos_origin="" topic="" polarity="">what</turn>
<turn mode="chat" speaker="irene" end_time="20:27:44 PM" turn_no="115" dialog_act="" comm_act_type="" link_to="" pos="" pos_count="" pos_origin="" topic="" polarity="">i thought we were talking about the world</turn>
<turn mode="chat" speaker="eva" end_time="20:27:59 PM" turn_no="116" dialog_act="" comm_act_type="" link_to="" pos="" pos_count="" pos_origin="" topic="" polarity="">did you mean to go to group B?</turn>
<turn mode="chat" speaker="cintihia" end_time="20:28:01 PM" turn_no="117" dialog_act="" comm_act_type="" link_to="" pos="" pos_count="" pos_origin="" topic="" polarity="">nope..</turn>
<turn mode="chat" speaker="irene" end_time="20:28:09 PM" turn_no="118" dialog_act="" comm_act_type="" link_to="" pos="" pos_count="" pos_origin="" topic="" polarity="">yeah i was group a</turn>
<turn mode="chat" speaker="irene" end_time="20:28:15 PM" turn_no="119" dialog_act="" comm_act_type="" link_to="" pos="" pos_count="" pos_origin="" topic="" polarity="">ohhh</turn>
<turn mode="chat" speaker="irene" end_time="20:28:29 PM" turn_no="120" dialog_act="" comm_act_type="" link_to="" pos="" pos_count="" pos_origin="" topic="" polarity="">are we discussing where in the world we'd like to live?</turn>
<turn mode="chat" speaker="irene" end_time="20:28:34 PM" turn_no="121" dialog_act="" comm_act_type="" link_to="" pos="" pos_count="" pos_origin="" topic="" polarity="">(in europe)</turn>
<turn mode="chat" speaker="josh" end_time="20:28:35 PM" turn_no="122" dialog_act="" comm_act_type="" link_to="" pos="" pos_count="" pos_origin="" topic="" polarity="">nope</turn>
<turn mode="chat" speaker="irene" end_time="20:28:37 PM" turn_no="123" dialog_act="" comm_act_type="" link_to="" pos="" pos_count="" pos_origin="" topic="" polarity="">really?</turn>
<turn mode="chat" speaker="cintihia" end_time="20:28:50 PM" turn_no="124" dialog_act="" comm_act_type="" link_to="" pos="" pos_count="" pos_origin="" topic="" polarity="">yeah... that was yesterdays discussion</turn>
<turn mode="chat" speaker="eva" end_time="20:28:53 PM" turn_no="125" dialog_act="" comm_act_type="" link_to="" pos="" pos_count="" pos_origin="" topic="" polarity="">ahaha</turn>
<turn mode="chat" speaker="luke" end_time="20:28:55 PM" turn_no="126" dialog_act="" comm_act_type="" link_to="" pos="" pos_count="" pos_origin="" topic="" polarity="">yea</turn>
<turn mode="chat" speaker="eva" end_time="20:28:55 PM" turn_no="127" dialog_act="" comm_act_type="" link_to="" pos="" pos_count="" pos_origin="" topic="" polarity="">ahhhh</turn>
<turn mode="chat" speaker="cintihia" end_time="20:29:24 PM" turn_no="128" dialog_act="" comm_act_type="" link_to="" pos="" pos_count="" pos_origin="" topic="" polarity="">alright back to the topic</turn>
<turn mode="chat" speaker="cintihia" end_time="20:30:03 PM" turn_no="129" dialog_act="" comm_act_type="" link_to="" pos="" pos_count="" pos_origin="" topic="" polarity="">what is the next most important thing</turn>
<turn mode="chat" speaker="josh" end_time="20:30:11 PM" turn_no="130" dialog_act="" comm_act_type="" link_to="" pos="" pos_count="" pos_origin="" topic="" polarity="">senior citizens</turn>
<turn mode="chat" speaker="josh" end_time="20:30:23 PM" turn_no="131" dialog_act="" comm_act_type="" link_to="" pos="" pos_count="" pos_origin="" topic="" polarity="">i say we give them 20%</turn>
<turn mode="chat" speaker="cintihia" end_time="20:30:44 PM" turn_no="132" dialog_act="" comm_act_type="" link_to="" pos="" pos_count="" pos_origin="" topic="" polarity="">i agree josh</turn>
<turn mode="chat" speaker="irene" end_time="20:30:47 PM" turn_no="133" dialog_act="" comm_act_type="" link_to="" pos="" pos_count="" pos_origin="" topic="" polarity="">oh i was emailed the wrong thing...</turn>
<turn mode="chat" speaker="cintihia" end_time="20:31:10 PM" turn_no="134" dialog_act="" comm_act_type="" link_to="" pos="" pos_count="" pos_origin="" topic="" polarity="">care is a very important thing</turn>
<turn mode="chat" speaker="cintihia" end_time="20:31:17 PM" turn_no="135" dialog_act="" comm_act_type="" link_to="" pos="" pos_count="" pos_origin="" topic="" polarity="">especially when theyre on there own</turn>
<turn mode="chat" speaker="eva" end_time="20:31:20 PM" turn_no="136" dialog_act="" comm_act_type="" link_to="" pos="" pos_count="" pos_origin="" topic="" polarity="">hrmm i do consider senior citizens important...although - does anyone else wish the roads in Albany were smoother?</turn>
<turn mode="chat" speaker="luke" end_time="20:31:21 PM" turn_no="137" dialog_act="" comm_act_type="" link_to="" pos="" pos_count="" pos_origin="" topic="" polarity="">treutrue</turn>
<turn mode="chat" speaker="moderator" end_time="20:31:24 PM" turn_no="138" dialog_act="" comm_act_type="" link_to="" pos="" pos_count="" pos_origin="" topic="" polarity="">Hi irene - your page may not have refreshed. That was yesterday's topic.</turn>
<turn mode="chat" speaker="irene" end_time="20:31:29 PM" turn_no="139" dialog_act="" comm_act_type="" link_to="" pos="" pos_count="" pos_origin="" topic="" polarity="">can someone send me the link</turn>
<turn mode="chat" speaker="cintihia" end_time="20:31:42 PM" turn_no="140" dialog_act="" comm_act_type="" link_to="" pos="" pos_count="" pos_origin="" topic="" polarity="">link</turn>
<turn mode="chat" speaker="irene" end_time="20:31:55 PM" turn_no="141" dialog_act="" comm_act_type="" link_to="" pos="" pos_count="" pos_origin="" topic="" polarity="">thanks</turn>
<turn mode="chat" speaker="irene" end_time="20:32:02 PM" turn_no="142" dialog_act="" comm_act_type="" link_to="" pos="" pos_count="" pos_origin="" topic="" polarity="">am i group a or b?</turn>
<turn mode="chat" speaker="moderator" end_time="20:32:06 PM" turn_no="143" dialog_act="" comm_act_type="" link_to="" pos="" pos_count="" pos_origin="" topic="" polarity="">Group A.</turn>
<turn mode="chat" speaker="irene" end_time="20:32:13 PM" turn_no="144" dialog_act="" comm_act_type="" link_to="" pos="" pos_count="" pos_origin="" topic="" polarity="">ok</turn>
<turn mode="chat" speaker="cintihia" end_time="20:32:34 PM" turn_no="145" dialog_act="" comm_act_type="" link_to="" pos="" pos_count="" pos_origin="" topic="" polarity="">i do wish that... but i think care is more important</turn>
<turn mode="chat" speaker="cintihia" end_time="20:33:02 PM" turn_no="146" dialog_act="" comm_act_type="" link_to="" pos="" pos_count="" pos_origin="" topic="" polarity="">we still have 30% left</turn>
<turn mode="chat" speaker="cintihia" end_time="20:33:39 PM" turn_no="147" dialog_act="" comm_act_type="" link_to="" pos="" pos_count="" pos_origin="" topic="" polarity="">if we say water 25% libraries 25% and seniors 20</turn>
<turn mode="chat" speaker="irene" end_time="20:33:45 PM" turn_no="148" dialog_act="" comm_act_type="" link_to="" pos="" pos_count="" pos_origin="" topic="" polarity="">well i'd say not #5</turn>
<turn mode="chat" speaker="irene" end_time="20:33:56 PM" turn_no="149" dialog_act="" comm_act_type="" link_to="" pos="" pos_count="" pos_origin="" topic="" polarity="">it says we have to distribute 100%</turn>
<turn mode="chat" speaker="eva" end_time="20:34:07 PM" turn_no="150" dialog_act="" comm_act_type="" link_to="" pos="" pos_count="" pos_origin="" topic="" polarity="">to all 5 places if we choose</turn>
<turn mode="chat" speaker="cintihia" end_time="20:34:38 PM" turn_no="151" dialog_act="" comm_act_type="" link_to="" pos="" pos_count="" pos_origin="" topic="" polarity="">we have already distributed 50 and r thinking about give 20% to senior services</turn>
<turn mode="chat" speaker="josh" end_time="20:34:48 PM" turn_no="152" dialog_act="" comm_act_type="" link_to="" pos="" pos_count="" pos_origin="" topic="" polarity="">i think thats good</turn>
<turn mode="chat" speaker="josh" end_time="20:34:57 PM" turn_no="153" dialog_act="" comm_act_type="" link_to="" pos="" pos_count="" pos_origin="" topic="" polarity="">then 15 and 15 to the others</turn>
<turn mode="chat" speaker="luke" end_time="20:35:09 PM" turn_no="154" dialog_act="" comm_act_type="" link_to="" pos="" pos_count="" pos_origin="" topic="" polarity="">yaa not a bad idea</turn>
<turn mode="chat" speaker="cintihia" end_time="20:35:10 PM" turn_no="155" dialog_act="" comm_act_type="" link_to="" pos="" pos_count="" pos_origin="" topic="" polarity="">yeah but were onyl half an hour thru</turn>
<turn mode="chat" speaker="irene" end_time="20:35:15 PM" turn_no="156" dialog_act="" comm_act_type="" link_to="" pos="" pos_count="" pos_origin="" topic="" polarity="">ohh</turn>
<turn mode="chat" speaker="luke" end_time="20:35:41 PM" turn_no="157" dialog_act="" comm_act_type="" link_to="" pos="" pos_count="" pos_origin="" topic="" polarity="">lol yeaa</turn>
<turn mode="chat" speaker="irene" end_time="20:35:47 PM" turn_no="158" dialog_act="" comm_act_type="" link_to="" pos="" pos_count="" pos_origin="" topic="" polarity="">ok now i get it</turn>
<turn mode="chat" speaker="luke" end_time="20:36:02 PM" turn_no="159" dialog_act="" comm_act_type="" link_to="" pos="" pos_count="" pos_origin="" topic="" polarity="">can we discuss how wed use the money in each one specificly>?</turn>
<turn mode="chat" speaker="cintihia" end_time="20:36:04 PM" turn_no="160" dialog_act="" comm_act_type="" link_to="" pos="" pos_count="" pos_origin="" topic="" polarity="">i think the federal government funds the highways so maybe that shouldg et the last of our tax</turn>
<turn mode="chat" speaker="irene" end_time="20:36:10 PM" turn_no="161" dialog_act="" comm_act_type="" link_to="" pos="" pos_count="" pos_origin="" topic="" polarity="">yeah</turn>
<turn mode="chat" speaker="cintihia" end_time="20:36:10 PM" turn_no="162" dialog_act="" comm_act_type="" link_to="" pos="" pos_count="" pos_origin="" topic="" polarity="">sure luke great idea</turn>
<turn mode="chat" speaker="cintihia" end_time="20:36:18 PM" turn_no="163" dialog_act="" comm_act_type="" link_to="" pos="" pos_count="" pos_origin="" topic="" polarity="">do u have any ideas?</turn>
<turn mode="chat" speaker="irene" end_time="20:36:24 PM" turn_no="164" dialog_act="" comm_act_type="" link_to="" pos="" pos_count="" pos_origin="" topic="" polarity="">i'm not sure yet</turn>
<turn mode="chat" speaker="luke" end_time="20:36:41 PM" turn_no="165" dialog_act="" comm_act_type="" link_to="" pos="" pos_count="" pos_origin="" topic="" polarity="">lol me neither</turn>
<turn mode="chat" speaker="irene" end_time="20:36:54 PM" turn_no="166" dialog_act="" comm_act_type="" link_to="" pos="" pos_count="" pos_origin="" topic="" polarity="">i mean 20% for each would make it equal and no one would complain</turn>
<turn mode="chat" speaker="irene" end_time="20:37:10 PM" turn_no="167" dialog_act="" comm_act_type="" link_to="" pos="" pos_count="" pos_origin="" topic="" polarity="">well they'd complain, but less</turn>
<turn mode="chat" speaker="josh" end_time="20:37:21 PM" turn_no="168" dialog_act="" comm_act_type="" link_to="" pos="" pos_count="" pos_origin="" topic="" polarity="">true</turn>
<turn mode="chat" speaker="josh" end_time="20:37:40 PM" turn_no="169" dialog_act="" comm_act_type="" link_to="" pos="" pos_count="" pos_origin="" topic="" polarity="">but some of the others deserve more money</turn>
<turn mode="chat" speaker="cintihia" end_time="20:37:49 PM" turn_no="170" dialog_act="" comm_act_type="" link_to="" pos="" pos_count="" pos_origin="" topic="" polarity="">exactly</turn>
<turn mode="chat" speaker="irene" end_time="20:38:26 PM" turn_no="171" dialog_act="" comm_act_type="" link_to="" pos="" pos_count="" pos_origin="" topic="" polarity="">yeah that's true</turn>
<turn mode="chat" speaker="luke" end_time="20:38:29 PM" turn_no="172" dialog_act="" comm_act_type="" link_to="" pos="" pos_count="" pos_origin="" topic="" polarity="">yea'</turn>
<turn mode="chat" speaker="cintihia" end_time="20:38:31 PM" turn_no="173" dialog_act="" comm_act_type="" link_to="" pos="" pos_count="" pos_origin="" topic="" polarity="">ok now that im thinking about it</turn>
<turn mode="chat" speaker="cintihia" end_time="20:38:57 PM" turn_no="174" dialog_act="" comm_act_type="" link_to="" pos="" pos_count="" pos_origin="" topic="" polarity="">maybe we should look at recycling more... i mean we r in a global warming warning</turn>
<turn mode="chat" speaker="irene" end_time="20:39:01 PM" turn_no="175" dialog_act="" comm_act_type="" link_to="" pos="" pos_count="" pos_origin="" topic="" polarity="">that's true</turn>
<turn mode="chat" speaker="irene" end_time="20:39:06 PM" turn_no="176" dialog_act="" comm_act_type="" link_to="" pos="" pos_count="" pos_origin="" topic="" polarity="">but one town won't do much lol</turn>
<turn mode="chat" speaker="irene" end_time="20:39:22 PM" turn_no="177" dialog_act="" comm_act_type="" link_to="" pos="" pos_count="" pos_origin="" topic="" polarity="">certain parts of the world refuse to be enivornmentally friendly unless the us pays</turn>
<turn mode="chat" speaker="irene" end_time="20:39:30 PM" turn_no="178" dialog_act="" comm_act_type="" link_to="" pos="" pos_count="" pos_origin="" topic="" polarity="">at least that's what i heard somewhere</turn>
<turn mode="chat" speaker="cintihia" end_time="20:39:48 PM" turn_no="179" dialog_act="" comm_act_type="" link_to="" pos="" pos_count="" pos_origin="" topic="" polarity="">ive never heard that</turn>
<turn mode="chat" speaker="irene" end_time="20:39:56 PM" turn_no="180" dialog_act="" comm_act_type="" link_to="" pos="" pos_count="" pos_origin="" topic="" polarity="">i forgot where i heard it</turn>
<turn mode="chat" speaker="cintihia" end_time="20:40:00 PM" turn_no="181" dialog_act="" comm_act_type="" link_to="" pos="" pos_count="" pos_origin="" topic="" polarity="">but if its true, we need to do everything we can</turn>
<turn mode="chat" speaker="irene" end_time="20:40:04 PM" turn_no="182" dialog_act="" comm_act_type="" link_to="" pos="" pos_count="" pos_origin="" topic="" polarity="">yeah that's true</turn>
<turn mode="chat" speaker="cintihia" end_time="20:41:06 PM" turn_no="183" dialog_act="" comm_act_type="" link_to="" pos="" pos_count="" pos_origin="" topic="" polarity="">then again... not everyone will recycle</turn>
<turn mode="chat" speaker="irene" end_time="20:41:13 PM" turn_no="184" dialog_act="" comm_act_type="" link_to="" pos="" pos_count="" pos_origin="" topic="" polarity="">yeah that's true</turn>
<turn mode="chat" speaker="eva" end_time="20:41:15 PM" turn_no="185" dialog_act="" comm_act_type="" link_to="" pos="" pos_count="" pos_origin="" topic="" polarity="">recycling bit is hard</turn>
<turn mode="chat" speaker="irene" end_time="20:41:18 PM" turn_no="186" dialog_act="" comm_act_type="" link_to="" pos="" pos_count="" pos_origin="" topic="" polarity="">yeah</turn>
<turn mode="chat" speaker="cintihia" end_time="20:41:18 PM" turn_no="187" dialog_act="" comm_act_type="" link_to="" pos="" pos_count="" pos_origin="" topic="" polarity="">if they have to put them in containers and wat not</turn>
<turn mode="chat" speaker="irene" end_time="20:41:22 PM" turn_no="188" dialog_act="" comm_act_type="" link_to="" pos="" pos_count="" pos_origin="" topic="" polarity="">it's actually expensive</turn>
<turn mode="chat" speaker="eva" end_time="20:41:22 PM" turn_no="189" dialog_act="" comm_act_type="" link_to="" pos="" pos_count="" pos_origin="" topic="" polarity="">i'm not even sure where to put it sometimes</turn>
<turn mode="chat" speaker="irene" end_time="20:41:28 PM" turn_no="190" dialog_act="" comm_act_type="" link_to="" pos="" pos_count="" pos_origin="" topic="" polarity="">my high school didn't have recycling because it cost too much</turn>
<turn mode="chat" speaker="luke" end_time="20:41:52 PM" turn_no="191" dialog_act="" comm_act_type="" link_to="" pos="" pos_count="" pos_origin="" topic="" polarity="">really?</turn>
<turn mode="chat" speaker="irene" end_time="20:41:55 PM" turn_no="192" dialog_act="" comm_act_type="" link_to="" pos="" pos_count="" pos_origin="" topic="" polarity="">yea\</turn>
<turn mode="chat" speaker="irene" end_time="20:42:19 PM" turn_no="193" dialog_act="" comm_act_type="" link_to="" pos="" pos_count="" pos_origin="" topic="" polarity="">and i'm from a middle-class neighborhood</turn>
<turn mode="chat" speaker="cintihia" end_time="20:42:27 PM" turn_no="194" dialog_act="" comm_act_type="" link_to="" pos="" pos_count="" pos_origin="" topic="" polarity="">how did they not have recycling</turn>
<turn mode="chat" speaker="irene" end_time="20:42:39 PM" turn_no="195" dialog_act="" comm_act_type="" link_to="" pos="" pos_count="" pos_origin="" topic="" polarity="">i mean the town did</turn>
<turn mode="chat" speaker="irene" end_time="20:42:40 PM" turn_no="196" dialog_act="" comm_act_type="" link_to="" pos="" pos_count="" pos_origin="" topic="" polarity="">but not the school</turn>
<turn mode="chat" speaker="cintihia" end_time="20:42:45 PM" turn_no="197" dialog_act="" comm_act_type="" link_to="" pos="" pos_count="" pos_origin="" topic="" polarity="">i worked at a school in downtown albany and they had recycling lol</turn>
<turn mode="chat" speaker="luke" end_time="20:42:58 PM" turn_no="198" dialog_act="" comm_act_type="" link_to="" pos="" pos_count="" pos_origin="" topic="" polarity="">interestingg</turn>
<turn mode="chat" speaker="luke" end_time="20:43:04 PM" turn_no="199" dialog_act="" comm_act_type="" link_to="" pos="" pos_count="" pos_origin="" topic="" polarity="">i guess its their own choice really</turn>
<turn mode="chat" speaker="josh" end_time="20:43:06 PM" turn_no="200" dialog_act="" comm_act_type="" link_to="" pos="" pos_count="" pos_origin="" topic="" polarity="">yea i never heard of that</turn>
<turn mode="chat" speaker="irene" end_time="20:43:16 PM" turn_no="201" dialog_act="" comm_act_type="" link_to="" pos="" pos_count="" pos_origin="" topic="" polarity="">i guess if we had more money it would help? but people still wouldn't recycle as often as they should</turn>
<turn mode="chat" speaker="irene" end_time="20:43:24 PM" turn_no="202" dialog_act="" comm_act_type="" link_to="" pos="" pos_count="" pos_origin="" topic="" polarity="">we'd have to teach kids at a young age how important recycling is</turn>
<turn mode="chat" speaker="eva" end_time="20:43:42 PM" turn_no="203" dialog_act="" comm_act_type="" link_to="" pos="" pos_count="" pos_origin="" topic="" polarity="">i think they try</turn>
<turn mode="chat" speaker="eva" end_time="20:43:46 PM" turn_no="204" dialog_act="" comm_act_type="" link_to="" pos="" pos_count="" pos_origin="" topic="" polarity="">but there's more adults than children</turn>
<turn mode="chat" speaker="cintihia" end_time="20:43:47 PM" turn_no="205" dialog_act="" comm_act_type="" link_to="" pos="" pos_count="" pos_origin="" topic="" polarity="">well thats kinda already being done</turn>
<turn mode="chat" speaker="irene" end_time="20:43:49 PM" turn_no="206" dialog_act="" comm_act_type="" link_to="" pos="" pos_count="" pos_origin="" topic="" polarity="">sort of but not enough</turn>
<turn mode="chat" speaker="cintihia" end_time="20:43:53 PM" turn_no="207" dialog_act="" comm_act_type="" link_to="" pos="" pos_count="" pos_origin="" topic="" polarity="">kids know alot now</turn>
<turn mode="chat" speaker="irene" end_time="20:43:56 PM" turn_no="208" dialog_act="" comm_act_type="" link_to="" pos="" pos_count="" pos_origin="" topic="" polarity="">i don't know which is the most important</turn>
<turn mode="chat" speaker="irene" end_time="20:44:00 PM" turn_no="209" dialog_act="" comm_act_type="" link_to="" pos="" pos_count="" pos_origin="" topic="" polarity="">or which needs the most money</turn>
<turn mode="chat" speaker="cintihia" end_time="20:45:01 PM" turn_no="210" dialog_act="" comm_act_type="" link_to="" pos="" pos_count="" pos_origin="" topic="" polarity="">each is important</turn>
<turn mode="chat" speaker="josh" end_time="20:45:03 PM" turn_no="211" dialog_act="" comm_act_type="" link_to="" pos="" pos_count="" pos_origin="" topic="" polarity="">water n sewer is the most important</turn>
<turn mode="chat" speaker="josh" end_time="20:45:13 PM" turn_no="212" dialog_act="" comm_act_type="" link_to="" pos="" pos_count="" pos_origin="" topic="" polarity="">we can live without those working properly</turn>
<turn mode="chat" speaker="cintihia" end_time="20:45:42 PM" turn_no="213" dialog_act="" comm_act_type="" link_to="" pos="" pos_count="" pos_origin="" topic="" polarity="">seniors will have a harder time tho</turn>
<turn mode="chat" speaker="luke" end_time="20:46:12 PM" turn_no="214" dialog_act="" comm_act_type="" link_to="" pos="" pos_count="" pos_origin="" topic="" polarity="">yeaa true</turn>
<turn mode="chat" speaker="irene" end_time="20:46:13 PM" turn_no="215" dialog_act="" comm_act_type="" link_to="" pos="" pos_count="" pos_origin="" topic="" polarity="">but how much do you need to pay for water?</turn>
<turn mode="chat" speaker="josh" end_time="20:46:41 PM" turn_no="216" dialog_act="" comm_act_type="" link_to="" pos="" pos_count="" pos_origin="" topic="" polarity="">read the description</turn>
<turn mode="chat" speaker="josh" end_time="20:46:51 PM" turn_no="217" dialog_act="" comm_act_type="" link_to="" pos="" pos_count="" pos_origin="" topic="" polarity="">its not just payin for water</turn>
<turn mode="chat" speaker="josh" end_time="20:47:05 PM" turn_no="218" dialog_act="" comm_act_type="" link_to="" pos="" pos_count="" pos_origin="" topic="" polarity="">its the pipes and everythin else</turn>
<turn mode="chat" speaker="irene" end_time="20:47:11 PM" turn_no="219" dialog_act="" comm_act_type="" link_to="" pos="" pos_count="" pos_origin="" topic="" polarity="">yeah i know</turn>
<turn mode="chat" speaker="irene" end_time="20:47:17 PM" turn_no="220" dialog_act="" comm_act_type="" link_to="" pos="" pos_count="" pos_origin="" topic="" polarity="">but i feel like it wouldn't be as much</turn>
<turn mode="chat" speaker="josh" end_time="20:47:44 PM" turn_no="221" dialog_act="" comm_act_type="" link_to="" pos="" pos_count="" pos_origin="" topic="" polarity="">alll of these things are actually really expensive</turn>
<turn mode="chat" speaker="cintihia" end_time="20:47:52 PM" turn_no="222" dialog_act="" comm_act_type="" link_to="" pos="" pos_count="" pos_origin="" topic="" polarity="">exactly</turn>
<turn mode="chat" speaker="cintihia" end_time="20:47:59 PM" turn_no="223" dialog_act="" comm_act_type="" link_to="" pos="" pos_count="" pos_origin="" topic="" polarity="">i hope we have tons of tax dollars</turn>
<turn mode="chat" speaker="irene" end_time="20:48:13 PM" turn_no="224" dialog_act="" comm_act_type="" link_to="" pos="" pos_count="" pos_origin="" topic="" polarity="">yeah</turn>
<turn mode="chat" speaker="irene" end_time="20:48:23 PM" turn_no="225" dialog_act="" comm_act_type="" link_to="" pos="" pos_count="" pos_origin="" topic="" polarity="">it's hard to say considreing we don't know how much each costs and what we're getting</turn>
<turn mode="chat" speaker="luke" end_time="20:48:54 PM" turn_no="226" dialog_act="" comm_act_type="" link_to="" pos="" pos_count="" pos_origin="" topic="" polarity="">yeaa which we could who knows</turn>
<turn mode="chat" speaker="cintihia" end_time="20:49:28 PM" turn_no="227" dialog_act="" comm_act_type="" link_to="" pos="" pos_count="" pos_origin="" topic="" polarity="">well we just gotta guess</turn>
<turn mode="chat" speaker="eva" end_time="20:49:32 PM" turn_no="228" dialog_act="" comm_act_type="" link_to="" pos="" pos_count="" pos_origin="" topic="" polarity="">anybody directly affected by these things?</turn>
<turn mode="chat" speaker="luke" end_time="20:49:43 PM" turn_no="229" dialog_act="" comm_act_type="" link_to="" pos="" pos_count="" pos_origin="" topic="" polarity="">hmm i dont htink i am</turn>
<turn mode="chat" speaker="cintihia" end_time="20:49:57 PM" turn_no="230" dialog_act="" comm_act_type="" link_to="" pos="" pos_count="" pos_origin="" topic="" polarity="">what do u mean eva</turn>
<turn mode="chat" speaker="irene" end_time="20:49:59 PM" turn_no="231" dialog_act="" comm_act_type="" link_to="" pos="" pos_count="" pos_origin="" topic="" polarity="">we probably are and just don</turn>
<turn mode="chat" speaker="irene" end_time="20:50:00 PM" turn_no="232" dialog_act="" comm_act_type="" link_to="" pos="" pos_count="" pos_origin="" topic="" polarity="">t know it</turn>
<turn mode="chat" speaker="cintihia" end_time="20:51:41 PM" turn_no="233" dialog_act="" comm_act_type="" link_to="" pos="" pos_count="" pos_origin="" topic="" polarity="">thats what im thinking as well</turn>
<turn mode="chat" speaker="eva" end_time="20:51:42 PM" turn_no="234" dialog_act="" comm_act_type="" link_to="" pos="" pos_count="" pos_origin="" topic="" polarity="">well for example</turn>
<turn mode="chat" speaker="eva" end_time="20:51:48 PM" turn_no="235" dialog_act="" comm_act_type="" link_to="" pos="" pos_count="" pos_origin="" topic="" polarity="">we are all affected by road conditions</turn>
<turn mode="chat" speaker="eva" end_time="20:51:57 PM" turn_no="236" dialog_act="" comm_act_type="" link_to="" pos="" pos_count="" pos_origin="" topic="" polarity="">or how our toilets manage to not overflow</turn>
<turn mode="chat" speaker="cintihia" end_time="20:52:09 PM" turn_no="237" dialog_act="" comm_act_type="" link_to="" pos="" pos_count="" pos_origin="" topic="" polarity="">haha exactly</turn>
<turn mode="chat" speaker="luke" end_time="20:52:23 PM" turn_no="238" dialog_act="" comm_act_type="" link_to="" pos="" pos_count="" pos_origin="" topic="" polarity="">lol yup</turn>
<turn mode="chat" speaker="irene" end_time="20:53:41 PM" turn_no="239" dialog_act="" comm_act_type="" link_to="" pos="" pos_count="" pos_origin="" topic="" polarity="">but i mean libraries are important too</turn>
<turn mode="chat" speaker="irene" end_time="20:53:43 PM" turn_no="240" dialog_act="" comm_act_type="" link_to="" pos="" pos_count="" pos_origin="" topic="" polarity="">we won't die without them</turn>
<turn mode="chat" speaker="irene" end_time="20:53:44 PM" turn_no="241" dialog_act="" comm_act_type="" link_to="" pos="" pos_count="" pos_origin="" topic="" polarity="">but still</turn>
<turn mode="chat" speaker="cintihia" end_time="20:53:49 PM" turn_no="242" dialog_act="" comm_act_type="" link_to="" pos="" pos_count="" pos_origin="" topic="" polarity="">like eva said earlier</turn>
<turn mode="chat" speaker="cintihia" end_time="20:53:55 PM" turn_no="243" dialog_act="" comm_act_type="" link_to="" pos="" pos_count="" pos_origin="" topic="" polarity="">they have alot of programs there</turn>
<turn mode="chat" speaker="cintihia" end_time="20:54:02 PM" turn_no="244" dialog_act="" comm_act_type="" link_to="" pos="" pos_count="" pos_origin="" topic="" polarity="">for homeless and young children</turn>
<turn mode="chat" speaker="eva" end_time="20:54:32 PM" turn_no="245" dialog_act="" comm_act_type="" link_to="" pos="" pos_count="" pos_origin="" topic="" polarity="">hehe, apparently there's violence outside too</turn>
<turn mode="chat" speaker="eva" end_time="20:54:34 PM" turn_no="246" dialog_act="" comm_act_type="" link_to="" pos="" pos_count="" pos_origin="" topic="" polarity="">go figure</turn>
<turn mode="chat" speaker="irene" end_time="20:54:39 PM" turn_no="247" dialog_act="" comm_act_type="" link_to="" pos="" pos_count="" pos_origin="" topic="" polarity="">of libraries?</turn>
<turn mode="chat" speaker="eva" end_time="20:54:50 PM" turn_no="248" dialog_act="" comm_act_type="" link_to="" pos="" pos_count="" pos_origin="" topic="" polarity="">yeah, police have been having to break up fights</turn>
<turn mode="chat" speaker="irene" end_time="20:54:59 PM" turn_no="249" dialog_act="" comm_act_type="" link_to="" pos="" pos_count="" pos_origin="" topic="" polarity="">weird</turn>
<turn mode="chat" speaker="eva" end_time="20:55:01 PM" turn_no="250" dialog_act="" comm_act_type="" link_to="" pos="" pos_count="" pos_origin="" topic="" polarity="">don't why libraries have to deal with these things...</turn>
<turn mode="chat" speaker="cintihia" end_time="20:55:02 PM" turn_no="251" dialog_act="" comm_act_type="" link_to="" pos="" pos_count="" pos_origin="" topic="" polarity="">thats insane</turn>
<turn mode="chat" speaker="josh" end_time="20:55:06 PM" turn_no="252" dialog_act="" comm_act_type="" link_to="" pos="" pos_count="" pos_origin="" topic="" polarity="">yea</turn>
<turn mode="chat" speaker="irene" end_time="20:55:18 PM" turn_no="253" dialog_act="" comm_act_type="" link_to="" pos="" pos_count="" pos_origin="" topic="" polarity="">i guess it's a clear meeting spot?</turn>
<turn mode="chat" speaker="eva" end_time="20:55:18 PM" turn_no="254" dialog_act="" comm_act_type="" link_to="" pos="" pos_count="" pos_origin="" topic="" polarity="">oh well anyways</turn>
<turn mode="chat" speaker="luke" end_time="20:55:18 PM" turn_no="255" dialog_act="" comm_act_type="" link_to="" pos="" pos_count="" pos_origin="" topic="" polarity="">interestingt</turn>
<turn mode="chat" speaker="cintihia" end_time="20:55:26 PM" turn_no="256" dialog_act="" comm_act_type="" link_to="" pos="" pos_count="" pos_origin="" topic="" polarity="">is that around here?</turn>
<turn mode="chat" speaker="irene" end_time="20:55:38 PM" turn_no="257" dialog_act="" comm_act_type="" link_to="" pos="" pos_count="" pos_origin="" topic="" polarity="">probably, albany is sketchy</turn>
<turn mode="chat" speaker="eva" end_time="20:55:43 PM" turn_no="258" dialog_act="" comm_act_type="" link_to="" pos="" pos_count="" pos_origin="" topic="" polarity="">not sure about here per se, but it's sprouting around the country</turn>
<turn mode="chat" speaker="cintihia" end_time="20:56:07 PM" turn_no="259" dialog_act="" comm_act_type="" link_to="" pos="" pos_count="" pos_origin="" topic="" polarity="">thats awful</turn>
<turn mode="chat" speaker="cintihia" end_time="20:56:15 PM" turn_no="260" dialog_act="" comm_act_type="" link_to="" pos="" pos_count="" pos_origin="" topic="" polarity="">can u honestly not be safe anywhere</turn>
<turn mode="chat" speaker="irene" end_time="20:56:25 PM" turn_no="261" dialog_act="" comm_act_type="" link_to="" pos="" pos_count="" pos_origin="" topic="" polarity="">:(</turn>
<turn mode="chat" speaker="irene" end_time="20:56:32 PM" turn_no="262" dialog_act="" comm_act_type="" link_to="" pos="" pos_count="" pos_origin="" topic="" polarity="">we should put our tax dollars into police then haha</turn>
<turn mode="chat" speaker="irene" end_time="20:56:40 PM" turn_no="263" dialog_act="" comm_act_type="" link_to="" pos="" pos_count="" pos_origin="" topic="" polarity="">too bad that's nto an option</turn>
<turn mode="chat" speaker="cintihia" end_time="20:57:14 PM" turn_no="264" dialog_act="" comm_act_type="" link_to="" pos="" pos_count="" pos_origin="" topic="" polarity="">the police already steal our money</turn>
<turn mode="chat" speaker="cintihia" end_time="20:57:35 PM" turn_no="265" dialog_act="" comm_act_type="" link_to="" pos="" pos_count="" pos_origin="" topic="" polarity="">n anyone who is a criminal justice major should be kicked out of school</turn>
<turn mode="chat" speaker="josh" end_time="20:58:02 PM" turn_no="266" dialog_act="" comm_act_type="" link_to="" pos="" pos_count="" pos_origin="" topic="" polarity="">yea</turn>
<turn mode="chat" speaker="cintihia" end_time="20:58:48 PM" turn_no="267" dialog_act="" comm_act_type="" link_to="" pos="" pos_count="" pos_origin="" topic="" polarity="">alright anyways.. back to the topic</turn>
<turn mode="chat" speaker="luke" end_time="20:58:50 PM" turn_no="268" dialog_act="" comm_act_type="" link_to="" pos="" pos_count="" pos_origin="" topic="" polarity="">lol</turn>
<turn mode="chat" speaker="eva" end_time="20:59:04 PM" turn_no="269" dialog_act="" comm_act_type="" link_to="" pos="" pos_count="" pos_origin="" topic="" polarity="">sounds like highways and water and recycling are the base services</turn>
<turn mode="chat" speaker="eva" end_time="20:59:11 PM" turn_no="270" dialog_act="" comm_act_type="" link_to="" pos="" pos_count="" pos_origin="" topic="" polarity="">much as I love my libraries and senior citizens</turn>
<turn mode="chat" speaker="cintihia" end_time="21:00:05 PM" turn_no="271" dialog_act="" comm_act_type="" link_to="" pos="" pos_count="" pos_origin="" topic="" polarity="">yeah</turn>
<turn mode="chat" speaker="cintihia" end_time="21:00:33 PM" turn_no="272" dialog_act="" comm_act_type="" link_to="" pos="" pos_count="" pos_origin="" topic="" polarity="">well r we changing our percentages then</turn>
<turn mode="chat" speaker="luke" end_time="21:01:23 PM" turn_no="273" dialog_act="" comm_act_type="" link_to="" pos="" pos_count="" pos_origin="" topic="" polarity="">what was it originally i forget</turn>
<turn mode="chat" speaker="irene" end_time="21:01:26 PM" turn_no="274" dialog_act="" comm_act_type="" link_to="" pos="" pos_count="" pos_origin="" topic="" polarity="">haha</turn>
<turn mode="chat" speaker="irene" end_time="21:01:31 PM" turn_no="275" dialog_act="" comm_act_type="" link_to="" pos="" pos_count="" pos_origin="" topic="" polarity="">i don't know wanything about police</turn>
<turn mode="chat" speaker="irene" end_time="21:01:37 PM" turn_no="276" dialog_act="" comm_act_type="" link_to="" pos="" pos_count="" pos_origin="" topic="" polarity="">but i don't really know anything about taxes either</turn>
<turn mode="chat" speaker="irene" end_time="21:01:47 PM" turn_no="277" dialog_act="" comm_act_type="" link_to="" pos="" pos_count="" pos_origin="" topic="" polarity="">i feel like this is a topic where we need a pan of professional</turn>
<turn mode="chat" speaker="irene" end_time="21:01:51 PM" turn_no="278" dialog_act="" comm_act_type="" link_to="" pos="" pos_count="" pos_origin="" topic="" polarity="">*professionals</turn>
<turn mode="chat" speaker="irene" end_time="21:01:52 PM" turn_no="279" dialog_act="" comm_act_type="" link_to="" pos="" pos_count="" pos_origin="" topic="" polarity="">and a town meeting</turn>
<turn mode="chat" speaker="cintihia" end_time="21:02:24 PM" turn_no="280" dialog_act="" comm_act_type="" link_to="" pos="" pos_count="" pos_origin="" topic="" polarity="">it was originally libraries and water 30-30 and seniors 20</turn>
<turn mode="chat" speaker="luke" end_time="21:02:39 PM" turn_no="281" dialog_act="" comm_act_type="" link_to="" pos="" pos_count="" pos_origin="" topic="" polarity="">ooo ok</turn>
<turn mode="chat" speaker="josh" end_time="21:03:13 PM" turn_no="282" dialog_act="" comm_act_type="" link_to="" pos="" pos_count="" pos_origin="" topic="" polarity="">i think we shuld do a lil less for libraries</turn>
<turn mode="chat" speaker="irene" end_time="21:03:27 PM" turn_no="283" dialog_act="" comm_act_type="" link_to="" pos="" pos_count="" pos_origin="" topic="" polarity="">idk i feel like libraries need the most</turn>
<turn mode="chat" speaker="josh" end_time="21:04:01 PM" turn_no="284" dialog_act="" comm_act_type="" link_to="" pos="" pos_count="" pos_origin="" topic="" polarity="">they arent a top priority tho</turn>
<turn mode="chat" speaker="irene" end_time="21:04:14 PM" turn_no="285" dialog_act="" comm_act_type="" link_to="" pos="" pos_count="" pos_origin="" topic="" polarity="">yeah true</turn>
<turn mode="chat" speaker="cintihia" end_time="21:04:39 PM" turn_no="286" dialog_act="" comm_act_type="" link_to="" pos="" pos_count="" pos_origin="" topic="" polarity="">so what is everyones number one</turn>
<turn mode="chat" speaker="luke" end_time="21:04:45 PM" turn_no="287" dialog_act="" comm_act_type="" link_to="" pos="" pos_count="" pos_origin="" topic="" polarity="">water foe me</turn>
<turn mode="chat" speaker="irene" end_time="21:05:15 PM" turn_no="288" dialog_act="" comm_act_type="" link_to="" pos="" pos_count="" pos_origin="" topic="" polarity="">yeah i think we'd all agree that water is very important</turn>
<turn mode="chat" speaker="eva" end_time="21:05:19 PM" turn_no="289" dialog_act="" comm_act_type="" link_to="" pos="" pos_count="" pos_origin="" topic="" polarity="">highways...my poor car T_T</turn>
<turn mode="chat" speaker="irene" end_time="21:05:27 PM" turn_no="290" dialog_act="" comm_act_type="" link_to="" pos="" pos_count="" pos_origin="" topic="" polarity="">highways probably need a lot more than other things</turn>
<turn mode="chat" speaker="josh" end_time="21:05:46 PM" turn_no="291" dialog_act="" comm_act_type="" link_to="" pos="" pos_count="" pos_origin="" topic="" polarity="">water</turn>
<turn mode="chat" speaker="cintihia" end_time="21:05:58 PM" turn_no="292" dialog_act="" comm_act_type="" link_to="" pos="" pos_count="" pos_origin="" topic="" polarity="">but lets not forget.. highways are funded by the feds</turn>
<turn mode="chat" speaker="luke" end_time="21:06:21 PM" turn_no="293" dialog_act="" comm_act_type="" link_to="" pos="" pos_count="" pos_origin="" topic="" polarity="">true</turn>
<turn mode="chat" speaker="irene" end_time="21:07:35 PM" turn_no="294" dialog_act="" comm_act_type="" link_to="" pos="" pos_count="" pos_origin="" topic="" polarity="">are you sure they are</turn>
<turn mode="chat" speaker="josh" end_time="21:07:36 PM" turn_no="295" dialog_act="" comm_act_type="" link_to="" pos="" pos_count="" pos_origin="" topic="" polarity="">who told you its funded by the feds</turn>
<turn mode="chat" speaker="cintihia" end_time="21:07:53 PM" turn_no="296" dialog_act="" comm_act_type="" link_to="" pos="" pos_count="" pos_origin="" topic="" polarity="">... thats why the drinking age is 21</turn>
<turn mode="chat" speaker="cintihia" end_time="21:08:08 PM" turn_no="297" dialog_act="" comm_act_type="" link_to="" pos="" pos_count="" pos_origin="" topic="" polarity="">the govt told each state if they lowered the age they would take away the funding</turn>
<turn mode="chat" speaker="josh" end_time="21:08:19 PM" turn_no="298" dialog_act="" comm_act_type="" link_to="" pos="" pos_count="" pos_origin="" topic="" polarity="">wut</turn>
<turn mode="chat" speaker="josh" end_time="21:08:26 PM" turn_no="299" dialog_act="" comm_act_type="" link_to="" pos="" pos_count="" pos_origin="" topic="" polarity="">ur wrong</turn>
<turn mode="chat" speaker="cintihia" end_time="21:08:34 PM" turn_no="300" dialog_act="" comm_act_type="" link_to="" pos="" pos_count="" pos_origin="" topic="" polarity="">y?</turn>
<turn mode="chat" speaker="luke" end_time="21:08:57 PM" turn_no="301" dialog_act="" comm_act_type="" link_to="" pos="" pos_count="" pos_origin="" topic="" polarity="">i honestly have no idea anymore</turn>
<turn mode="chat" speaker="cintihia" end_time="21:09:21 PM" turn_no="302" dialog_act="" comm_act_type="" link_to="" pos="" pos_count="" pos_origin="" topic="" polarity="">google it</turn>
<turn mode="chat" speaker="cintihia" end_time="21:09:28 PM" turn_no="303" dialog_act="" comm_act_type="" link_to="" pos="" pos_count="" pos_origin="" topic="" polarity="">i believe they fund for at least 90% of it</turn>
<turn mode="chat" speaker="luke" end_time="21:09:30 PM" turn_no="304" dialog_act="" comm_act_type="" link_to="" pos="" pos_count="" pos_origin="" topic="" polarity="">okkkkkkkkkk</turn>
<turn mode="chat" speaker="josh" end_time="21:09:40 PM" turn_no="305" dialog_act="" comm_act_type="" link_to="" pos="" pos_count="" pos_origin="" topic="" polarity="">ok nvm</turn>
<turn mode="chat" speaker="irene" end_time="21:09:42 PM" turn_no="306" dialog_act="" comm_act_type="" link_to="" pos="" pos_count="" pos_origin="" topic="" polarity="">i heard they'd lower the drinking age but raise the driving age</turn>
<turn mode="chat" speaker="josh" end_time="21:09:53 PM" turn_no="307" dialog_act="" comm_act_type="" link_to="" pos="" pos_count="" pos_origin="" topic="" polarity="">wait</turn>
<turn mode="chat" speaker="josh" end_time="21:10:20 PM" turn_no="308" dialog_act="" comm_act_type="" link_to="" pos="" pos_count="" pos_origin="" topic="" polarity="">its talking about the highway dept</turn>
<turn mode="chat" speaker="josh" end_time="21:10:24 PM" turn_no="309" dialog_act="" comm_act_type="" link_to="" pos="" pos_count="" pos_origin="" topic="" polarity="">so ur wrong</turn>
<turn mode="chat" speaker="josh" end_time="21:10:39 PM" turn_no="310" dialog_act="" comm_act_type="" link_to="" pos="" pos_count="" pos_origin="" topic="" polarity="">its a state run and payed thing</turn>
<turn mode="chat" speaker="cintihia" end_time="21:10:41 PM" turn_no="311" dialog_act="" comm_act_type="" link_to="" pos="" pos_count="" pos_origin="" topic="" polarity="">what is..</turn>
<turn mode="chat" speaker="josh" end_time="21:10:47 PM" turn_no="312" dialog_act="" comm_act_type="" link_to="" pos="" pos_count="" pos_origin="" topic="" polarity="">the highway dept</turn>
<turn mode="chat" speaker="eva" end_time="21:10:57 PM" turn_no="313" dialog_act="" comm_act_type="" link_to="" pos="" pos_count="" pos_origin="" topic="" polarity="">i'm confused</turn>
<turn mode="chat" speaker="luke" end_time="21:11:01 PM" turn_no="314" dialog_act="" comm_act_type="" link_to="" pos="" pos_count="" pos_origin="" topic="" polarity="">me too</turn>
<turn mode="chat" speaker="eva" end_time="21:11:21 PM" turn_no="315" dialog_act="" comm_act_type="" link_to="" pos="" pos_count="" pos_origin="" topic="" polarity=""># The Town's Highway Department is responsible for the upkeep and maintenance of over 160 miles of streets and highways. In addition to its efficient snow removal and aggressive paving program, the Highway Department provides other seasonal programs such as spring cleanup, summer yard waste pickup, fall leaf pickup and snow and ice removal. Highway personnel are also responsible for the upkeep of 32 miles of sidewalks, as well as the maintenance of over 180 vehicles and equipment owned by the various Town departments.</turn>
<turn mode="chat" speaker="josh" end_time="21:11:42 PM" turn_no="316" dialog_act="" comm_act_type="" link_to="" pos="" pos_count="" pos_origin="" topic="" polarity="">for all of these things the tax money is also paying for the workers salaries in each thing</turn>
<turn mode="chat" speaker="josh" end_time="21:11:51 PM" turn_no="317" dialog_act="" comm_act_type="" link_to="" pos="" pos_count="" pos_origin="" topic="" polarity="">its all state tax money</turn>
<turn mode="chat" speaker="cintihia" end_time="21:11:59 PM" turn_no="318" dialog_act="" comm_act_type="" link_to="" pos="" pos_count="" pos_origin="" topic="" polarity="">ok ok i see what ur saying</turn>
<turn mode="chat" speaker="josh" end_time="21:12:06 PM" turn_no="319" dialog_act="" comm_act_type="" link_to="" pos="" pos_count="" pos_origin="" topic="" polarity="">so we have to take that into account</turn>
<turn mode="chat" speaker="irene" end_time="21:12:06 PM" turn_no="320" dialog_act="" comm_act_type="" link_to="" pos="" pos_count="" pos_origin="" topic="" polarity="">such complications...</turn>
<turn mode="chat" speaker="josh" end_time="21:12:16 PM" turn_no="321" dialog_act="" comm_act_type="" link_to="" pos="" pos_count="" pos_origin="" topic="" polarity="">heres my list</turn>
<turn mode="chat" speaker="josh" end_time="21:13:12 PM" turn_no="322" dialog_act="" comm_act_type="" link_to="" pos="" pos_count="" pos_origin="" topic="" polarity="">1. water 2 hgihway 3 lib 4senior citizens 5 recycling</turn>
<turn mode="chat" speaker="eva" end_time="21:13:32 PM" turn_no="323" dialog_act="" comm_act_type="" link_to="" pos="" pos_count="" pos_origin="" topic="" polarity="">hrmmm i kinda like that</turn>
<turn mode="chat" speaker="josh" end_time="21:13:42 PM" turn_no="324" dialog_act="" comm_act_type="" link_to="" pos="" pos_count="" pos_origin="" topic="" polarity="">more people work for the highway dept than any one of these</turn>
<turn mode="chat" speaker="josh" end_time="21:14:07 PM" turn_no="325" dialog_act="" comm_act_type="" link_to="" pos="" pos_count="" pos_origin="" topic="" polarity="">i worked for a highway dept for a summer job</turn>
<turn mode="chat" speaker="cintihia" end_time="21:14:08 PM" turn_no="326" dialog_act="" comm_act_type="" link_to="" pos="" pos_count="" pos_origin="" topic="" polarity="">i like that too</turn>
<turn mode="chat" speaker="irene" end_time="21:14:28 PM" turn_no="327" dialog_act="" comm_act_type="" link_to="" pos="" pos_count="" pos_origin="" topic="" polarity="">yeah i think that could work</turn>
<turn mode="chat" speaker="josh" end_time="21:14:28 PM" turn_no="328" dialog_act="" comm_act_type="" link_to="" pos="" pos_count="" pos_origin="" topic="" polarity="">the amount of money that is spent for them is insane</turn>
<turn mode="chat" speaker="irene" end_time="21:14:33 PM" turn_no="329" dialog_act="" comm_act_type="" link_to="" pos="" pos_count="" pos_origin="" topic="" polarity="">or we could each give 20%</turn>
<turn mode="chat" speaker="luke" end_time="21:14:39 PM" turn_no="330" dialog_act="" comm_act_type="" link_to="" pos="" pos_count="" pos_origin="" topic="" polarity="">sounds good to me</turn>
<turn mode="chat" speaker="cintihia" end_time="21:15:03 PM" turn_no="331" dialog_act="" comm_act_type="" link_to="" pos="" pos_count="" pos_origin="" topic="" polarity="">i think water n highway needs more money than recycling</turn>
<turn mode="chat" speaker="cintihia" end_time="21:15:19 PM" turn_no="332" dialog_act="" comm_act_type="" link_to="" pos="" pos_count="" pos_origin="" topic="" polarity="">lets say water highway 25-25</turn>
<turn mode="chat" speaker="irene" end_time="21:15:35 PM" turn_no="333" dialog_act="" comm_act_type="" link_to="" pos="" pos_count="" pos_origin="" topic="" polarity="">ok</turn>
<turn mode="chat" speaker="josh" end_time="21:15:57 PM" turn_no="334" dialog_act="" comm_act_type="" link_to="" pos="" pos_count="" pos_origin="" topic="" polarity="">ok</turn>
<turn mode="chat" speaker="cintihia" end_time="21:16:24 PM" turn_no="335" dialog_act="" comm_act_type="" link_to="" pos="" pos_count="" pos_origin="" topic="" polarity="">libraries get 20 percent?</turn>
<turn mode="chat" speaker="eva" end_time="21:16:38 PM" turn_no="336" dialog_act="" comm_act_type="" link_to="" pos="" pos_count="" pos_origin="" topic="" polarity="">sounds good</turn>
<turn mode="chat" speaker="cintihia" end_time="21:16:40 PM" turn_no="337" dialog_act="" comm_act_type="" link_to="" pos="" pos_count="" pos_origin="" topic="" polarity="">and seniors get 20 and recycling gets 10?</turn>
<turn mode="chat" speaker="eva" end_time="21:16:44 PM" turn_no="338" dialog_act="" comm_act_type="" link_to="" pos="" pos_count="" pos_origin="" topic="" polarity="">yay!</turn>
<turn mode="chat" speaker="irene" end_time="21:16:44 PM" turn_no="339" dialog_act="" comm_act_type="" link_to="" pos="" pos_count="" pos_origin="" topic="" polarity="">yep</turn>
<turn mode="chat" speaker="irene" end_time="21:16:54 PM" turn_no="340" dialog_act="" comm_act_type="" link_to="" pos="" pos_count="" pos_origin="" topic="" polarity="">good job cintihia</turn>
<turn mode="chat" speaker="cintihia" end_time="21:16:59 PM" turn_no="341" dialog_act="" comm_act_type="" link_to="" pos="" pos_count="" pos_origin="" topic="" polarity="">thanks</turn>
<turn mode="chat" speaker="irene" end_time="21:17:03 PM" turn_no="342" dialog_act="" comm_act_type="" link_to="" pos="" pos_count="" pos_origin="" topic="" polarity="">you'll get my 1 today</turn>
<turn mode="chat" speaker="eva" end_time="21:17:04 PM" turn_no="343" dialog_act="" comm_act_type="" link_to="" pos="" pos_count="" pos_origin="" topic="" polarity="">as borat would put it "verah verah niiiiice"</turn>
<turn mode="chat" speaker="irene" end_time="21:17:13 PM" turn_no="344" dialog_act="" comm_act_type="" link_to="" pos="" pos_count="" pos_origin="" topic="" polarity="">indeeeed</turn>
<turn mode="chat" speaker="luke" end_time="21:17:27 PM" turn_no="345" dialog_act="" comm_act_type="" link_to="" pos="" pos_count="" pos_origin="" topic="" polarity="">yeaa lol</turn>
<turn mode="chat" speaker="cintihia" end_time="21:17:29 PM" turn_no="346" dialog_act="" comm_act_type="" link_to="" pos="" pos_count="" pos_origin="" topic="" polarity="">sexy time?</turn>
<turn mode="chat" speaker="irene" end_time="21:17:32 PM" turn_no="347" dialog_act="" comm_act_type="" link_to="" pos="" pos_count="" pos_origin="" topic="" polarity="">hahahahh</turn>
<turn mode="chat" speaker="irene" end_time="21:17:38 PM" turn_no="348" dialog_act="" comm_act_type="" link_to="" pos="" pos_count="" pos_origin="" topic="" polarity="">it's alawys sexy time in these rooms</turn>
<turn mode="chat" speaker="cintihia" end_time="21:17:47 PM" turn_no="349" dialog_act="" comm_act_type="" link_to="" pos="" pos_count="" pos_origin="" topic="" polarity="">fun time</turn>
<turn mode="chat" speaker="josh" end_time="21:18:52 PM" turn_no="350" dialog_act="" comm_act_type="" link_to="" pos="" pos_count="" pos_origin="" topic="" polarity="">theres never enough fun time</turn>
<turn mode="chat" speaker="irene" end_time="21:18:58 PM" turn_no="351" dialog_act="" comm_act_type="" link_to="" pos="" pos_count="" pos_origin="" topic="" polarity="">:(</turn>
<turn mode="chat" speaker="josh" end_time="21:19:18 PM" turn_no="352" dialog_act="" comm_act_type="" link_to="" pos="" pos_count="" pos_origin="" topic="" polarity="">so we got everything settled</turn>
<turn mode="chat" speaker="irene" end_time="21:19:27 PM" turn_no="353" dialog_act="" comm_act_type="" link_to="" pos="" pos_count="" pos_origin="" topic="" polarity="">yep</turn>
<turn mode="chat" speaker="cintihia" end_time="21:19:27 PM" turn_no="354" dialog_act="" comm_act_type="" link_to="" pos="" pos_count="" pos_origin="" topic="" polarity="">yep we did</turn>
<turn mode="chat" speaker="eva" end_time="21:19:37 PM" turn_no="355" dialog_act="" comm_act_type="" link_to="" pos="" pos_count="" pos_origin="" topic="" polarity="">how nice!</turn>
<turn mode="chat" speaker="eva" end_time="21:19:38 PM" turn_no="356" dialog_act="" comm_act_type="" link_to="" pos="" pos_count="" pos_origin="" topic="" polarity="">hehe</turn>
<turn mode="chat" speaker="luke" end_time="21:19:48 PM" turn_no="357" dialog_act="" comm_act_type="" link_to="" pos="" pos_count="" pos_origin="" topic="" polarity="">YEAAAAAAAAAAA</turn>
<turn mode="chat" speaker="eva" end_time="21:19:55 PM" turn_no="358" dialog_act="" comm_act_type="" link_to="" pos="" pos_count="" pos_origin="" topic="" polarity="">your comment reminded of Stewie's sexy party in Family Guy</turn>
<turn mode="chat" speaker="cintihia" end_time="21:20:26 PM" turn_no="359" dialog_act="" comm_act_type="" link_to="" pos="" pos_count="" pos_origin="" topic="" polarity="">what comment</turn>
<turn mode="chat" speaker="eva" end_time="21:20:51 PM" turn_no="360" dialog_act="" comm_act_type="" link_to="" pos="" pos_count="" pos_origin="" topic="" polarity="">(9:17 PM) irene: it's alawys sexy time in these rooms</turn>
<turn mode="chat" speaker="cintihia" end_time="21:21:03 PM" turn_no="361" dialog_act="" comm_act_type="" link_to="" pos="" pos_count="" pos_origin="" topic="" polarity="">haha</turn>
<turn mode="chat" speaker="irene" end_time="21:21:18 PM" turn_no="362" dialog_act="" comm_act_type="" link_to="" pos="" pos_count="" pos_origin="" topic="" polarity="">:)</turn>
<turn mode="chat" speaker="cintihia" end_time="21:22:22 PM" turn_no="363" dialog_act="" comm_act_type="" link_to="" pos="" pos_count="" pos_origin="" topic="" polarity="">thx everyone for listening to me and letting me boss u around</turn>
<turn mode="chat" speaker="eva" end_time="21:22:32 PM" turn_no="364" dialog_act="" comm_act_type="" link_to="" pos="" pos_count="" pos_origin="" topic="" polarity="">np it went well</turn>
<turn mode="chat" speaker="luke" end_time="21:22:52 PM" turn_no="365" dialog_act="" comm_act_type="" link_to="" pos="" pos_count="" pos_origin="" topic="" polarity="">it was great'</turn>
<turn mode="chat" speaker="luke" end_time="21:23:01 PM" turn_no="366" dialog_act="" comm_act_type="" link_to="" pos="" pos_count="" pos_origin="" topic="" polarity="">cintihia for president!</turn>
<turn mode="chat" speaker="cintihia" end_time="21:23:09 PM" turn_no="367" dialog_act="" comm_act_type="" link_to="" pos="" pos_count="" pos_origin="" topic="" polarity="">of the world</turn>
<turn mode="chat" speaker="luke" end_time="21:23:17 PM" turn_no="368" dialog_act="" comm_act_type="" link_to="" pos="" pos_count="" pos_origin="" topic="" polarity="">sure</turn>
<turn mode="chat" speaker="irene" end_time="21:23:36 PM" turn_no="369" dialog_act="" comm_act_type="" link_to="" pos="" pos_count="" pos_origin="" topic="" polarity="">:)</turn>
<turn mode="chat" speaker="cintihia" end_time="21:24:02 PM" turn_no="370" dialog_act="" comm_act_type="" link_to="" pos="" pos_count="" pos_origin="" topic="" polarity="">i have to say.. its fun leading</turn>
<turn mode="chat" speaker="cintihia" end_time="21:24:10 PM" turn_no="371" dialog_act="" comm_act_type="" link_to="" pos="" pos_count="" pos_origin="" topic="" polarity="">just for that whole bossing around part</turn>
<turn mode="chat" speaker="cintihia" end_time="21:24:13 PM" turn_no="372" dialog_act="" comm_act_type="" link_to="" pos="" pos_count="" pos_origin="" topic="" polarity="">:-p</turn>
<turn mode="chat" speaker="moderator" end_time="21:24:43 PM" turn_no="373" dialog_act="" comm_act_type="" link_to="" pos="" pos_count="" pos_origin="" topic="" polarity="">Hey everyone! Its almost time and here's where I remind you to fill out the survey when you leave.</turn>
<turn mode="chat" speaker="luke" end_time="21:24:52 PM" turn_no="374" dialog_act="" comm_act_type="" link_to="" pos="" pos_count="" pos_origin="" topic="" polarity="">okkk</turn>
<turn mode="chat" speaker="cintihia" end_time="21:24:52 PM" turn_no="375" dialog_act="" comm_act_type="" link_to="" pos="" pos_count="" pos_origin="" topic="" polarity="">okkie dokie</turn>
<turn mode="chat" speaker="moderator" end_time="21:24:54 PM" turn_no="376" dialog_act="" comm_act_type="" link_to="" pos="" pos_count="" pos_origin="" topic="" polarity="">link</turn>
<turn mode="chat" speaker="irene" end_time="21:24:57 PM" turn_no="377" dialog_act="" comm_act_type="" link_to="" pos="" pos_count="" pos_origin="" topic="" polarity="">thanks</turn>
<turn mode="chat" speaker="eva" end_time="21:25:04 PM" turn_no="378" dialog_act="" comm_act_type="" link_to="" pos="" pos_count="" pos_origin="" topic="" polarity="">alrighty</turn>
<turn mode="chat" speaker="moderator" end_time="21:25:21 PM" turn_no="379" dialog_act="" comm_act_type="" link_to="" pos="" pos_count="" pos_origin="" topic="" polarity="">Good night!</turn>
<turn mode="chat" speaker="luke" end_time="21:25:34 PM" turn_no="380" dialog_act="" comm_act_type="" link_to="" pos="" pos_count="" pos_origin="" topic="" polarity="">byee</turn>
<turn mode="chat" speaker="irene" end_time="21:25:39 PM" turn_no="381" dialog_act="" comm_act_type="" link_to="" pos="" pos_count="" pos_origin="" topic="" polarity="">bye</turn>
<turn mode="chat" speaker="cintihia" end_time="21:25:46 PM" turn_no="382" dialog_act="" comm_act_type="" link_to="" pos="" pos_count="" pos_origin="" topic="" polarity="">bye everyone!</turn>
<turn mode="chat" speaker="josh" end_time="21:25:59 PM" turn_no="383" dialog_act="" comm_act_type="" link_to="" pos="" pos_count="" pos_origin="" topic="" polarity="">are we going to be making up the chat that was missed the other day?</turn>
<turn mode="chat" speaker="moderator" end_time="21:26:29 PM" turn_no="384" dialog_act="" comm_act_type="" link_to="" pos="" pos_count="" pos_origin="" topic="" polarity="">Yes, we need to two more sessions. So prolly the Sunday one.</turn>
<turn mode="chat" speaker="moderator" end_time="21:26:37 PM" turn_no="385" dialog_act="" comm_act_type="" link_to="" pos="" pos_count="" pos_origin="" topic="" polarity="">Will be the last ...</turn>
<turn mode="chat" speaker="eva" end_time="21:26:58 PM" turn_no="386" dialog_act="" comm_act_type="" link_to="" pos="" pos_count="" pos_origin="" topic="" polarity="">ok</turn>
<turn mode="chat" speaker="eva" end_time="21:27:01 PM" turn_no="387" dialog_act="" comm_act_type="" link_to="" pos="" pos_count="" pos_origin="" topic="" polarity="">thanks!</turn>
<turn mode="chat" speaker="josh" end_time="21:27:02 PM" turn_no="388" dialog_act="" comm_act_type="" link_to="" pos="" pos_count="" pos_origin="" topic="" polarity="">ok</turn>
</Dialogue>
