<?xml version="1.0" encoding="UTF-8" ?>
<Dialogue date="2010-03-14" >
<turn mode="chat" speaker="moderator" end_time="09:24:25 AM" turn_no="1" dialog_act="" comm_act_type="" link_to="" pos="" pos_count="" pos_origin="" topic="" polarity="">link</turn>
<turn mode="chat" speaker="cintihia" end_time="10:01:12 AM" turn_no="2" dialog_act="" comm_act_type="" link_to="" pos="" pos_count="" pos_origin="" topic="" polarity="">cool topic</turn>
<turn mode="chat" speaker="moderator" end_time="10:01:41 AM" turn_no="3" dialog_act="" comm_act_type="" link_to="" pos="" pos_count="" pos_origin="" topic="" polarity="">:-) thanks....good morning...just waiting for more people to begin.</turn>
<turn mode="chat" speaker="ted" end_time="10:01:50 AM" turn_no="4" dialog_act="" comm_act_type="" link_to="" pos="" pos_count="" pos_origin="" topic="" polarity="">ok</turn>
<turn mode="chat" speaker="ariel" end_time="10:05:07 AM" turn_no="5" dialog_act="" comm_act_type="" link_to="" pos="" pos_count="" pos_origin="" topic="" polarity="">hi</turn>
<turn mode="chat" speaker="ariel" end_time="10:05:13 AM" turn_no="6" dialog_act="" comm_act_type="" link_to="" pos="" pos_count="" pos_origin="" topic="" polarity="">i just got moved to this group</turn>
<turn mode="chat" speaker="moderator" end_time="10:05:14 AM" turn_no="7" dialog_act="" comm_act_type="" link_to="" pos="" pos_count="" pos_origin="" topic="" polarity="">Cool, we can begin.</turn>
<turn mode="chat" speaker="moderator" end_time="10:05:23 AM" turn_no="8" dialog_act="" comm_act_type="" link_to="" pos="" pos_count="" pos_origin="" topic="" polarity="">Just have to ask someone to be a leader.....</turn>
<turn mode="chat" speaker="moderator" end_time="10:05:33 AM" turn_no="9" dialog_act="" comm_act_type="" link_to="" pos="" pos_count="" pos_origin="" topic="" polarity="">ariel, would you mind?</turn>
<turn mode="chat" speaker="ariel" end_time="10:05:44 AM" turn_no="10" dialog_act="" comm_act_type="" link_to="" pos="" pos_count="" pos_origin="" topic="" polarity="">sure..</turn>
<turn mode="chat" speaker="moderator" end_time="10:05:55 AM" turn_no="11" dialog_act="" comm_act_type="" link_to="" pos="" pos_count="" pos_origin="" topic="" polarity="">You simply have to ensure that discussion is on track and that a consensus is reached..</turn>
<turn mode="chat" speaker="moderator" end_time="10:05:57 AM" turn_no="12" dialog_act="" comm_act_type="" link_to="" pos="" pos_count="" pos_origin="" topic="" polarity="">Great, thanks!</turn>
<turn mode="chat" speaker="ariel" end_time="10:06:00 AM" turn_no="13" dialog_act="" comm_act_type="" link_to="" pos="" pos_count="" pos_origin="" topic="" polarity="">ok</turn>
<turn mode="chat" speaker="moderator" end_time="10:06:04 AM" turn_no="14" dialog_act="" comm_act_type="" link_to="" pos="" pos_count="" pos_origin="" topic="" polarity="">You may begin whenever you're ready...</turn>
<turn mode="chat" speaker="ariel" end_time="10:06:38 AM" turn_no="15" dialog_act="" comm_act_type="" link_to="" pos="" pos_count="" pos_origin="" topic="" polarity="">ok</turn>
<turn mode="chat" speaker="ariel" end_time="10:06:50 AM" turn_no="16" dialog_act="" comm_act_type="" link_to="" pos="" pos_count="" pos_origin="" topic="" polarity="">so...</turn>
<turn mode="chat" speaker="ariel" end_time="10:07:00 AM" turn_no="17" dialog_act="" comm_act_type="" link_to="" pos="" pos_count="" pos_origin="" topic="" polarity="">I vote for J.K.Rowling</turn>
<turn mode="chat" speaker="cintihia" end_time="10:07:14 AM" turn_no="18" dialog_act="" comm_act_type="" link_to="" pos="" pos_count="" pos_origin="" topic="" polarity="">im sayin oprah</turn>
<turn mode="chat" speaker="ariel" end_time="10:07:19 AM" turn_no="19" dialog_act="" comm_act_type="" link_to="" pos="" pos_count="" pos_origin="" topic="" polarity="">lol</turn>
<turn mode="chat" speaker="ariel" end_time="10:07:35 AM" turn_no="20" dialog_act="" comm_act_type="" link_to="" pos="" pos_count="" pos_origin="" topic="" polarity="">my mom loves oprah... what oprah says goes for her lol</turn>
<turn mode="chat" speaker="ariel" end_time="10:08:10 AM" turn_no="21" dialog_act="" comm_act_type="" link_to="" pos="" pos_count="" pos_origin="" topic="" polarity="">Anyone else?</turn>
<turn mode="chat" speaker="ted" end_time="10:08:24 AM" turn_no="22" dialog_act="" comm_act_type="" link_to="" pos="" pos_count="" pos_origin="" topic="" polarity="">i dlike to add three more names to the list: dick cheney. collin powell, and Mark Zuckerberg; the facebook founder</turn>
<turn mode="chat" speaker="cintihia" end_time="10:09:12 AM" turn_no="23" dialog_act="" comm_act_type="" link_to="" pos="" pos_count="" pos_origin="" topic="" polarity="">mark zuckerberg is good</turn>
<turn mode="chat" speaker="ariel" end_time="10:09:33 AM" turn_no="24" dialog_act="" comm_act_type="" link_to="" pos="" pos_count="" pos_origin="" topic="" polarity="">yeah... but has facebook really done THAT much?</turn>
<turn mode="chat" speaker="ariel" end_time="10:09:42 AM" turn_no="25" dialog_act="" comm_act_type="" link_to="" pos="" pos_count="" pos_origin="" topic="" polarity="">i mean for some people sure... but i never even touch it</turn>
<turn mode="chat" speaker="cintihia" end_time="10:09:58 AM" turn_no="26" dialog_act="" comm_act_type="" link_to="" pos="" pos_count="" pos_origin="" topic="" polarity="">its really set off the social media explosion</turn>
<turn mode="chat" speaker="cintihia" end_time="10:10:01 AM" turn_no="27" dialog_act="" comm_act_type="" link_to="" pos="" pos_count="" pos_origin="" topic="" polarity="">everyone is online</turn>
<turn mode="chat" speaker="josh" end_time="10:10:11 AM" turn_no="28" dialog_act="" comm_act_type="" link_to="" pos="" pos_count="" pos_origin="" topic="" polarity="">well from reading the directions id have to go with osama bin laden</turn>
<turn mode="chat" speaker="ted" end_time="10:10:23 AM" turn_no="29" dialog_act="" comm_act_type="" link_to="" pos="" pos_count="" pos_origin="" topic="" polarity="">right off the bat i will remove lady gaga, and roger federere. they are good in their disciplines and i like them but they are not that influential</turn>
<turn mode="chat" speaker="ariel" end_time="10:11:20 AM" turn_no="30" dialog_act="" comm_act_type="" link_to="" pos="" pos_count="" pos_origin="" topic="" polarity="">sorry about that</turn>
<turn mode="chat" speaker="ariel" end_time="10:11:28 AM" turn_no="31" dialog_act="" comm_act_type="" link_to="" pos="" pos_count="" pos_origin="" topic="" polarity="">spark messes up sometimes for me ...</turn>
<turn mode="chat" speaker="ariel" end_time="10:11:54 AM" turn_no="32" dialog_act="" comm_act_type="" link_to="" pos="" pos_count="" pos_origin="" topic="" polarity="">yeah osama bin laden... definatly is up there unfortunatly</turn>
<turn mode="chat" speaker="cintihia" end_time="10:12:07 AM" turn_no="33" dialog_act="" comm_act_type="" link_to="" pos="" pos_count="" pos_origin="" topic="" polarity="">yeah... he actually mihgt take my vote</turn>
<turn mode="chat" speaker="ted" end_time="10:12:08 AM" turn_no="34" dialog_act="" comm_act_type="" link_to="" pos="" pos_count="" pos_origin="" topic="" polarity="">you three have the same color, it is difficult to dfferentiante who says what</turn>
<turn mode="chat" speaker="ariel" end_time="10:12:14 AM" turn_no="35" dialog_act="" comm_act_type="" link_to="" pos="" pos_count="" pos_origin="" topic="" polarity="">lol</turn>
<turn mode="chat" speaker="ariel" end_time="10:12:16 AM" turn_no="36" dialog_act="" comm_act_type="" link_to="" pos="" pos_count="" pos_origin="" topic="" polarity="">sorry</turn>
<turn mode="chat" speaker="ted" end_time="10:12:48 AM" turn_no="37" dialog_act="" comm_act_type="" link_to="" pos="" pos_count="" pos_origin="" topic="" polarity="">lets go one by one, yes no?</turn>
<turn mode="chat" speaker="ariel" end_time="10:13:38 AM" turn_no="38" dialog_act="" comm_act_type="" link_to="" pos="" pos_count="" pos_origin="" topic="" polarity="">one by one about what?</turn>
<turn mode="chat" speaker="ariel" end_time="10:13:46 AM" turn_no="39" dialog_act="" comm_act_type="" link_to="" pos="" pos_count="" pos_origin="" topic="" polarity="">the list?</turn>
<turn mode="chat" speaker="ariel" end_time="10:13:58 AM" turn_no="40" dialog_act="" comm_act_type="" link_to="" pos="" pos_count="" pos_origin="" topic="" polarity="">I mean the list is totally unexaustable</turn>
<turn mode="chat" speaker="ariel" end_time="10:14:02 AM" turn_no="41" dialog_act="" comm_act_type="" link_to="" pos="" pos_count="" pos_origin="" topic="" polarity="">i could nominate myself</turn>
<turn mode="chat" speaker="ariel" end_time="10:15:22 AM" turn_no="42" dialog_act="" comm_act_type="" link_to="" pos="" pos_count="" pos_origin="" topic="" polarity="">josh you alive?</turn>
<turn mode="chat" speaker="ariel" end_time="10:15:29 AM" turn_no="43" dialog_act="" comm_act_type="" link_to="" pos="" pos_count="" pos_origin="" topic="" polarity="">you havent said anything this whole time</turn>
<turn mode="chat" speaker="cintihia" end_time="10:15:34 AM" turn_no="44" dialog_act="" comm_act_type="" link_to="" pos="" pos_count="" pos_origin="" topic="" polarity="">br right back guys</turn>
<turn mode="chat" speaker="josh" end_time="10:16:22 AM" turn_no="45" dialog_act="" comm_act_type="" link_to="" pos="" pos_count="" pos_origin="" topic="" polarity="">i did lol im jus thinking bout the topic</turn>
<turn mode="chat" speaker="ted" end_time="10:16:42 AM" turn_no="46" dialog_act="" comm_act_type="" link_to="" pos="" pos_count="" pos_origin="" topic="" polarity="">i have my favorite as most influential</turn>
<turn mode="chat" speaker="ariel" end_time="10:16:50 AM" turn_no="47" dialog_act="" comm_act_type="" link_to="" pos="" pos_count="" pos_origin="" topic="" polarity="">who?</turn>
<turn mode="chat" speaker="ted" end_time="10:16:59 AM" turn_no="48" dialog_act="" comm_act_type="" link_to="" pos="" pos_count="" pos_origin="" topic="" polarity="">but i want to hear opionions about all</turn>
<turn mode="chat" speaker="ted" end_time="10:17:44 AM" turn_no="49" dialog_act="" comm_act_type="" link_to="" pos="" pos_count="" pos_origin="" topic="" polarity="">the google guys. for me are the most influential</turn>
<turn mode="chat" speaker="ariel" end_time="10:17:54 AM" turn_no="50" dialog_act="" comm_act_type="" link_to="" pos="" pos_count="" pos_origin="" topic="" polarity="">yeah i was thinking about them</turn>
<turn mode="chat" speaker="ted" end_time="10:18:15 AM" turn_no="51" dialog_act="" comm_act_type="" link_to="" pos="" pos_count="" pos_origin="" topic="" polarity="">even bush, or bin laden probably use google in a daily basis</turn>
<turn mode="chat" speaker="josh" end_time="10:18:17 AM" turn_no="52" dialog_act="" comm_act_type="" link_to="" pos="" pos_count="" pos_origin="" topic="" polarity="">yea they are one of the ones on top of my list</turn>
<turn mode="chat" speaker="josh" end_time="10:18:28 AM" turn_no="53" dialog_act="" comm_act_type="" link_to="" pos="" pos_count="" pos_origin="" topic="" polarity="">but bin laden is my choice</turn>
<turn mode="chat" speaker="ariel" end_time="10:18:44 AM" turn_no="54" dialog_act="" comm_act_type="" link_to="" pos="" pos_count="" pos_origin="" topic="" polarity="">i mean hell without google, would wikipedia still be as popular?</turn>
<turn mode="chat" speaker="ted" end_time="10:18:54 AM" turn_no="55" dialog_act="" comm_act_type="" link_to="" pos="" pos_count="" pos_origin="" topic="" polarity="">they are not necessarily the most important people in the last 10 years but they are very influential</turn>
<turn mode="chat" speaker="ariel" end_time="10:18:57 AM" turn_no="56" dialog_act="" comm_act_type="" link_to="" pos="" pos_count="" pos_origin="" topic="" polarity="">i dont know about you but i feel like that alone is huge</turn>
<turn mode="chat" speaker="ted" end_time="10:19:08 AM" turn_no="57" dialog_act="" comm_act_type="" link_to="" pos="" pos_count="" pos_origin="" topic="" polarity="">their decisions impact everybodys life</turn>
<turn mode="chat" speaker="ariel" end_time="10:19:35 AM" turn_no="58" dialog_act="" comm_act_type="" link_to="" pos="" pos_count="" pos_origin="" topic="" polarity="">yeah including the horrible icons they sometimes pick to represent the google name...</turn>
<turn mode="chat" speaker="cintihia" end_time="10:19:50 AM" turn_no="59" dialog_act="" comm_act_type="" link_to="" pos="" pos_count="" pos_origin="" topic="" polarity="">wat do u mean</turn>
<turn mode="chat" speaker="ariel" end_time="10:20:23 AM" turn_no="60" dialog_act="" comm_act_type="" link_to="" pos="" pos_count="" pos_origin="" topic="" polarity="">like... when they have a holiday</turn>
<turn mode="chat" speaker="ariel" end_time="10:20:34 AM" turn_no="61" dialog_act="" comm_act_type="" link_to="" pos="" pos_count="" pos_origin="" topic="" polarity="">or something is going on like when the olympics were on this year</turn>
<turn mode="chat" speaker="ariel" end_time="10:20:39 AM" turn_no="62" dialog_act="" comm_act_type="" link_to="" pos="" pos_count="" pos_origin="" topic="" polarity="">they change the google icon</turn>
<turn mode="chat" speaker="ariel" end_time="10:20:45 AM" turn_no="63" dialog_act="" comm_act_type="" link_to="" pos="" pos_count="" pos_origin="" topic="" polarity="">and i think sometimes its pretty lame</turn>
<turn mode="chat" speaker="ted" end_time="10:20:47 AM" turn_no="64" dialog_act="" comm_act_type="" link_to="" pos="" pos_count="" pos_origin="" topic="" polarity="">bin laden is certainly an important figure</turn>
<turn mode="chat" speaker="ariel" end_time="10:21:26 AM" turn_no="65" dialog_act="" comm_act_type="" link_to="" pos="" pos_count="" pos_origin="" topic="" polarity="">i think the war... at least for the us has been a very big deal</turn>
<turn mode="chat" speaker="ted" end_time="10:21:34 AM" turn_no="66" dialog_act="" comm_act_type="" link_to="" pos="" pos_count="" pos_origin="" topic="" polarity="">but not to everyone in the world</turn>
<turn mode="chat" speaker="ariel" end_time="10:21:43 AM" turn_no="67" dialog_act="" comm_act_type="" link_to="" pos="" pos_count="" pos_origin="" topic="" polarity="">i feel like this war has influenced our everyday lives in ways we cannot even begin to comprehend</turn>
<turn mode="chat" speaker="ariel" end_time="10:22:01 AM" turn_no="68" dialog_act="" comm_act_type="" link_to="" pos="" pos_count="" pos_origin="" topic="" polarity="">exactly</turn>
<turn mode="chat" speaker="ted" end_time="10:22:08 AM" turn_no="69" dialog_act="" comm_act_type="" link_to="" pos="" pos_count="" pos_origin="" topic="" polarity="">that is true ariel</turn>
<turn mode="chat" speaker="josh" end_time="10:22:09 AM" turn_no="70" dialog_act="" comm_act_type="" link_to="" pos="" pos_count="" pos_origin="" topic="" polarity="">its says that it especially has to effect the US</turn>
<turn mode="chat" speaker="cintihia" end_time="10:22:15 AM" turn_no="71" dialog_act="" comm_act_type="" link_to="" pos="" pos_count="" pos_origin="" topic="" polarity="">which it has</turn>
<turn mode="chat" speaker="ted" end_time="10:22:28 AM" turn_no="72" dialog_act="" comm_act_type="" link_to="" pos="" pos_count="" pos_origin="" topic="" polarity="">at the macroeconomic level we cannot comprehend it impact</turn>
<turn mode="chat" speaker="ted" end_time="10:22:51 AM" turn_no="73" dialog_act="" comm_act_type="" link_to="" pos="" pos_count="" pos_origin="" topic="" polarity="">because we need a few more years to understand its impacts</turn>
<turn mode="chat" speaker="josh" end_time="10:22:56 AM" turn_no="74" dialog_act="" comm_act_type="" link_to="" pos="" pos_count="" pos_origin="" topic="" polarity="">and binladen has impacted alot of the arab world</turn>
<turn mode="chat" speaker="ariel" end_time="10:22:59 AM" turn_no="75" dialog_act="" comm_act_type="" link_to="" pos="" pos_count="" pos_origin="" topic="" polarity="">i mean i think it definatly has had an impact if nothing else... then at least on our economy no?</turn>
<turn mode="chat" speaker="cintihia" end_time="10:23:27 AM" turn_no="76" dialog_act="" comm_act_type="" link_to="" pos="" pos_count="" pos_origin="" topic="" polarity="">yeah</turn>
<turn mode="chat" speaker="cintihia" end_time="10:23:33 AM" turn_no="77" dialog_act="" comm_act_type="" link_to="" pos="" pos_count="" pos_origin="" topic="" polarity="">i mean look at the economy now</turn>
<turn mode="chat" speaker="cintihia" end_time="10:23:34 AM" turn_no="78" dialog_act="" comm_act_type="" link_to="" pos="" pos_count="" pos_origin="" topic="" polarity="">its shit</turn>
<turn mode="chat" speaker="ariel" end_time="10:24:00 AM" turn_no="79" dialog_act="" comm_act_type="" link_to="" pos="" pos_count="" pos_origin="" topic="" polarity="">if anything i think we should focus on a topic...</turn>
<turn mode="chat" speaker="ariel" end_time="10:24:12 AM" turn_no="80" dialog_act="" comm_act_type="" link_to="" pos="" pos_count="" pos_origin="" topic="" polarity="">like i think the economy is aHUGE problem today</turn>
<turn mode="chat" speaker="ariel" end_time="10:24:30 AM" turn_no="81" dialog_act="" comm_act_type="" link_to="" pos="" pos_count="" pos_origin="" topic="" polarity="">and if we could come up with the number one person to effect that</turn>
<turn mode="chat" speaker="ariel" end_time="10:24:36 AM" turn_no="82" dialog_act="" comm_act_type="" link_to="" pos="" pos_count="" pos_origin="" topic="" polarity="">then... i feel like we have our man</turn>
<turn mode="chat" speaker="josh" end_time="10:24:41 AM" turn_no="83" dialog_act="" comm_act_type="" link_to="" pos="" pos_count="" pos_origin="" topic="" polarity="">yea and the US economy affects everyones economy</turn>
<turn mode="chat" speaker="ted" end_time="10:24:54 AM" turn_no="84" dialog_act="" comm_act_type="" link_to="" pos="" pos_count="" pos_origin="" topic="" polarity="">chinas economy is better</turn>
<turn mode="chat" speaker="ariel" end_time="10:25:06 AM" turn_no="85" dialog_act="" comm_act_type="" link_to="" pos="" pos_count="" pos_origin="" topic="" polarity="">because today all you hear about is the economy... and nothing personal but i know for sure that more than anything in the world right now thats whats effecting me the most</turn>
<turn mode="chat" speaker="cintihia" end_time="10:25:36 AM" turn_no="86" dialog_act="" comm_act_type="" link_to="" pos="" pos_count="" pos_origin="" topic="" polarity="">ditto</turn>
<turn mode="chat" speaker="cintihia" end_time="10:25:47 AM" turn_no="87" dialog_act="" comm_act_type="" link_to="" pos="" pos_count="" pos_origin="" topic="" polarity="">so who has had the most impact?</turn>
<turn mode="chat" speaker="ariel" end_time="10:26:04 AM" turn_no="88" dialog_act="" comm_act_type="" link_to="" pos="" pos_count="" pos_origin="" topic="" polarity="">George Bush?</turn>
<turn mode="chat" speaker="ariel" end_time="10:26:15 AM" turn_no="89" dialog_act="" comm_act_type="" link_to="" pos="" pos_count="" pos_origin="" topic="" polarity="">im just throwing that out there... im not solid on that idea</turn>
<turn mode="chat" speaker="ted" end_time="10:26:21 AM" turn_no="90" dialog_act="" comm_act_type="" link_to="" pos="" pos_count="" pos_origin="" topic="" polarity="">chenney</turn>
<turn mode="chat" speaker="ted" end_time="10:26:36 AM" turn_no="91" dialog_act="" comm_act_type="" link_to="" pos="" pos_count="" pos_origin="" topic="" polarity="">he was more influential than bush</turn>
<turn mode="chat" speaker="josh" end_time="10:27:13 AM" turn_no="92" dialog_act="" comm_act_type="" link_to="" pos="" pos_count="" pos_origin="" topic="" polarity="">how so</turn>
<turn mode="chat" speaker="ted" end_time="10:27:24 AM" turn_no="93" dialog_act="" comm_act_type="" link_to="" pos="" pos_count="" pos_origin="" topic="" polarity="">bush was only a facade</turn>
<turn mode="chat" speaker="ted" end_time="10:27:57 AM" turn_no="94" dialog_act="" comm_act_type="" link_to="" pos="" pos_count="" pos_origin="" topic="" polarity="">i think you have missed the news in the last 10 years</turn>
<turn mode="chat" speaker="ariel" end_time="10:28:28 AM" turn_no="95" dialog_act="" comm_act_type="" link_to="" pos="" pos_count="" pos_origin="" topic="" polarity="">LOL</turn>
<turn mode="chat" speaker="cintihia" end_time="10:28:50 AM" turn_no="96" dialog_act="" comm_act_type="" link_to="" pos="" pos_count="" pos_origin="" topic="" polarity="">i dont follow u</turn>
<turn mode="chat" speaker="cintihia" end_time="10:28:55 AM" turn_no="97" dialog_act="" comm_act_type="" link_to="" pos="" pos_count="" pos_origin="" topic="" polarity="">at all</turn>
<turn mode="chat" speaker="cintihia" end_time="10:29:44 AM" turn_no="98" dialog_act="" comm_act_type="" link_to="" pos="" pos_count="" pos_origin="" topic="" polarity="">i dont think chenney ranks anywhere near bin laden</turn>
<turn mode="chat" speaker="ariel" end_time="10:29:44 AM" turn_no="99" dialog_act="" comm_act_type="" link_to="" pos="" pos_count="" pos_origin="" topic="" polarity="">me either</turn>
<turn mode="chat" speaker="josh" end_time="10:29:58 AM" turn_no="100" dialog_act="" comm_act_type="" link_to="" pos="" pos_count="" pos_origin="" topic="" polarity="">yea me too</turn>
<turn mode="chat" speaker="ted" end_time="10:30:01 AM" turn_no="101" dialog_act="" comm_act_type="" link_to="" pos="" pos_count="" pos_origin="" topic="" polarity="">he ranks higher than bush</turn>
<turn mode="chat" speaker="ted" end_time="10:30:09 AM" turn_no="102" dialog_act="" comm_act_type="" link_to="" pos="" pos_count="" pos_origin="" topic="" polarity="">i did not say higher than bin laden</turn>
<turn mode="chat" speaker="cintihia" end_time="10:30:43 AM" turn_no="103" dialog_act="" comm_act_type="" link_to="" pos="" pos_count="" pos_origin="" topic="" polarity="">but i mean... i dont think chenney has been influential</turn>
<turn mode="chat" speaker="cintihia" end_time="10:30:53 AM" turn_no="104" dialog_act="" comm_act_type="" link_to="" pos="" pos_count="" pos_origin="" topic="" polarity="">i havent heard anything crazy about him</turn>
<turn mode="chat" speaker="cintihia" end_time="10:31:07 AM" turn_no="105" dialog_act="" comm_act_type="" link_to="" pos="" pos_count="" pos_origin="" topic="" polarity="">oh wait nvm</turn>
<turn mode="chat" speaker="ted" end_time="10:31:16 AM" turn_no="106" dialog_act="" comm_act_type="" link_to="" pos="" pos_count="" pos_origin="" topic="" polarity="">nvm?</turn>
<turn mode="chat" speaker="cintihia" end_time="10:31:56 AM" turn_no="107" dialog_act="" comm_act_type="" link_to="" pos="" pos_count="" pos_origin="" topic="" polarity="">i get what ur saying</turn>
<turn mode="chat" speaker="ariel" end_time="10:32:25 AM" turn_no="108" dialog_act="" comm_act_type="" link_to="" pos="" pos_count="" pos_origin="" topic="" polarity="">i dont</turn>
<turn mode="chat" speaker="ariel" end_time="10:32:45 AM" turn_no="109" dialog_act="" comm_act_type="" link_to="" pos="" pos_count="" pos_origin="" topic="" polarity="">i dont watch tv</turn>
<turn mode="chat" speaker="ariel" end_time="10:32:50 AM" turn_no="110" dialog_act="" comm_act_type="" link_to="" pos="" pos_count="" pos_origin="" topic="" polarity="">and i dont read the news anywhere</turn>
<turn mode="chat" speaker="ariel" end_time="10:32:51 AM" turn_no="111" dialog_act="" comm_act_type="" link_to="" pos="" pos_count="" pos_origin="" topic="" polarity="">lol!</turn>
<turn mode="chat" speaker="ariel" end_time="10:33:21 AM" turn_no="112" dialog_act="" comm_act_type="" link_to="" pos="" pos_count="" pos_origin="" topic="" polarity="">yes, yes i live under a rock.... but please explain... how has he been influential</turn>
<turn mode="chat" speaker="josh" end_time="10:34:26 AM" turn_no="113" dialog_act="" comm_act_type="" link_to="" pos="" pos_count="" pos_origin="" topic="" polarity="">i think wut hes tryin to say is that chenney was basically the president and bush was jus a face for the presidency</turn>
<turn mode="chat" speaker="josh" end_time="10:34:44 AM" turn_no="114" dialog_act="" comm_act_type="" link_to="" pos="" pos_count="" pos_origin="" topic="" polarity="">like cheeneny made the decisions</turn>
<turn mode="chat" speaker="ted" end_time="10:34:45 AM" turn_no="115" dialog_act="" comm_act_type="" link_to="" pos="" pos_count="" pos_origin="" topic="" polarity="">just please google most powerful vicepresident ever and you will see what i mean about bush</turn>
<turn mode="chat" speaker="ted" end_time="10:35:32 AM" turn_no="116" dialog_act="" comm_act_type="" link_to="" pos="" pos_count="" pos_origin="" topic="" polarity="">josh you got the point</turn>
<turn mode="chat" speaker="ariel" end_time="10:37:09 AM" turn_no="117" dialog_act="" comm_act_type="" link_to="" pos="" pos_count="" pos_origin="" topic="" polarity="">i see</turn>
<turn mode="chat" speaker="ariel" end_time="10:37:19 AM" turn_no="118" dialog_act="" comm_act_type="" link_to="" pos="" pos_count="" pos_origin="" topic="" polarity="">too much mumbo jumbo for me but i get the idea</turn>
<turn mode="chat" speaker="ariel" end_time="10:37:56 AM" turn_no="119" dialog_act="" comm_act_type="" link_to="" pos="" pos_count="" pos_origin="" topic="" polarity="">but do you think cheneny has impacted the world?</turn>
<turn mode="chat" speaker="josh" end_time="10:38:19 AM" turn_no="120" dialog_act="" comm_act_type="" link_to="" pos="" pos_count="" pos_origin="" topic="" polarity="">yes</turn>
<turn mode="chat" speaker="josh" end_time="10:38:32 AM" turn_no="121" dialog_act="" comm_act_type="" link_to="" pos="" pos_count="" pos_origin="" topic="" polarity="">but i still like bin laden</turn>
<turn mode="chat" speaker="ariel" end_time="10:38:46 AM" turn_no="122" dialog_act="" comm_act_type="" link_to="" pos="" pos_count="" pos_origin="" topic="" polarity="">yeah same here</turn>
<turn mode="chat" speaker="cintihia" end_time="10:39:38 AM" turn_no="123" dialog_act="" comm_act_type="" link_to="" pos="" pos_count="" pos_origin="" topic="" polarity="">bin laden for president</turn>
<turn mode="chat" speaker="cintihia" end_time="10:39:39 AM" turn_no="124" dialog_act="" comm_act_type="" link_to="" pos="" pos_count="" pos_origin="" topic="" polarity="">NOT</turn>
<turn mode="chat" speaker="ted" end_time="10:40:01 AM" turn_no="125" dialog_act="" comm_act_type="" link_to="" pos="" pos_count="" pos_origin="" topic="" polarity="">bin laden is my second top choice</turn>
<turn mode="chat" speaker="ariel" end_time="10:40:25 AM" turn_no="126" dialog_act="" comm_act_type="" link_to="" pos="" pos_count="" pos_origin="" topic="" polarity="">second top?</turn>
<turn mode="chat" speaker="ariel" end_time="10:40:45 AM" turn_no="127" dialog_act="" comm_act_type="" link_to="" pos="" pos_count="" pos_origin="" topic="" polarity="">first is??? oprah?</turn>
<turn mode="chat" speaker="ted" end_time="10:41:19 AM" turn_no="128" dialog_act="" comm_act_type="" link_to="" pos="" pos_count="" pos_origin="" topic="" polarity="">for me, the google guys</turn>
<turn mode="chat" speaker="ted" end_time="10:41:34 AM" turn_no="129" dialog_act="" comm_act_type="" link_to="" pos="" pos_count="" pos_origin="" topic="" polarity="">i can image my day without google</turn>
<turn mode="chat" speaker="ariel" end_time="10:41:44 AM" turn_no="130" dialog_act="" comm_act_type="" link_to="" pos="" pos_count="" pos_origin="" topic="" polarity="">LOL</turn>
<turn mode="chat" speaker="ariel" end_time="10:42:02 AM" turn_no="131" dialog_act="" comm_act_type="" link_to="" pos="" pos_count="" pos_origin="" topic="" polarity="">so have we then all agreed to narrow it down to the google guys or bin laden?</turn>
<turn mode="chat" speaker="josh" end_time="10:42:26 AM" turn_no="132" dialog_act="" comm_act_type="" link_to="" pos="" pos_count="" pos_origin="" topic="" polarity="">i think so</turn>
<turn mode="chat" speaker="ted" end_time="10:42:51 AM" turn_no="133" dialog_act="" comm_act_type="" link_to="" pos="" pos_count="" pos_origin="" topic="" polarity="">i am fine with that</turn>
<turn mode="chat" speaker="ariel" end_time="10:43:19 AM" turn_no="134" dialog_act="" comm_act_type="" link_to="" pos="" pos_count="" pos_origin="" topic="" polarity="">cintihia?</turn>
<turn mode="chat" speaker="cintihia" end_time="10:43:31 AM" turn_no="135" dialog_act="" comm_act_type="" link_to="" pos="" pos_count="" pos_origin="" topic="" polarity="">idk about the google guys</turn>
<turn mode="chat" speaker="ariel" end_time="10:43:58 AM" turn_no="136" dialog_act="" comm_act_type="" link_to="" pos="" pos_count="" pos_origin="" topic="" polarity="">so whos your second choice?</turn>
<turn mode="chat" speaker="cintihia" end_time="10:44:04 AM" turn_no="137" dialog_act="" comm_act_type="" link_to="" pos="" pos_count="" pos_origin="" topic="" polarity="">i go on fb 60x more than i do google.and thas no exageratino</turn>
<turn mode="chat" speaker="cintihia" end_time="10:44:10 AM" turn_no="138" dialog_act="" comm_act_type="" link_to="" pos="" pos_count="" pos_origin="" topic="" polarity="">im really not sure</turn>
<turn mode="chat" speaker="cintihia" end_time="10:45:23 AM" turn_no="139" dialog_act="" comm_act_type="" link_to="" pos="" pos_count="" pos_origin="" topic="" polarity="">i am set on bin laden... but i think there could be a number of people who would fall second</turn>
<turn mode="chat" speaker="cintihia" end_time="10:45:47 AM" turn_no="140" dialog_act="" comm_act_type="" link_to="" pos="" pos_count="" pos_origin="" topic="" polarity="">cuz if were gonna think google is number two i think mark zuckerburg is also</turn>
<turn mode="chat" speaker="ted" end_time="10:47:34 AM" turn_no="141" dialog_act="" comm_act_type="" link_to="" pos="" pos_count="" pos_origin="" topic="" polarity="">Mark is becoming more and more inflential for sure</turn>
<turn mode="chat" speaker="ted" end_time="10:47:42 AM" turn_no="142" dialog_act="" comm_act_type="" link_to="" pos="" pos_count="" pos_origin="" topic="" polarity="">but in the last 10 years</turn>
<turn mode="chat" speaker="ted" end_time="10:47:49 AM" turn_no="143" dialog_act="" comm_act_type="" link_to="" pos="" pos_count="" pos_origin="" topic="" polarity="">the google guys top him</turn>
<turn mode="chat" speaker="ariel" end_time="10:48:35 AM" turn_no="144" dialog_act="" comm_act_type="" link_to="" pos="" pos_count="" pos_origin="" topic="" polarity="">facebook hasent been around for a decade...</turn>
<turn mode="chat" speaker="cintihia" end_time="10:48:38 AM" turn_no="145" dialog_act="" comm_act_type="" link_to="" pos="" pos_count="" pos_origin="" topic="" polarity="">idk... google has offered to buy fb a number of times.. it seems like they want someonthing fb has</turn>
<turn mode="chat" speaker="cintihia" end_time="10:48:46 AM" turn_no="146" dialog_act="" comm_act_type="" link_to="" pos="" pos_count="" pos_origin="" topic="" polarity="">its been around for about half of that</turn>
<turn mode="chat" speaker="josh" end_time="10:48:59 AM" turn_no="147" dialog_act="" comm_act_type="" link_to="" pos="" pos_count="" pos_origin="" topic="" polarity="">yea im def goin wit bin laden. hes affected our lives in every which way..n with google you dont neccessarily have to us google or anything like that</turn>
<turn mode="chat" speaker="cintihia" end_time="10:49:08 AM" turn_no="148" dialog_act="" comm_act_type="" link_to="" pos="" pos_count="" pos_origin="" topic="" polarity="">like i said tho. its started off the social media explosion. without it idk where we would be</turn>
<turn mode="chat" speaker="cintihia" end_time="10:49:43 AM" turn_no="149" dialog_act="" comm_act_type="" link_to="" pos="" pos_count="" pos_origin="" topic="" polarity="">everyone is meeting online and even older generations are going into it</turn>
<turn mode="chat" speaker="cintihia" end_time="10:49:54 AM" turn_no="150" dialog_act="" comm_act_type="" link_to="" pos="" pos_count="" pos_origin="" topic="" polarity="">my mom and dad have one, my aunt and uncle</turn>
<turn mode="chat" speaker="cintihia" end_time="10:49:59 AM" turn_no="151" dialog_act="" comm_act_type="" link_to="" pos="" pos_count="" pos_origin="" topic="" polarity="">who are 70 years old</turn>
<turn mode="chat" speaker="ariel" end_time="10:50:58 AM" turn_no="152" dialog_act="" comm_act_type="" link_to="" pos="" pos_count="" pos_origin="" topic="" polarity="">my mom friended me last week...</turn>
<turn mode="chat" speaker="ariel" end_time="10:51:03 AM" turn_no="153" dialog_act="" comm_act_type="" link_to="" pos="" pos_count="" pos_origin="" topic="" polarity="">i ignored it...</turn>
<turn mode="chat" speaker="cintihia" end_time="10:51:20 AM" turn_no="154" dialog_act="" comm_act_type="" link_to="" pos="" pos_count="" pos_origin="" topic="" polarity="">i ignored them too</turn>
<turn mode="chat" speaker="cintihia" end_time="10:51:32 AM" turn_no="155" dialog_act="" comm_act_type="" link_to="" pos="" pos_count="" pos_origin="" topic="" polarity="">everyone wants a piece of facebook</turn>
<turn mode="chat" speaker="ariel" end_time="10:51:34 AM" turn_no="156" dialog_act="" comm_act_type="" link_to="" pos="" pos_count="" pos_origin="" topic="" polarity="">lol</turn>
<turn mode="chat" speaker="ariel" end_time="10:51:53 AM" turn_no="157" dialog_act="" comm_act_type="" link_to="" pos="" pos_count="" pos_origin="" topic="" polarity="">i dun know i can argue that</turn>
<turn mode="chat" speaker="ariel" end_time="10:52:01 AM" turn_no="158" dialog_act="" comm_act_type="" link_to="" pos="" pos_count="" pos_origin="" topic="" polarity="">ive logged in like 2 times in the past 6 months</turn>
<turn mode="chat" speaker="ariel" end_time="10:52:11 AM" turn_no="159" dialog_act="" comm_act_type="" link_to="" pos="" pos_count="" pos_origin="" topic="" polarity="">and thats only because something came up in my email lol</turn>
<turn mode="chat" speaker="josh" end_time="10:52:14 AM" turn_no="160" dialog_act="" comm_act_type="" link_to="" pos="" pos_count="" pos_origin="" topic="" polarity="">yea but not everyone has it</turn>
<turn mode="chat" speaker="josh" end_time="10:52:23 AM" turn_no="161" dialog_act="" comm_act_type="" link_to="" pos="" pos_count="" pos_origin="" topic="" polarity="">or uses it</turn>
<turn mode="chat" speaker="cintihia" end_time="10:52:25 AM" turn_no="162" dialog_act="" comm_act_type="" link_to="" pos="" pos_count="" pos_origin="" topic="" polarity="">well u r the exception</turn>
<turn mode="chat" speaker="cintihia" end_time="10:52:29 AM" turn_no="163" dialog_act="" comm_act_type="" link_to="" pos="" pos_count="" pos_origin="" topic="" polarity="">lol</turn>
<turn mode="chat" speaker="cintihia" end_time="10:52:37 AM" turn_no="164" dialog_act="" comm_act_type="" link_to="" pos="" pos_count="" pos_origin="" topic="" polarity="">facebook is the biggest social media network in the world</turn>
<turn mode="chat" speaker="cintihia" end_time="10:52:59 AM" turn_no="165" dialog_act="" comm_act_type="" link_to="" pos="" pos_count="" pos_origin="" topic="" polarity="">im only arguin this because communication is my major and im studying the effects of fb</turn>
<turn mode="chat" speaker="ariel" end_time="10:53:11 AM" turn_no="166" dialog_act="" comm_act_type="" link_to="" pos="" pos_count="" pos_origin="" topic="" polarity="">LOL</turn>
<turn mode="chat" speaker="ted" end_time="10:53:31 AM" turn_no="167" dialog_act="" comm_act_type="" link_to="" pos="" pos_count="" pos_origin="" topic="" polarity="">facebook is a new medium of comunication</turn>
<turn mode="chat" speaker="ted" end_time="10:53:39 AM" turn_no="168" dialog_act="" comm_act_type="" link_to="" pos="" pos_count="" pos_origin="" topic="" polarity="">and it is pervasive</turn>
<turn mode="chat" speaker="cintihia" end_time="10:53:45 AM" turn_no="169" dialog_act="" comm_act_type="" link_to="" pos="" pos_count="" pos_origin="" topic="" polarity="">yes</turn>
<turn mode="chat" speaker="ted" end_time="10:53:48 AM" turn_no="170" dialog_act="" comm_act_type="" link_to="" pos="" pos_count="" pos_origin="" topic="" polarity="">but for me it is not necesarily influential</turn>
<turn mode="chat" speaker="cintihia" end_time="10:54:04 AM" turn_no="171" dialog_act="" comm_act_type="" link_to="" pos="" pos_count="" pos_origin="" topic="" polarity="">how is google influential then... that fb isnt</turn>
<turn mode="chat" speaker="ted" end_time="10:54:21 AM" turn_no="172" dialog_act="" comm_act_type="" link_to="" pos="" pos_count="" pos_origin="" topic="" polarity="">or at least not as influential as google</turn>
<turn mode="chat" speaker="josh" end_time="10:54:36 AM" turn_no="173" dialog_act="" comm_act_type="" link_to="" pos="" pos_count="" pos_origin="" topic="" polarity="">fastest way to find info</turn>
<turn mode="chat" speaker="cintihia" end_time="10:54:36 AM" turn_no="174" dialog_act="" comm_act_type="" link_to="" pos="" pos_count="" pos_origin="" topic="" polarity="">but how so?</turn>
<turn mode="chat" speaker="ariel" end_time="10:54:40 AM" turn_no="175" dialog_act="" comm_act_type="" link_to="" pos="" pos_count="" pos_origin="" topic="" polarity="">guys im gonna get a snack im starving</turn>
<turn mode="chat" speaker="ariel" end_time="10:54:42 AM" turn_no="176" dialog_act="" comm_act_type="" link_to="" pos="" pos_count="" pos_origin="" topic="" polarity="">brb</turn>
<turn mode="chat" speaker="ted" end_time="10:55:59 AM" turn_no="177" dialog_act="" comm_act_type="" link_to="" pos="" pos_count="" pos_origin="" topic="" polarity="">don't get me wrong. i think facebook is really influential</turn>
<turn mode="chat" speaker="ted" end_time="10:56:39 AM" turn_no="178" dialog_act="" comm_act_type="" link_to="" pos="" pos_count="" pos_origin="" topic="" polarity="">personally i am not in facebook everyday</turn>
<turn mode="chat" speaker="ted" end_time="10:56:52 AM" turn_no="179" dialog_act="" comm_act_type="" link_to="" pos="" pos_count="" pos_origin="" topic="" polarity="">but i use google at least 30 times per day</turn>
<turn mode="chat" speaker="ted" end_time="10:56:57 AM" turn_no="180" dialog_act="" comm_act_type="" link_to="" pos="" pos_count="" pos_origin="" topic="" polarity="">and more and more</turn>
<turn mode="chat" speaker="ted" end_time="10:57:34 AM" turn_no="181" dialog_act="" comm_act_type="" link_to="" pos="" pos_count="" pos_origin="" topic="" polarity="">before it used to be only searches, then directions, then sharing documents, then google talk, now android os.</turn>
<turn mode="chat" speaker="cintihia" end_time="10:57:47 AM" turn_no="182" dialog_act="" comm_act_type="" link_to="" pos="" pos_count="" pos_origin="" topic="" polarity="">wat is android os?</turn>
<turn mode="chat" speaker="ted" end_time="10:58:00 AM" turn_no="183" dialog_act="" comm_act_type="" link_to="" pos="" pos_count="" pos_origin="" topic="" polarity="">to use facebook on my phone i use the android os</turn>
<turn mode="chat" speaker="cintihia" end_time="10:58:28 AM" turn_no="184" dialog_act="" comm_act_type="" link_to="" pos="" pos_count="" pos_origin="" topic="" polarity="">explain?</turn>
<turn mode="chat" speaker="ted" end_time="10:58:36 AM" turn_no="185" dialog_act="" comm_act_type="" link_to="" pos="" pos_count="" pos_origin="" topic="" polarity="">the google operating system that some smart phones have</turn>
<turn mode="chat" speaker="cintihia" end_time="10:59:28 AM" turn_no="186" dialog_act="" comm_act_type="" link_to="" pos="" pos_count="" pos_origin="" topic="" polarity="">i dont believe i have that on my blackberry</turn>
<turn mode="chat" speaker="cintihia" end_time="10:59:58 AM" turn_no="187" dialog_act="" comm_act_type="" link_to="" pos="" pos_count="" pos_origin="" topic="" polarity="">what does it do for ur phone? like is it faster?</turn>
<turn mode="chat" speaker="ted" end_time="11:00:17 AM" turn_no="188" dialog_act="" comm_act_type="" link_to="" pos="" pos_count="" pos_origin="" topic="" polarity="">your blackberry wouldnt have it</turn>
<turn mode="chat" speaker="ted" end_time="11:01:22 AM" turn_no="189" dialog_act="" comm_act_type="" link_to="" pos="" pos_count="" pos_origin="" topic="" polarity="">literally i can live without facebook. i can call my friends by phone, and visit them in person. i can belong to groups, and other stuff without it. but i couldn't search the web by myself. and the other search engines do suck</turn>
<turn mode="chat" speaker="ariel" end_time="11:02:02 AM" turn_no="190" dialog_act="" comm_act_type="" link_to="" pos="" pos_count="" pos_origin="" topic="" polarity="">back!</turn>
<turn mode="chat" speaker="ariel" end_time="11:02:14 AM" turn_no="191" dialog_act="" comm_act_type="" link_to="" pos="" pos_count="" pos_origin="" topic="" polarity="">got food... and i visitied the toilet!</turn>
<turn mode="chat" speaker="ariel" end_time="11:02:15 AM" turn_no="192" dialog_act="" comm_act_type="" link_to="" pos="" pos_count="" pos_origin="" topic="" polarity="">lol</turn>
<turn mode="chat" speaker="ariel" end_time="11:02:23 AM" turn_no="193" dialog_act="" comm_act_type="" link_to="" pos="" pos_count="" pos_origin="" topic="" polarity="">not at the same time though..</turn>
<turn mode="chat" speaker="josh" end_time="11:03:07 AM" turn_no="194" dialog_act="" comm_act_type="" link_to="" pos="" pos_count="" pos_origin="" topic="" polarity="">yea but u can use other search engines</turn>
<turn mode="chat" speaker="ariel" end_time="11:03:12 AM" turn_no="195" dialog_act="" comm_act_type="" link_to="" pos="" pos_count="" pos_origin="" topic="" polarity="">so are we all voting for bin?</turn>
<turn mode="chat" speaker="ariel" end_time="11:03:22 AM" turn_no="196" dialog_act="" comm_act_type="" link_to="" pos="" pos_count="" pos_origin="" topic="" polarity="">as #1</turn>
<turn mode="chat" speaker="cintihia" end_time="11:03:25 AM" turn_no="197" dialog_act="" comm_act_type="" link_to="" pos="" pos_count="" pos_origin="" topic="" polarity="">i am</turn>
<turn mode="chat" speaker="josh" end_time="11:03:49 AM" turn_no="198" dialog_act="" comm_act_type="" link_to="" pos="" pos_count="" pos_origin="" topic="" polarity="">as am i</turn>
<turn mode="chat" speaker="ted" end_time="11:04:09 AM" turn_no="199" dialog_act="" comm_act_type="" link_to="" pos="" pos_count="" pos_origin="" topic="" polarity="">you can, but all the other search engines were influenced by googles capabilities and funcionality</turn>
<turn mode="chat" speaker="ariel" end_time="11:04:17 AM" turn_no="200" dialog_act="" comm_act_type="" link_to="" pos="" pos_count="" pos_origin="" topic="" polarity="">*pokes ted*</turn>
<turn mode="chat" speaker="ted" end_time="11:04:59 AM" turn_no="201" dialog_act="" comm_act_type="" link_to="" pos="" pos_count="" pos_origin="" topic="" polarity="">*pokes ariel back*</turn>
<turn mode="chat" speaker="ariel" end_time="11:05:20 AM" turn_no="202" dialog_act="" comm_act_type="" link_to="" pos="" pos_count="" pos_origin="" topic="" polarity="">Ow!</turn>
<turn mode="chat" speaker="ariel" end_time="11:05:36 AM" turn_no="203" dialog_act="" comm_act_type="" link_to="" pos="" pos_count="" pos_origin="" topic="" polarity="">just answer is bin your #1?</turn>
<turn mode="chat" speaker="ariel" end_time="11:05:56 AM" turn_no="204" dialog_act="" comm_act_type="" link_to="" pos="" pos_count="" pos_origin="" topic="" polarity="">i dont care about ur number 5,6 7 or 10</turn>
<turn mode="chat" speaker="ariel" end_time="11:06:02 AM" turn_no="205" dialog_act="" comm_act_type="" link_to="" pos="" pos_count="" pos_origin="" topic="" polarity="">just #1 right now</turn>
<turn mode="chat" speaker="cintihia" end_time="11:10:26 AM" turn_no="206" dialog_act="" comm_act_type="" link_to="" pos="" pos_count="" pos_origin="" topic="" polarity="">pokes ted</turn>
<turn mode="chat" speaker="ted" end_time="11:10:56 AM" turn_no="207" dialog_act="" comm_act_type="" link_to="" pos="" pos_count="" pos_origin="" topic="" polarity="">i told you google guys then bin laden</turn>
<turn mode="chat" speaker="cintihia" end_time="11:11:25 AM" turn_no="208" dialog_act="" comm_act_type="" link_to="" pos="" pos_count="" pos_origin="" topic="" polarity="">ariel wats ur vote</turn>
<turn mode="chat" speaker="ted" end_time="11:11:26 AM" turn_no="209" dialog_act="" comm_act_type="" link_to="" pos="" pos_count="" pos_origin="" topic="" polarity="">or at most the two of them share number 1</turn>
<turn mode="chat" speaker="ariel" end_time="11:12:24 AM" turn_no="210" dialog_act="" comm_act_type="" link_to="" pos="" pos_count="" pos_origin="" topic="" polarity="">i vote for bin ladin at #1</turn>
<turn mode="chat" speaker="ted" end_time="11:13:25 AM" turn_no="211" dialog_act="" comm_act_type="" link_to="" pos="" pos_count="" pos_origin="" topic="" polarity="">it almost makes me upset that the most influential person is a terrorist</turn>
<turn mode="chat" speaker="josh" end_time="11:13:39 AM" turn_no="212" dialog_act="" comm_act_type="" link_to="" pos="" pos_count="" pos_origin="" topic="" polarity="">bin laden has affect everyones life in one way or another tho</turn>
<turn mode="chat" speaker="ariel" end_time="11:13:41 AM" turn_no="213" dialog_act="" comm_act_type="" link_to="" pos="" pos_count="" pos_origin="" topic="" polarity="">yeah but its not like we can help it</turn>
<turn mode="chat" speaker="cintihia" end_time="11:14:43 AM" turn_no="214" dialog_act="" comm_act_type="" link_to="" pos="" pos_count="" pos_origin="" topic="" polarity="">rnt they always tho?</turn>
<turn mode="chat" speaker="cintihia" end_time="11:15:01 AM" turn_no="215" dialog_act="" comm_act_type="" link_to="" pos="" pos_count="" pos_origin="" topic="" polarity="">evil= power, attention</turn>
<turn mode="chat" speaker="cintihia" end_time="11:15:08 AM" turn_no="216" dialog_act="" comm_act_type="" link_to="" pos="" pos_count="" pos_origin="" topic="" polarity="">fear factor</turn>
<turn mode="chat" speaker="josh" end_time="11:15:17 AM" turn_no="217" dialog_act="" comm_act_type="" link_to="" pos="" pos_count="" pos_origin="" topic="" polarity="">yea</turn>
<turn mode="chat" speaker="josh" end_time="11:16:07 AM" turn_no="218" dialog_act="" comm_act_type="" link_to="" pos="" pos_count="" pos_origin="" topic="" polarity="">if anythin bin laden has affected the whole world by making people have fear</turn>
<turn mode="chat" speaker="ted" end_time="11:17:55 AM" turn_no="219" dialog_act="" comm_act_type="" link_to="" pos="" pos_count="" pos_origin="" topic="" polarity="">how does it influence your daily life?</turn>
<turn mode="chat" speaker="josh" end_time="11:18:11 AM" turn_no="220" dialog_act="" comm_act_type="" link_to="" pos="" pos_count="" pos_origin="" topic="" polarity="">well fear doesnt</turn>
<turn mode="chat" speaker="cintihia" end_time="11:18:13 AM" turn_no="221" dialog_act="" comm_act_type="" link_to="" pos="" pos_count="" pos_origin="" topic="" polarity="">i cant spend any money</turn>
<turn mode="chat" speaker="ariel" end_time="11:18:15 AM" turn_no="222" dialog_act="" comm_act_type="" link_to="" pos="" pos_count="" pos_origin="" topic="" polarity="">well the war</turn>
<turn mode="chat" speaker="ariel" end_time="11:18:20 AM" turn_no="223" dialog_act="" comm_act_type="" link_to="" pos="" pos_count="" pos_origin="" topic="" polarity="">the war rocked my wor;d</turn>
<turn mode="chat" speaker="ariel" end_time="11:18:26 AM" turn_no="224" dialog_act="" comm_act_type="" link_to="" pos="" pos_count="" pos_origin="" topic="" polarity="">i dont know about where you live</turn>
<turn mode="chat" speaker="josh" end_time="11:18:27 AM" turn_no="225" dialog_act="" comm_act_type="" link_to="" pos="" pos_count="" pos_origin="" topic="" polarity="">but everytime u go to an airport</turn>
<turn mode="chat" speaker="cintihia" end_time="11:18:35 AM" turn_no="226" dialog_act="" comm_act_type="" link_to="" pos="" pos_count="" pos_origin="" topic="" polarity="">i wont have a job when i grad in may most likely</turn>
<turn mode="chat" speaker="josh" end_time="11:18:43 AM" turn_no="227" dialog_act="" comm_act_type="" link_to="" pos="" pos_count="" pos_origin="" topic="" polarity="">a sporting event</turn>
<turn mode="chat" speaker="cintihia" end_time="11:18:50 AM" turn_no="228" dialog_act="" comm_act_type="" link_to="" pos="" pos_count="" pos_origin="" topic="" polarity="">ive lost friends in iraq</turn>
<turn mode="chat" speaker="ted" end_time="11:19:21 AM" turn_no="229" dialog_act="" comm_act_type="" link_to="" pos="" pos_count="" pos_origin="" topic="" polarity="">the economy is in this bad stituation but not only because of the war</turn>
<turn mode="chat" speaker="cintihia" end_time="11:19:30 AM" turn_no="230" dialog_act="" comm_act_type="" link_to="" pos="" pos_count="" pos_origin="" topic="" polarity="">but its a hugeeee reason</turn>
<turn mode="chat" speaker="ariel" end_time="11:19:34 AM" turn_no="231" dialog_act="" comm_act_type="" link_to="" pos="" pos_count="" pos_origin="" topic="" polarity="">ive had fellow emts serve and have to kill ppl</turn>
<turn mode="chat" speaker="cintihia" end_time="11:19:35 AM" turn_no="232" dialog_act="" comm_act_type="" link_to="" pos="" pos_count="" pos_origin="" topic="" polarity="">pry the number one reason</turn>
<turn mode="chat" speaker="ariel" end_time="11:19:39 AM" turn_no="233" dialog_act="" comm_act_type="" link_to="" pos="" pos_count="" pos_origin="" topic="" polarity="">they have never been the same</turn>
<turn mode="chat" speaker="ted" end_time="11:19:54 AM" turn_no="234" dialog_act="" comm_act_type="" link_to="" pos="" pos_count="" pos_origin="" topic="" polarity="">the US spends more in welfare that in the war</turn>
<turn mode="chat" speaker="cintihia" end_time="11:20:20 AM" turn_no="235" dialog_act="" comm_act_type="" link_to="" pos="" pos_count="" pos_origin="" topic="" polarity="">ok well thats somethinng we have to spend money on</turn>
<turn mode="chat" speaker="cintihia" end_time="11:20:28 AM" turn_no="236" dialog_act="" comm_act_type="" link_to="" pos="" pos_count="" pos_origin="" topic="" polarity="">we dont have to spend millions of millions on the war</turn>
<turn mode="chat" speaker="ted" end_time="11:20:31 AM" turn_no="237" dialog_act="" comm_act_type="" link_to="" pos="" pos_count="" pos_origin="" topic="" polarity="">i agree</turn>
<turn mode="chat" speaker="ariel" end_time="11:20:36 AM" turn_no="238" dialog_act="" comm_act_type="" link_to="" pos="" pos_count="" pos_origin="" topic="" polarity="">yeah but welfare is not centered around one person</turn>
<turn mode="chat" speaker="ted" end_time="11:20:38 AM" turn_no="239" dialog_act="" comm_act_type="" link_to="" pos="" pos_count="" pos_origin="" topic="" polarity="">but when you spend more than you have</turn>
<turn mode="chat" speaker="josh" end_time="11:20:42 AM" turn_no="240" dialog_act="" comm_act_type="" link_to="" pos="" pos_count="" pos_origin="" topic="" polarity="">but the war also affectt gas prices and everything else</turn>
<turn mode="chat" speaker="ted" end_time="11:20:45 AM" turn_no="241" dialog_act="" comm_act_type="" link_to="" pos="" pos_count="" pos_origin="" topic="" polarity="">then is when you go in debt</turn>
<turn mode="chat" speaker="cintihia" end_time="11:20:46 AM" turn_no="242" dialog_act="" comm_act_type="" link_to="" pos="" pos_count="" pos_origin="" topic="" polarity="">exactly</turn>
<turn mode="chat" speaker="ariel" end_time="11:21:10 AM" turn_no="243" dialog_act="" comm_act_type="" link_to="" pos="" pos_count="" pos_origin="" topic="" polarity="">how about all the people who died in september 11th</turn>
<turn mode="chat" speaker="ariel" end_time="11:21:20 AM" turn_no="244" dialog_act="" comm_act_type="" link_to="" pos="" pos_count="" pos_origin="" topic="" polarity="">all of those people have been effected for the past 10 years</turn>
<turn mode="chat" speaker="ted" end_time="11:21:23 AM" turn_no="245" dialog_act="" comm_act_type="" link_to="" pos="" pos_count="" pos_origin="" topic="" polarity="">it seemed like the war was driving the was prices up</turn>
<turn mode="chat" speaker="ted" end_time="11:21:37 AM" turn_no="246" dialog_act="" comm_act_type="" link_to="" pos="" pos_count="" pos_origin="" topic="" polarity="">but in reality it was the speculators in wall strreet</turn>
<turn mode="chat" speaker="cintihia" end_time="11:22:12 AM" turn_no="247" dialog_act="" comm_act_type="" link_to="" pos="" pos_count="" pos_origin="" topic="" polarity="">ok but that was also because of the war</turn>
<turn mode="chat" speaker="cintihia" end_time="11:22:18 AM" turn_no="248" dialog_act="" comm_act_type="" link_to="" pos="" pos_count="" pos_origin="" topic="" polarity="">its like a domino effect</turn>
<turn mode="chat" speaker="ted" end_time="11:22:24 AM" turn_no="249" dialog_act="" comm_act_type="" link_to="" pos="" pos_count="" pos_origin="" topic="" polarity="">i agree about the deaths, the ones who died in 9 11 and the soldiers</turn>
<turn mode="chat" speaker="cintihia" end_time="11:22:30 AM" turn_no="250" dialog_act="" comm_act_type="" link_to="" pos="" pos_count="" pos_origin="" topic="" polarity="">they were overestimating costs on wall street because of the war</turn>
<turn mode="chat" speaker="ted" end_time="11:22:51 AM" turn_no="251" dialog_act="" comm_act_type="" link_to="" pos="" pos_count="" pos_origin="" topic="" polarity="">they were not overstimating</turn>
<turn mode="chat" speaker="ted" end_time="11:23:08 AM" turn_no="252" dialog_act="" comm_act_type="" link_to="" pos="" pos_count="" pos_origin="" topic="" polarity="">they knew their scheme</turn>
<turn mode="chat" speaker="ted" end_time="11:23:15 AM" turn_no="253" dialog_act="" comm_act_type="" link_to="" pos="" pos_count="" pos_origin="" topic="" polarity="">and wanted us to believe it was the war</turn>
<turn mode="chat" speaker="cintihia" end_time="11:23:38 AM" turn_no="254" dialog_act="" comm_act_type="" link_to="" pos="" pos_count="" pos_origin="" topic="" polarity="">is that proven</turn>
<turn mode="chat" speaker="ted" end_time="11:23:49 AM" turn_no="255" dialog_act="" comm_act_type="" link_to="" pos="" pos_count="" pos_origin="" topic="" polarity="">yup</turn>
<turn mode="chat" speaker="ted" end_time="11:24:06 AM" turn_no="256" dialog_act="" comm_act_type="" link_to="" pos="" pos_count="" pos_origin="" topic="" polarity="">when obama was elected and he said we will invextigate</turn>
<turn mode="chat" speaker="ted" end_time="11:24:14 AM" turn_no="257" dialog_act="" comm_act_type="" link_to="" pos="" pos_count="" pos_origin="" topic="" polarity="">the prices dropped so quickly</turn>
<turn mode="chat" speaker="ted" end_time="11:24:20 AM" turn_no="258" dialog_act="" comm_act_type="" link_to="" pos="" pos_count="" pos_origin="" topic="" polarity="">because they were about to be caught</turn>
<turn mode="chat" speaker="ted" end_time="11:24:57 AM" turn_no="259" dialog_act="" comm_act_type="" link_to="" pos="" pos_count="" pos_origin="" topic="" polarity="">i did like tonys point aobut the sporting events though</turn>
<turn mode="chat" speaker="ted" end_time="11:25:16 AM" turn_no="260" dialog_act="" comm_act_type="" link_to="" pos="" pos_count="" pos_origin="" topic="" polarity="">that is sadly true</turn>
<turn mode="chat" speaker="ariel" end_time="11:25:53 AM" turn_no="261" dialog_act="" comm_act_type="" link_to="" pos="" pos_count="" pos_origin="" topic="" polarity="">so can we now all agree</turn>
<turn mode="chat" speaker="josh" end_time="11:25:55 AM" turn_no="262" dialog_act="" comm_act_type="" link_to="" pos="" pos_count="" pos_origin="" topic="" polarity="">yea there are tons of small things like that that has been a cause of bin laden</turn>
<turn mode="chat" speaker="ariel" end_time="11:25:58 AM" turn_no="263" dialog_act="" comm_act_type="" link_to="" pos="" pos_count="" pos_origin="" topic="" polarity="">on bin laden?</turn>
<turn mode="chat" speaker="josh" end_time="11:26:48 AM" turn_no="264" dialog_act="" comm_act_type="" link_to="" pos="" pos_count="" pos_origin="" topic="" polarity="">im all in for bin laden</turn>
<turn mode="chat" speaker="cintihia" end_time="11:26:52 AM" turn_no="265" dialog_act="" comm_act_type="" link_to="" pos="" pos_count="" pos_origin="" topic="" polarity="">im voting for bin</turn>
<turn mode="chat" speaker="ted" end_time="11:27:30 AM" turn_no="266" dialog_act="" comm_act_type="" link_to="" pos="" pos_count="" pos_origin="" topic="" polarity="">he is still my second, sorry or at least shares #1 with google guys</turn>
<turn mode="chat" speaker="cintihia" end_time="11:29:48 AM" turn_no="267" dialog_act="" comm_act_type="" link_to="" pos="" pos_count="" pos_origin="" topic="" polarity="">ok ariel and u?</turn>
<turn mode="chat" speaker="ariel" end_time="11:30:04 AM" turn_no="268" dialog_act="" comm_act_type="" link_to="" pos="" pos_count="" pos_origin="" topic="" polarity="">im votingfor bin laden</turn>
<turn mode="chat" speaker="josh" end_time="11:30:19 AM" turn_no="269" dialog_act="" comm_act_type="" link_to="" pos="" pos_count="" pos_origin="" topic="" polarity="">me to</turn>
<turn mode="chat" speaker="ariel" end_time="11:30:33 AM" turn_no="270" dialog_act="" comm_act_type="" link_to="" pos="" pos_count="" pos_origin="" topic="" polarity="">ok well time is up</turn>
<turn mode="chat" speaker="cintihia" end_time="11:30:33 AM" turn_no="271" dialog_act="" comm_act_type="" link_to="" pos="" pos_count="" pos_origin="" topic="" polarity="">looks like laden wins 3:1</turn>
<turn mode="chat" speaker="ariel" end_time="11:30:47 AM" turn_no="272" dialog_act="" comm_act_type="" link_to="" pos="" pos_count="" pos_origin="" topic="" polarity="">yeah but doesnt it have to be a consensus?</turn>
<turn mode="chat" speaker="ted" end_time="11:31:24 AM" turn_no="273" dialog_act="" comm_act_type="" link_to="" pos="" pos_count="" pos_origin="" topic="" polarity="">we tried but did not achieve. it is ok though</turn>
<turn mode="chat" speaker="moderator" end_time="11:32:32 AM" turn_no="274" dialog_act="" comm_act_type="" link_to="" pos="" pos_count="" pos_origin="" topic="" polarity="">Hi guys, it is ok. I will allow majority rules this one time. :-)</turn>
<turn mode="chat" speaker="moderator" end_time="11:32:45 AM" turn_no="275" dialog_act="" comm_act_type="" link_to="" pos="" pos_count="" pos_origin="" topic="" polarity="">Just want to remind you to fill out the survey when you leave.</turn>
<turn mode="chat" speaker="ariel" end_time="11:32:49 AM" turn_no="276" dialog_act="" comm_act_type="" link_to="" pos="" pos_count="" pos_origin="" topic="" polarity="">ok</turn>
<turn mode="chat" speaker="moderator" end_time="11:32:53 AM" turn_no="277" dialog_act="" comm_act_type="" link_to="" pos="" pos_count="" pos_origin="" topic="" polarity="">link</turn>
<turn mode="chat" speaker="cintihia" end_time="11:33:01 AM" turn_no="278" dialog_act="" comm_act_type="" link_to="" pos="" pos_count="" pos_origin="" topic="" polarity="">when will we be receiving checks?</turn>
<turn mode="chat" speaker="moderator" end_time="11:33:09 AM" turn_no="279" dialog_act="" comm_act_type="" link_to="" pos="" pos_count="" pos_origin="" topic="" polarity="">Thanks all, I will send out a closing email tomorrow.</turn>
<turn mode="chat" speaker="cintihia" end_time="11:33:20 AM" turn_no="280" dialog_act="" comm_act_type="" link_to="" pos="" pos_count="" pos_origin="" topic="" polarity="">perfect</turn>
<turn mode="chat" speaker="moderator" end_time="11:33:45 AM" turn_no="281" dialog_act="" comm_act_type="" link_to="" pos="" pos_count="" pos_origin="" topic="" polarity="">Enjoy the rest of your weekend!</turn>
<turn mode="chat" speaker="cintihia" end_time="11:35:12 AM" turn_no="282" dialog_act="" comm_act_type="" link_to="" pos="" pos_count="" pos_origin="" topic="" polarity="">bye guys</turn>
<turn mode="chat" speaker="ariel" end_time="11:35:19 AM" turn_no="283" dialog_act="" comm_act_type="" link_to="" pos="" pos_count="" pos_origin="" topic="" polarity="">bye</turn>
</Dialogue>
