RespondentID,CollectorID,StartDate,EndDate,IP Address,Email Address,First Name,LastName,Custom Data,"Please enter the email you used as your contact email for this study.     *It is very important you enter the same email you used to sign up so that we can confirm you have completed all parts of the study in order for you to receive the $35.00 Amazon gift code and for the chance to win an iPad3.        - Open-Ended Response","UAlbany has begun several building projects on campus, including a new Business School building and a new football stadium. At the same time, UAlbany has reduced the full time faculty teaching academic courses. A search for a new president is underway. What do you think his or her priority should be in the first year of their presidency?","How strongly do you feel about your answer? - How strongly do you feel about your answer?","Rank in order, from 1 being most important to 6 being least important: Where do you think the next president should prioritize future spending: - Building better athletic facilities","Rank in order, from 1 being most important to 6 being least important: Where do you think the next president should prioritize future spending: - Improving dormitories","Rank in order, from 1 being most important to 6 being least important: Where do you think the next president should prioritize future spending: - Updating classrooms","Rank in order, from 1 being most important to 6 being least important: Where do you think the next president should prioritize future spending: - Offering additional classes with more topics/subjects","Rank in order, from 1 being most important to 6 being least important: Where do you think the next president should prioritize future spending: - Having full time faculty rather than graduate students teach classes","Rank in order, from 1 being most important to 6 being least important: Where do you think the next president should prioritize future spending: - Reduce the size of classes"
1901101252,28289967,07/02/2012 22:59:31,07/02/2012 23:01:38,"111.176.50.85","","","","","ryanmwang1985@gmail.com","Keep improving the facilities on campus. UAlbany needs a stadium and new/updated buildings to draw students and create a better environment.","1 (very strongly)","3","6 (least important)","1 (most important)","5","2","4"
1901100400,28289967,07/02/2012 22:58:56,07/02/2012 23:00:42,"67.248.151.251","","","","","cwong@albany.edu","Keep improving the facilities on campus. UAlbany needs a stadium and new/updated buildings to draw students and create a better environment.","2","2","1 (most important)","3","6 (least important)","5","4"
1901100359,28289967,07/02/2012 22:58:55,07/02/2012 23:00:39,"59.56.109.27","","","","","yjlin789@gmail.com","Hire more full time faculty. Class sizes are already too big, and UAlbany needs to focus on its academic mission.","1 (very strongly)","6 (least important)","4","5","1 (most important)","3","2"
1901100204,28289967,07/02/2012 22:59:11,07/02/2012 23:00:29,"169.226.70.197","","","","","rsun@albany.edu","Hire more full time faculty. Class sizes are already too big, and UAlbany needs to focus on its academic mission.","2","6 (least important)","5","4","2","1 (most important)","3"
