<?xml version="1.0" encoding="UTF-8" standalone="no"?><Dialogue date="2010-03-14">
<turn comm_act_type="response-to" dialog_act="COMM-MGMT:Other-Conventional-Phrase" end_time="09:24:25 AM" link_to="" mode="chat" polarity="" pos="" pos_count="" pos_origin="" speaker="moderator" topic="" turn_no="1">link</turn>
<turn comm_act_type="addressed-to" dialog_act="COMM-MGMT:Assertion-Opinion" end_time="10:01:12 AM" link_to="all-users" mode="chat" polarity="" pos="" pos_count="1" pos_origin=";topic(2.1)" speaker="cintihia" topic="" turn_no="2">cool topic</turn>
<turn comm_act_type="addressed-to" dialog_act="COMM-MGMT:Conventional-Opening" end_time="10:01:41 AM" link_to="all-users" mode="chat" polarity="" pos="" pos_count="1" pos_origin=";people(3.1)" speaker="moderator" topic="" turn_no="3">:-) thanks....good morning...just waiting for more people to begin.</turn>
<turn comm_act_type="addressed-to" dialog_act="COMM-MGMT:Acknowledge" end_time="10:01:50 AM" link_to="all-users" mode="chat" polarity="" pos="" pos_count="" pos_origin="" speaker="ted" topic="" turn_no="4">ok</turn>
<turn comm_act_type="addressed-to" dialog_act="COMM-MGMT:Conventional-Opening" end_time="10:05:07 AM" link_to="all-users" mode="chat" polarity="" pos="" pos_count="" pos_origin="" speaker="ariel" topic="" turn_no="5">hi</turn>
<turn comm_act_type="addressed-to" dialog_act="PRCS-MGMT:Assertion-Opinion" end_time="10:05:13 AM" link_to="all-users" mode="chat" polarity="" pos="" pos_count="1" pos_origin=";group(6.1)" speaker="ariel" topic="" turn_no="6">i just got moved to this group</turn>
<turn comm_act_type="addressed-to" dialog_act="PRCS-MGMT:Action-Directive" end_time="10:05:14 AM" link_to="all-users" mode="chat" polarity="" pos="" pos_count="" pos_origin="" speaker="moderator" topic="" turn_no="7">Cool, we can begin.</turn>
<turn comm_act_type="addressed-to" dialog_act="PRCS-MGMT:Assertion-Opinion" end_time="10:05:23 AM" link_to="all-users" mode="chat" polarity="" pos="" pos_count="2" pos_origin=";someone(8.1);leader(8.2)" speaker="moderator" topic="" turn_no="8">Just have to ask someone to be a leader.....</turn>
<turn comm_act_type="addressed-to" dialog_act="TASK:Offer-Commit" end_time="10:05:33 AM" link_to="ariel" mode="chat" polarity="" pos="" pos_count="" pos_origin="" speaker="moderator" topic="" turn_no="9">ariel, would you mind?</turn>
<turn comm_act_type="response-to" dialog_act="PRCS-MGMT:--Response-Answer" end_time="10:05:44 AM" link_to="moderator:9" mode="chat" polarity="" pos="" pos_count="" pos_origin="" speaker="ariel" topic="" turn_no="10">sure..</turn>
<turn comm_act_type="addressed-to" dialog_act="PRCS-MGMT:Action-Directive" end_time="10:05:55 AM" link_to="ariel" mode="chat" polarity="" pos="" pos_count="3" pos_origin=";discussion(11.1);track(11.2);consensus(11.3)" speaker="moderator" topic="" turn_no="11">You simply have to ensure that discussion is on track and that a consensus is reached..</turn>
<turn comm_act_type="addressed-to" dialog_act="COMM-MGMT:Other-Conventional-Phrase" end_time="10:05:57 AM" link_to="ariel" mode="chat" polarity="" pos="" pos_count="" pos_origin="" speaker="moderator" topic="" turn_no="12">Great, thanks!</turn>
<turn comm_act_type="response-to" dialog_act="PRCS-MGMT:--Response-Answer" end_time="10:06:00 AM" link_to="moderator:11" mode="chat" polarity="" pos="" pos_count="" pos_origin="" speaker="ariel" topic="" turn_no="13">ok</turn>
<turn comm_act_type="addressed-to" dialog_act="PRCS-MGMT:Action-Directive" end_time="10:06:04 AM" link_to="ariel" mode="chat" polarity="" pos="" pos_count="" pos_origin="" speaker="moderator" topic="" turn_no="14">You may begin whenever you're ready...</turn>
<turn comm_act_type="response-to" dialog_act="PRCS-MGMT:Acknowledge" end_time="10:06:38 AM" link_to="moderator:14" mode="chat" polarity="" pos="" pos_count="" pos_origin="" speaker="ariel" topic="" turn_no="15">ok</turn>
<turn comm_act_type="addressed-to" dialog_act="COMM-MGMT:Other-Conventional-Phrase" end_time="10:06:50 AM" link_to="all-users" mode="chat" polarity="" pos="" pos_count="" pos_origin="" speaker="ariel" topic="" turn_no="16">so...</turn>
<turn comm_act_type="continuation-of" dialog_act="TASK:Assertion-Opinion" end_time="10:07:00 AM" link_to="ariel:16" mode="chat" polarity="neutral" pos="" pos_count="" pos_origin="" speaker="ariel" topic="J. K. Rowling" turn_no="17">I vote for J.K.Rowling</turn>
<turn comm_act_type="addressed-to" dialog_act="TASK:Assertion-Opinion" end_time="10:07:14 AM" link_to="all-users" mode="chat" polarity="neutral" pos="" pos_count="" pos_origin="" speaker="cintihia" topic="Oprah Winfrey" turn_no="18">im sayin oprah</turn>
<turn comm_act_type="addressed-to" dialog_act="COMM-MGMT:Other-Conventional-Phrase" end_time="10:07:19 AM" link_to="all-users" mode="chat" polarity="" pos="" pos_count="" pos_origin="" speaker="ariel" topic="" turn_no="19">lol</turn>
<turn comm_act_type="continuation-of" dialog_act="TASK:Assertion-Opinion" end_time="10:07:35 AM" link_to="ariel:19" mode="chat" polarity="neutral" pos="" pos_count="1" pos_origin=";mom(20.1)" speaker="ariel" topic="Oprah Winfrey" turn_no="20">my mom loves oprah... what oprah says goes for her lol</turn>
<turn comm_act_type="continuation-of" dialog_act="TASK:Information-Request" end_time="10:08:10 AM" link_to="ariel:20" mode="chat" polarity="" pos="" pos_count="1" pos_origin=";Anyone(21.1)" speaker="ariel" topic="" turn_no="21">Anyone else?</turn>
<turn comm_act_type="addressed-to" dialog_act="TASK:Assertion-Opinion" end_time="10:08:24 AM" link_to="all-users" mode="chat" polarity="" pos="" pos_count="7" pos_origin=";names(22.1);list(22.2);dick cheney(22.3);collin powell(22.4);Mark Zuckerberg(22.5);facebook(22.6);founder(22.7)" speaker="ted" topic="" turn_no="22">i dlike to add three more names to the list: dick cheney. collin powell, and Mark Zuckerberg; the facebook founder</turn>
<turn comm_act_type="addressed-to" dialog_act="TASK:--Agree-Accept" end_time="10:09:12 AM" link_to="all-users" mode="chat" polarity="" pos=";mark zuckerberg(22.5)-repetition-Mark Zuckerberg(22.5)" pos_count="" pos_origin="" speaker="cintihia" topic="" turn_no="23">mark zuckerberg is good</turn>
<turn comm_act_type="addressed-to" dialog_act="TASK:Information-Request" end_time="10:09:33 AM" link_to="all-users" mode="chat" polarity="" pos=";facebook(22.6)-repetition-facebook(22.6)" pos_count="" pos_origin="" speaker="ariel" topic="" turn_no="24">yeah... but has facebook really done THAT much?</turn>
<turn comm_act_type="continuation-of" dialog_act="TASK:Assertion-Opinion" end_time="10:09:42 AM" link_to="ariel:24" mode="chat" polarity="" pos=";people(3.1)-repetition-people(3.1);it(22.6)-pronoun-reference-facebook(22.6)" pos_count="" pos_origin="" speaker="ariel" topic="" turn_no="25">i mean for some people sure... but i never even touch it</turn>
<turn comm_act_type="addressed-to" dialog_act="TASK:Assertion-Opinion" end_time="10:09:58 AM" link_to="all-users" mode="chat" polarity="" pos="" pos_count="2" pos_origin=";social media(26.1);explosion(26.2)" speaker="cintihia" topic="" turn_no="26">its really set off the social media explosion</turn>
<turn comm_act_type="continuation-of" dialog_act="TASK:Assertion-Opinion" end_time="10:10:01 AM" link_to="cintihia:26" mode="chat" polarity="" pos="" pos_count="1" pos_origin=";everyone(27.1)" speaker="cintihia" topic="" turn_no="27">everyone is online</turn>
<turn comm_act_type="addressed-to" dialog_act="TASK:Assertion-Opinion" end_time="10:10:11 AM" link_to="all-users" mode="chat" polarity="neutral" pos="" pos_count="1" pos_origin=";directions(28.1)" speaker="josh" topic="Osama Bin Laden" turn_no="28">well from reading the directions id have to go with osama bin laden</turn>
<turn comm_act_type="addressed-to" dialog_act="TASK:Assertion-Opinion" end_time="10:10:23 AM" link_to="all-users" mode="chat" polarity="negative" pos="" pos_count="2" pos_origin=";bat(29.1);disciplines(29.2)" speaker="ted" topic="Lady Gaga" turn_no="29">right off the bat i will remove lady gaga, and roger federere. they are good in their disciplines and i like them but they are not that influential</turn>
<turn comm_act_type="addressed-to" dialog_act="TASK:Assertion-Opinion" end_time="10:11:20 AM" link_to="all-users" mode="chat" polarity="" pos="" pos_count="" pos_origin="" speaker="ariel" topic="" turn_no="30">sorry about that</turn>
<turn comm_act_type="continuation-of" dialog_act="TASK:Assertion-Opinion" end_time="10:11:28 AM" link_to="ariel:30" mode="chat" polarity="" pos="" pos_count="" pos_origin="" speaker="ariel" topic="" turn_no="31">spark messes up sometimes for me ...</turn>
<turn comm_act_type="response-to" dialog_act="TASK:--Agree-Accept" end_time="10:11:54 AM" link_to="josh:28" mode="chat" polarity="neutral" pos="" pos_count="" pos_origin="" speaker="ariel" topic="Osama Bin Laden" turn_no="32">yeah osama bin laden... definatly is up there unfortunatly</turn>
<turn comm_act_type="addressed-to" dialog_act="TASK:--Agree-Accept" end_time="10:12:07 AM" link_to="all-users" mode="chat" polarity="positive" pos="" pos_count="1" pos_origin=";vote(33.1)" speaker="cintihia" topic="Osama Bin Laden" turn_no="33">yeah... he actually mihgt take my vote</turn>
<turn comm_act_type="addressed-to" dialog_act="PRCS-MGMT:Assertion-Opinion" end_time="10:12:08 AM" link_to="all-users" mode="chat" polarity="" pos="" pos_count="1" pos_origin=";color(34.1)" speaker="ted" topic="" turn_no="34">you three have the same color, it is difficult to dfferentiante who says what</turn>
<turn comm_act_type="response-to" dialog_act="COMM-MGMT:Other-Conventional-Phrase" end_time="10:12:14 AM" link_to="ted:34" mode="chat" polarity="" pos="" pos_count="" pos_origin="" speaker="ariel" topic="" turn_no="35">lol</turn>
<turn comm_act_type="continuation-of" dialog_act="COMM-MGMT:Other-Conventional-Phrase" end_time="10:12:16 AM" link_to="ariel:35" mode="chat" polarity="" pos="" pos_count="" pos_origin="" speaker="ariel" topic="" turn_no="36">sorry</turn>
<turn comm_act_type="addressed-to" dialog_act="PRCS-MGMT:Confirmation-Request" end_time="10:12:48 AM" link_to="all-users" mode="chat" polarity="" pos="" pos_count="" pos_origin="" speaker="ted" topic="" turn_no="37">lets go one by one, yes no?</turn>
<turn comm_act_type="response-to" dialog_act="PRCS-MGMT:Information-Request" end_time="10:13:38 AM" link_to="ted:37" mode="chat" polarity="" pos="" pos_count="" pos_origin="" speaker="ariel" topic="" turn_no="38">one by one about what?</turn>
<turn comm_act_type="continuation-of" dialog_act="TASK:Confirmation-Request" end_time="10:13:46 AM" link_to="ariel:38" mode="chat" polarity="" pos=";list(22.2)-repetition-list(22.2)" pos_count="" pos_origin="" speaker="ariel" topic="" turn_no="39">the list?</turn>
<turn comm_act_type="addressed-to" dialog_act="PRCS-MGMT:Assertion-Opinion" end_time="10:13:58 AM" link_to="all-users" mode="chat" polarity="" pos=";list(22.2)-repetition-list(22.2)" pos_count="" pos_origin="" speaker="ariel" topic="" turn_no="40">I mean the list is totally unexaustable</turn>
<turn comm_act_type="continuation-of" dialog_act="PRCS-MGMT:Assertion-Opinion" end_time="10:14:02 AM" link_to="ariel:40" mode="chat" polarity="" pos="" pos_count="" pos_origin="" speaker="ariel" topic="" turn_no="41">i could nominate myself</turn>
<turn comm_act_type="addressed-to" dialog_act="PRCS-MGMT:Action-Directive" end_time="10:15:22 AM" link_to="josh" mode="chat" polarity="" pos="" pos_count="" pos_origin="" speaker="ariel" topic="" turn_no="42">josh you alive?</turn>
<turn comm_act_type="continuation-of" dialog_act="PRCS-MGMT:Assertion-Opinion" end_time="10:15:29 AM" link_to="ariel:42" mode="chat" polarity="" pos="" pos_count="2" pos_origin=";anything(43.1);time(43.2)" speaker="ariel" topic="" turn_no="43">you havent said anything this whole time</turn>
<turn comm_act_type="addressed-to" dialog_act="PRCS-MGMT:Assertion-Opinion" end_time="10:15:34 AM" link_to="all-users" mode="chat" polarity="" pos="" pos_count="1" pos_origin=";guys(44.1)" speaker="cintihia" topic="" turn_no="44">br right back guys</turn>
<turn comm_act_type="response-to" dialog_act="PRCS-MGMT:--Response-Answer" end_time="10:16:22 AM" link_to="ariel:43" mode="chat" polarity="" pos=";topic(2.1)-repetition-topic(2.1)" pos_count="" pos_origin="" speaker="josh" topic="" turn_no="45">i did lol im jus thinking bout the topic</turn>
<turn comm_act_type="addressed-to" dialog_act="TASK:Assertion-Opinion" end_time="10:16:42 AM" link_to="all-users" mode="chat" polarity="" pos="" pos_count="1" pos_origin=";favorite(46.1)" speaker="ted" topic="" turn_no="46">i have my favorite as most influential</turn>
<turn comm_act_type="response-to" dialog_act="TASK:Information-Request" end_time="10:16:50 AM" link_to="ted:46" mode="chat" polarity="" pos="" pos_count="" pos_origin="" speaker="ariel" topic="" turn_no="47">who?</turn>
<turn comm_act_type="continuation-of" dialog_act="TASK:Assertion-Opinion" end_time="10:16:59 AM" link_to="ted:46" mode="chat" polarity="" pos="" pos_count="1" pos_origin=";opionions(48.1)" speaker="ted" topic="" turn_no="48">but i want to hear opionions about all</turn>
<turn comm_act_type="response-to" dialog_act="TASK:--Response-Answer" end_time="10:17:44 AM" link_to="ariel:47" mode="chat" polarity="neutral" pos="" pos_count="1" pos_origin=";google guys(49.1)" speaker="ted" topic="Larry Page and Sergey Brin" turn_no="49">the google guys. for me are the most influential</turn>
<turn comm_act_type="response-to" dialog_act="TASK:--Agree-Accept" end_time="10:17:54 AM" link_to="ted:49" mode="chat" polarity="positive" pos=";them(49.1)-pronoun-reference-google guys(49.1)" pos_count="" pos_origin="" speaker="ariel" topic="Larry Page and Sergey Brin" turn_no="50">yeah i was thinking about them</turn>
<turn comm_act_type="continuation-of" dialog_act="TASK:Assertion-Opinion" end_time="10:18:15 AM" link_to="ted:49" mode="chat" polarity="positive" pos="" pos_count="2" pos_origin=";google(51.1);daily basis(51.2)" speaker="ted" topic="Larry Page and Sergey Brin" turn_no="51">even bush, or bin laden probably use google in a daily basis</turn>
<turn comm_act_type="addressed-to" dialog_act="TASK:--Agree-Accept" end_time="10:18:17 AM" link_to="all-users" mode="chat" polarity="positive" pos=";they(49.1)-pronoun-reference-google guys(49.1);list(22.2)-repetition-list(22.2)" pos_count="" pos_origin="" speaker="josh" topic="Larry Page and Sergey Brin" turn_no="52">yea they are one of the ones on top of my list</turn>
<turn comm_act_type="response-to" dialog_act="TASK:Assertion-Opinion" end_time="10:18:28 AM" link_to="ted:51" mode="chat" polarity="positive" pos="" pos_count="1" pos_origin=";choice(53.1)" speaker="josh" topic="Osama Bin Laden" turn_no="53">but bin laden is my choice</turn>
<turn comm_act_type="addressed-to" dialog_act="TASK:Assertion-Opinion" end_time="10:18:44 AM" link_to="all-users" mode="chat" polarity="positive" pos=";google(51.1)-repetition-google(51.1)" pos_count="1" pos_origin=";wikipedia(54.1)" speaker="ariel" topic="Larry Page and Sergey Brin" turn_no="54">i mean hell without google, would wikipedia still be as popular?</turn>
<turn comm_act_type="addressed-to" dialog_act="TASK:Assertion-Opinion" end_time="10:18:54 AM" link_to="all-users" mode="chat" polarity="positive" pos=";they(49.1)-pronoun-reference-google guys(49.1);people(3.1)-repetition-people(3.1);they(49.1)-pronoun-reference-google guys(49.1)" pos_count="1" pos_origin=";10 years(55.1)" speaker="ted" topic="Larry Page and Sergey Brin" turn_no="55">they are not necessarily the most important people in the last 10 years but they are very influential</turn>
<turn comm_act_type="continuation-of" dialog_act="TASK:Assertion-Opinion" end_time="10:18:57 AM" link_to="ariel:54" mode="chat" polarity="positive" pos="" pos_count="" pos_origin="" speaker="ariel" topic="Larry Page and Sergey Brin" turn_no="56">i dont know about you but i feel like that alone is huge</turn>
<turn comm_act_type="continuation-of" dialog_act="TASK:Assertion-Opinion" end_time="10:19:08 AM" link_to="ted:55" mode="chat" polarity="positive" pos=";their(49.1)-pronoun-reference-google guys(49.1);everybodys(27.1)-repetition-everyone(27.1)" pos_count="2" pos_origin=";decisions(57.1);life(57.2)" speaker="ted" topic="Larry Page and Sergey Brin" turn_no="57">their decisions impact everybodys life</turn>
<turn comm_act_type="response-to" dialog_act="TASK:--Agree-Accept" end_time="10:19:35 AM" link_to="ted:57" mode="chat" polarity="positive" pos=";they(49.1)-pronoun-reference-google guys(49.1);google(51.1)-repetition-google(51.1)" pos_count="2" pos_origin=";icons(58.1);name(58.2)" speaker="ariel" topic="Larry Page and Sergey Brin" turn_no="58">yeah including the horrible icons they sometimes pick to represent the google name...</turn>
<turn comm_act_type="addressed-to" dialog_act="TASK:Signal-Non-Understanding" end_time="10:19:50 AM" link_to="ariel" mode="chat" polarity="" pos="" pos_count="" pos_origin="" speaker="cintihia" topic="" turn_no="59">wat do u mean</turn>
<turn comm_act_type="response-to" dialog_act="TASK:--Response-Answer" end_time="10:20:23 AM" link_to="cintihia:59" mode="chat" polarity="neutral" pos=";they(49.1)-pronoun-reference-google guys(49.1)" pos_count="1" pos_origin=";holiday(60.1)" speaker="ariel" topic="Larry Page and Sergey Brin" turn_no="60">like... when they have a holiday</turn>
<turn comm_act_type="continuation-of" dialog_act="TASK:--Response-Answer" end_time="10:20:34 AM" link_to="ariel:60" mode="chat" polarity="neutral" pos="" pos_count="3" pos_origin=";something(61.1);olympics(61.2);year(61.3)" speaker="ariel" topic="Larry Page and Sergey Brin" turn_no="61">or something is going on like when the olympics were on this year</turn>
<turn comm_act_type="continuation-of" dialog_act="TASK:--Response-Answer" end_time="10:20:39 AM" link_to="ariel:61" mode="chat" polarity="neutral" pos=";they(51.1)-pronoun-reference-google(51.1)" pos_count="1" pos_origin=";google icon(62.1)" speaker="ariel" topic="Larry Page and Sergey Brin" turn_no="62">they change the google icon</turn>
<turn comm_act_type="continuation-of" dialog_act="TASK:--Response-Answer" end_time="10:20:45 AM" link_to="ariel:62" mode="chat" polarity="neutral" pos=";its(62.1)-pronoun-reference-google icon(62.1)" pos_count="" pos_origin="" speaker="ariel" topic="Larry Page and Sergey Brin" turn_no="63">and i think sometimes its pretty lame</turn>
<turn comm_act_type="addressed-to" dialog_act="TASK:Assertion-Opinion" end_time="10:20:47 AM" link_to="all-users" mode="chat" polarity="positive" pos="" pos_count="1" pos_origin=";figure(64.1)" speaker="ted" topic="Osama Bin Laden" turn_no="64">bin laden is certainly an important figure</turn>
<turn comm_act_type="response-to" dialog_act="TASK:Assertion-Opinion" end_time="10:21:26 AM" link_to="ted:64" mode="chat" polarity="neutral" pos="" pos_count="3" pos_origin=";war(65.1);us(65.2);deal(65.3)" speaker="ariel" topic="Osama Bin Laden" turn_no="65">i think the war... at least for the us has been a very big deal</turn>
<turn comm_act_type="continuation-of" dialog_act="TASK:Assertion-Opinion" end_time="10:21:34 AM" link_to="ted:64" mode="chat" polarity="negative" pos=";everyone(27.1)-repetition-everyone(27.1)" pos_count="1" pos_origin=";world(66.1)" speaker="ted" topic="Osama Bin Laden" turn_no="66">but not to everyone in the world</turn>
<turn comm_act_type="continuation-of" dialog_act="TASK:Assertion-Opinion" end_time="10:21:43 AM" link_to="ariel:65" mode="chat" polarity="neutral" pos=";war(65.1)-repetition-war(65.1)" pos_count="2" pos_origin=";everyday lives(67.1);ways(67.2)" speaker="ariel" topic="Osama Bin Laden" turn_no="67">i feel like this war has influenced our everyday lives in ways we cannot even begin to comprehend</turn>
<turn comm_act_type="response-to" dialog_act="TASK:--Agree-Accept" end_time="10:22:01 AM" link_to="ted:66" mode="chat" polarity="negative" pos="" pos_count="" pos_origin="" speaker="ariel" topic="Osama Bin Laden" turn_no="68">exactly</turn>
<turn comm_act_type="addressed-to" dialog_act="TASK:--Agree-Accept" end_time="10:22:08 AM" link_to="ariel" mode="chat" polarity="neutral" pos="" pos_count="" pos_origin="" speaker="ted" topic="Osama Bin Laden" turn_no="69">that is true ariel</turn>
<turn comm_act_type="addressed-to" dialog_act="TASK:Assertion-Opinion" end_time="10:22:09 AM" link_to="all-users" mode="chat" polarity="neutral" pos=";US(65.2)-repetition-us(65.2);it(65.1)-pronoun-reference-war(65.1)" pos_count="" pos_origin="" speaker="josh" topic="Osama Bin Laden" turn_no="70">its says that it especially has to effect the US</turn>
<turn comm_act_type="response-to" dialog_act="TASK:Assertion-Opinion" end_time="10:22:15 AM" link_to="josh:70" mode="chat" polarity="positive" pos=";it(65.1)-pronoun-reference-war(65.1)" pos_count="" pos_origin="" speaker="cintihia" topic="Osama Bin Laden" turn_no="71">which it has</turn>
<turn comm_act_type="addressed-to" dialog_act="TASK:Assertion-Opinion" end_time="10:22:28 AM" link_to="all-users" mode="chat" polarity="neutral" pos=";it(65.1)-pronoun-reference-war(65.1)" pos_count="2" pos_origin=";macroeconomic level(72.1);impact(72.2)" speaker="ted" topic="Osama Bin Laden" turn_no="72">at the macroeconomic level we cannot comprehend it impact</turn>
<turn comm_act_type="continuation-of" dialog_act="TASK:Assertion-Opinion" end_time="10:22:51 AM" link_to="ted:72" mode="chat" polarity="neutral" pos=";years(61.3)-repetition-year(61.3);its(65.1)-pronoun-reference-war(65.1);impacts(72.2)-repetition-impact(72.2)" pos_count="" pos_origin="" speaker="ted" topic="Osama Bin Laden" turn_no="73">because we need a few more years to understand its impacts</turn>
<turn comm_act_type="continuation-of" dialog_act="TASK:Assertion-Opinion" end_time="10:22:56 AM" link_to="josh:70" mode="chat" polarity="positive" pos="" pos_count="1" pos_origin=";arab world(74.1)" speaker="josh" topic="Osama Bin Laden" turn_no="74">and binladen has impacted alot of the arab world</turn>
<turn comm_act_type="addressed-to" dialog_act="TASK:Confirmation-Request" end_time="10:22:59 AM" link_to="all-users" mode="chat" polarity="neutral" pos=";impact(72.2)-repetition-impact(72.2)" pos_count="1" pos_origin=";economy(75.1.1)" speaker="ariel" topic="Osama Bin Laden" turn_no="75">i mean i think it definatly has had an impact if nothing else...then at least on our economy no? </turn>
<turn comm_act_type="response-to" dialog_act="TASK:--Agree-Accept" end_time="10:23:27 AM" link_to="" mode="chat" polarity="neutral" pos="" pos_count="" pos_origin="" speaker="cintihia" topic="Osama Bin Laden" turn_no="76">yeah</turn>
<turn comm_act_type="addressed-to" dialog_act="TASK:Assertion-Opinion" end_time="10:23:33 AM" link_to="all-users" mode="chat" polarity="neutral" pos=";economy(75.1.1)-repetition-economy(75.1.1)" pos_count="" pos_origin="" speaker="cintihia" topic="Osama Bin Laden" turn_no="77">i mean look at the economy now</turn>
<turn comm_act_type="continuation-of" dialog_act="TASK:Assertion-Opinion" end_time="10:23:34 AM" link_to="cintihia:77" mode="chat" polarity="neutral" pos=";its(75.1.1)-pronoun-reference-economy(75.1.1)" pos_count="1" pos_origin=";shit(78.1)" speaker="cintihia" topic="Osama Bin Laden" turn_no="78">its shit</turn>
<turn comm_act_type="addressed-to" dialog_act="PRCS-MGMT:Assertion-Opinion" end_time="10:24:00 AM" link_to="all-users" mode="chat" polarity="" pos=";anything(43.1)-repetition-anything(43.1);topic(2.1)-repetition-topic(2.1)" pos_count="" pos_origin="" speaker="ariel" topic="" turn_no="79">if anything i think we should focus on a topic...</turn>
<turn comm_act_type="continuation-of" dialog_act="PRCS-MGMT:Assertion-Opinion" end_time="10:24:12 AM" link_to="ariel:79" mode="chat" polarity="" pos=";economy(75.1.1)-repetition-economy(75.1.1)" pos_count="2" pos_origin=";problem(80.1);today(80.2)" speaker="ariel" topic="" turn_no="80">like i think the economy is aHUGE problem today</turn>
<turn comm_act_type="continuation-of" dialog_act="PRCS-MGMT:Assertion-Opinion" end_time="10:24:30 AM" link_to="ariel:80" mode="chat" polarity="" pos=";that(2.1)-pronoun-reference-topic(2.1)" pos_count="1" pos_origin=";number one person(81.1)" speaker="ariel" topic="" turn_no="81">and if we could come up with the number one person to effect that</turn>
<turn comm_act_type="continuation-of" dialog_act="PRCS-MGMT:Assertion-Opinion" end_time="10:24:36 AM" link_to="ariel:81" mode="chat" polarity="" pos=";man(81.1)-pronoun-reference-number one person(81.1)" pos_count="" pos_origin="" speaker="ariel" topic="" turn_no="82">then... i feel like we have our man</turn>
<turn comm_act_type="response-to" dialog_act="PRCS-MGMT:--Agree-Accept" end_time="10:24:41 AM" link_to="ariel:82" mode="chat" polarity="" pos=";economy(75.1.1)-repetition-economy(75.1.1);economy(75.1.1)-repetition-economy(75.1.1)" pos_count="1" pos_origin=";US economy(83.1)" speaker="josh" topic="" turn_no="83">yea and the US economy affects everyones economy</turn>
<turn comm_act_type="addressed-to" dialog_act="PRCS-MGMT:Assertion-Opinion" end_time="10:24:54 AM" link_to="all-users" mode="chat" polarity="" pos="" pos_count="1" pos_origin=";chinas economy(84.1)" speaker="ted" topic="" turn_no="84">chinas economy is better</turn>
<turn comm_act_type="continuation-of" dialog_act="PRCS-MGMT:Assertion-Opinion" end_time="10:25:06 AM" link_to="ariel:82" mode="chat" polarity="" pos=";today(80.2)-repetition-today(80.2);economy(75.1.1)-repetition-economy(75.1.1);anything(43.1)-repetition-anything(43.1);world(66.1)-repetition-world(66.1);thats(75.1.1)-pronoun-reference-economy(75.1.1)" pos_count="1" pos_origin=";nothing(85.1)" speaker="ariel" topic="" turn_no="85">because today all you hear about is the economy... and nothing personal but i know for sure that more than anything in the world right now thats whats effecting me the most</turn>
<turn comm_act_type="response-to" dialog_act="PRCS-MGMT:--Agree-Accept" end_time="10:25:36 AM" link_to="ariel:85" mode="chat" polarity="" pos="" pos_count="" pos_origin="" speaker="cintihia" topic="" turn_no="86">ditto</turn>
<turn comm_act_type="addressed-to" dialog_act="TASK:Information-Request" end_time="10:25:47 AM" link_to="all-users" mode="chat" polarity="" pos=";impact(72.2)-repetition-impact(72.2)" pos_count="1" pos_origin="" speaker="cintihia" topic="" turn_no="87">so who has had the most impact?</turn>
<turn comm_act_type="response-to" dialog_act="TASK:Confirmation-Request" end_time="10:26:04 AM" link_to="cintihia:87" mode="chat" polarity="positive" pos="" pos_count="" pos_origin="" speaker="ariel" topic="George W. Bush" turn_no="88">George Bush?</turn>
<turn comm_act_type="continuation-of" dialog_act="TASK:Assertion-Opinion" end_time="10:26:15 AM" link_to="ariel:88" mode="chat" polarity="" pos="" pos_count="1" pos_origin=";idea(89.1)" speaker="ariel" topic="" turn_no="89">im just throwing that out there... im not solid on that idea</turn>
<turn comm_act_type="response-to" dialog_act="TASK:--Response-Answer" end_time="10:26:21 AM" link_to="cintihia:87" mode="chat" polarity="" pos=";chenney(22.3)-repetition-dick cheney(22.3)" pos_count="1" pos_origin="" speaker="ted" topic="" turn_no="90">chenney</turn>
<turn comm_act_type="continuation-of" dialog_act="TASK:--Response-Answer" end_time="10:26:36 AM" link_to="ted:90" mode="chat" polarity="" pos=";he(22.3)-pronoun-reference-dick cheney(22.3)" pos_count="" pos_origin="" speaker="ted" topic="" turn_no="91">he was more influential than bush</turn>
<turn comm_act_type="addressed-to" dialog_act="TASK:Information-Request" end_time="10:27:13 AM" link_to="ted" mode="chat" polarity="" pos="" pos_count="" pos_origin="" speaker="josh" topic="" turn_no="92">how so</turn>
<turn comm_act_type="response-to" dialog_act="TASK:--Response-Answer" end_time="10:27:24 AM" link_to="josh:92" mode="chat" polarity="negative" pos="" pos_count="1" pos_origin=";facade(93.1)" speaker="ted" topic="George W. Bush" turn_no="93">bush was only a facade</turn>
<turn comm_act_type="continuation-of" dialog_act="TASK:--Response-Answer" end_time="10:27:57 AM" link_to="ted:93" mode="chat" polarity="negative" pos="" pos_count="2" pos_origin=";news(94.1);last 10 years(94.2)" speaker="ted" topic="George W. Bush" turn_no="94">i think you have missed the news in the last 10 years</turn>
<turn comm_act_type="addressed-to" dialog_act="COMM-MGMT:Other-Conventional-Phrase" end_time="10:28:28 AM" link_to="all-users" mode="chat" polarity="" pos="" pos_count="" pos_origin="" speaker="ariel" topic="" turn_no="95">LOL</turn>
<turn comm_act_type="addressed-to" dialog_act="TASK:Assertion-Opinion" end_time="10:28:50 AM" link_to="ted" mode="chat" polarity="" pos="" pos_count="" pos_origin="" speaker="cintihia" topic="" turn_no="96">i dont follow u</turn>
<turn comm_act_type="continuation-of" dialog_act="TASK:Assertion-Opinion" end_time="10:28:55 AM" link_to="cintihia:96" mode="chat" polarity="" pos="" pos_count="" pos_origin="" speaker="cintihia" topic="" turn_no="97">at all</turn>
<turn comm_act_type="continuation-of" dialog_act="TASK:--Disagree-Reject" end_time="10:29:44 AM" link_to="cintihia:97" mode="chat" polarity="positive" pos=";chenney(22.3)-repetition-dick cheney(22.3)" pos_count="1" pos_origin=";anywhere(98.1)" speaker="cintihia" topic="Osama Bin Laden" turn_no="98">i dont think chenney ranks anywhere near bin laden</turn>
<turn comm_act_type="response-to" dialog_act="TASK:--Agree-Accept" end_time="10:29:44 AM" link_to="cintihia:98" mode="chat" polarity="positive" pos="" pos_count="" pos_origin="" speaker="ariel" topic="Osama Bin Laden" turn_no="99">me either</turn>
<turn comm_act_type="response-to" dialog_act="TASK:--Agree-Accept" end_time="10:29:58 AM" link_to="cintihia:98" mode="chat" polarity="positive" pos="" pos_count="" pos_origin="" speaker="josh" topic="Osama Bin Laden" turn_no="100">yea me too</turn>
<turn comm_act_type="response-to" dialog_act="TASK:Assertion-Opinion" end_time="10:30:01 AM" link_to="cintihia:98" mode="chat" polarity="negative" pos=";he(22.3)-pronoun-reference-dick cheney(22.3)" pos_count="" pos_origin="" speaker="ted" topic="George W. Bush" turn_no="101">he ranks higher than bush</turn>
<turn comm_act_type="continuation-of" dialog_act="TASK:Assertion-Opinion" end_time="10:30:09 AM" link_to="ted:101" mode="chat" polarity="positive" pos="" pos_count="" pos_origin="" speaker="ted" topic="Osama Bin Laden" turn_no="102">i did not say higher than bin laden</turn>
<turn comm_act_type="response-to" dialog_act="TASK:Assertion-Opinion" end_time="10:30:43 AM" link_to="ted:102" mode="chat" polarity="" pos=";chenney(22.3)-repetition-dick cheney(22.3)" pos_count="" pos_origin="" speaker="cintihia" topic="" turn_no="103">but i mean... i dont think chenney has been influential</turn>
<turn comm_act_type="continuation-of" dialog_act="TASK:Assertion-Opinion" end_time="10:30:53 AM" link_to="cintihia:103" mode="chat" polarity="" pos=";anything(43.1)-repetition-anything(43.1);him(22.3)-pronoun-reference-dick cheney(22.3)" pos_count="" pos_origin="" speaker="cintihia" topic="" turn_no="104">i havent heard anything crazy about him</turn>
<turn comm_act_type="continuation-of" dialog_act="COMM-MGMT:Other-Conventional-Phrase" end_time="10:31:07 AM" link_to="cintihia:104" mode="chat" polarity="" pos="" pos_count="" pos_origin="" speaker="cintihia" topic="" turn_no="105">oh wait nvm</turn>
<turn comm_act_type="response-to" dialog_act="TASK:Signal-Non-Understanding" end_time="10:31:16 AM" link_to="cintihia:105" mode="chat" polarity="" pos="" pos_count="" pos_origin="" speaker="ted" topic="" turn_no="106">nvm?</turn>
<turn comm_act_type="continuation-of" dialog_act="TASK:Assertion-Opinion" end_time="10:31:56 AM" link_to="cintihia:105" mode="chat" polarity="" pos="" pos_count="" pos_origin="" speaker="cintihia" topic="" turn_no="107">i get what ur saying</turn>
<turn comm_act_type="response-to" dialog_act="TASK:Assertion-Opinion" end_time="10:32:25 AM" link_to="cintihia:107" mode="chat" polarity="" pos="" pos_count="" pos_origin="" speaker="ariel" topic="" turn_no="108">i dont</turn>
<turn comm_act_type="continuation-of" dialog_act="TASK:Assertion-Opinion" end_time="10:32:45 AM" link_to="ariel:108" mode="chat" polarity="" pos="" pos_count="1" pos_origin=";tv(109.1)" speaker="ariel" topic="" turn_no="109">i dont watch tv</turn>
<turn comm_act_type="continuation-of" dialog_act="TASK:Assertion-Opinion" end_time="10:32:50 AM" link_to="ariel:109" mode="chat" polarity="" pos=";news(94.1)-repetition-news(94.1);anywhere(98.1)-repetition-anywhere(98.1)" pos_count="" pos_origin="" speaker="ariel" topic="" turn_no="110">and i dont read the news anywhere</turn>
<turn comm_act_type="continuation-of" dialog_act="COMM-MGMT:Other-Conventional-Phrase" end_time="10:32:51 AM" link_to="ariel:110" mode="chat" polarity="" pos="" pos_count="" pos_origin="" speaker="ariel" topic="" turn_no="111">lol!</turn>
<turn comm_act_type="continuation-of" dialog_act="TASK:Assertion-Opinion" end_time="10:33:21 AM" link_to="ariel:111" mode="chat" polarity="" pos=";he(22.3)-pronoun-reference-dick cheney(22.3)" pos_count="1" pos_origin=";rock(112.1)" speaker="ariel" topic="" turn_no="112">yes, yes i live under a rock.... but please explain... how has he been influential</turn>
<turn comm_act_type="response-to" dialog_act="TASK:Assertion-Opinion" end_time="10:34:26 AM" link_to="ariel:112" mode="chat" polarity="negative" pos=";chenney(22.3)-repetition-dick cheney(22.3)" pos_count="3" pos_origin=";president(113.1);face(113.2);presidency(113.3)" speaker="josh" topic="George W. Bush" turn_no="113">i think wut hes tryin to say is that chenney was basically the president and bush was jus a face for the presidency</turn>
<turn comm_act_type="continuation-of" dialog_act="TASK:Assertion-Opinion" end_time="10:34:44 AM" link_to="josh:113" mode="chat" polarity="negative" pos=";cheeneny(22.3)-repetition-dick cheney(22.3);decisions(57.1)-repetition-decisions(57.1)" pos_count="" pos_origin="" speaker="josh" topic="George W. Bush" turn_no="114">like cheeneny made the decisions</turn>
<turn comm_act_type="addressed-to" dialog_act="TASK:--Response-Answer" end_time="10:34:45 AM" link_to="all-users" mode="chat" polarity="negative" pos="" pos_count="1" pos_origin=";vicepresident(115.1)" speaker="ted" topic="George W. Bush" turn_no="115">just please google most powerful vicepresident ever and you will see what i mean about bush</turn>
<turn comm_act_type="addressed-to" dialog_act="TASK:Assertion-Opinion" end_time="10:35:32 AM" link_to="josh" mode="chat" polarity="" pos="" pos_count="1" pos_origin=";point(116.1)" speaker="ted" topic="" turn_no="116">josh you got the point</turn>
<turn comm_act_type="addressed-to" dialog_act="TASK:Acknowledge" end_time="10:37:09 AM" link_to="all-users" mode="chat" polarity="" pos="" pos_count="" pos_origin="" speaker="ariel" topic="" turn_no="117">i see</turn>
<turn comm_act_type="continuation-of" dialog_act="TASK:Assertion-Opinion" end_time="10:37:19 AM" link_to="ariel:117" mode="chat" polarity="" pos=";idea(89.1)-repetition-idea(89.1)" pos_count="1" pos_origin=";mumbo jumbo(118.1)" speaker="ariel" topic="" turn_no="118">too much mumbo jumbo for me but i get the idea</turn>
<turn comm_act_type="continuation-of" dialog_act="TASK:Information-Request" end_time="10:37:56 AM" link_to="ariel:118" mode="chat" polarity="" pos=";cheneny(22.3)-repetition-dick cheney(22.3);world(66.1)-repetition-world(66.1)" pos_count="" pos_origin="" speaker="ariel" topic="" turn_no="119">but do you think cheneny has impacted the world?</turn>
<turn comm_act_type="response-to" dialog_act="TASK:--Agree-Accept" end_time="10:38:19 AM" link_to="ariel:119" mode="chat" polarity="" pos="" pos_count="" pos_origin="" speaker="josh" topic="" turn_no="120">yes</turn>
<turn comm_act_type="continuation-of" dialog_act="TASK:Assertion-Opinion" end_time="10:38:32 AM" link_to="josh:120" mode="chat" polarity="positive" pos="" pos_count="" pos_origin="" speaker="josh" topic="Osama Bin Laden" turn_no="121">but i still like bin laden</turn>
<turn comm_act_type="response-to" dialog_act="TASK:--Agree-Accept" end_time="10:38:46 AM" link_to="josh:121" mode="chat" polarity="positive" pos="" pos_count="" pos_origin="" speaker="ariel" topic="Osama Bin Laden" turn_no="122">yeah same here</turn>
<turn comm_act_type="addressed-to" dialog_act="TASK:Assertion-Opinion" end_time="10:39:38 AM" link_to="all-users" mode="chat" polarity="" pos=";president(113.1)-repetition-president(113.1)" pos_count="" pos_origin="" speaker="cintihia" topic="" turn_no="123">bin laden for president</turn>
<turn comm_act_type="continuation-of" dialog_act="TASK:Assertion-Opinion" end_time="10:39:39 AM" link_to="cintihia:123" mode="chat" polarity="" pos="" pos_count="" pos_origin="" speaker="cintihia" topic="" turn_no="124">NOT</turn>
<turn comm_act_type="addressed-to" dialog_act="TASK:Assertion-Opinion" end_time="10:40:01 AM" link_to="all-users" mode="chat" polarity="negative" pos="" pos_count="1" pos_origin=";top choice(125.1)" speaker="ted" topic="Osama Bin Laden" turn_no="125">bin laden is my second top choice</turn>
<turn comm_act_type="response-to" dialog_act="TASK:Confirmation-Request" end_time="10:40:25 AM" link_to="ted:125" mode="chat" polarity="" pos="" pos_count="" pos_origin="" speaker="ariel" topic="" turn_no="126">second top?</turn>
<turn comm_act_type="continuation-of" dialog_act="TASK:Confirmation-Request" end_time="10:40:45 AM" link_to="ariel:126" mode="chat" polarity="" pos="" pos_count="1" pos_origin=";first(127.1)" speaker="ariel" topic="" turn_no="127">first is??? oprah?</turn>
<turn comm_act_type="response-to" dialog_act="TASK:--Response-Answer" end_time="10:41:19 AM" link_to="ariel:127" mode="chat" polarity="positive" pos=";google guys(49.1)-repetition-google guys(49.1)" pos_count="" pos_origin="" speaker="ted" topic="Larry Page and Sergey Brin" turn_no="128">for me, the google guys</turn>
<turn comm_act_type="continuation-of" dialog_act="TASK:Assertion-Opinion" end_time="10:41:34 AM" link_to="ted:128" mode="chat" polarity="positive" pos=";google(51.1)-repetition-google(51.1)" pos_count="1" pos_origin=";day(129.1)" speaker="ted" topic="Larry Page and Sergey Brin" turn_no="129">i can image my day without google</turn>
<turn comm_act_type="addressed-to" dialog_act="COMM-MGMT:Other-Conventional-Phrase" end_time="10:41:44 AM" link_to="all-users" mode="chat" polarity="" pos="" pos_count="" pos_origin="" speaker="ariel" topic="" turn_no="130">LOL</turn>
<turn comm_act_type="continuation-of" dialog_act="PRCS-MGMT:Confirmation-Request" end_time="10:42:02 AM" link_to="ariel:130" mode="chat" polarity="positive" pos=";google guys(49.1)-repetition-google guys(49.1)" pos_count="" pos_origin="" speaker="ariel" topic="Larry Page and Sergey Brin" turn_no="131">so have we then all agreed to narrow it down to the google guys or bin laden?</turn>
<turn comm_act_type="response-to" dialog_act="TASK:--Agree-Accept" end_time="10:42:26 AM" link_to="ariel:131" mode="chat" polarity="positive" pos="" pos_count="" pos_origin="" speaker="josh" topic="Larry Page and Sergey Brin" turn_no="132">i think so</turn>
<turn comm_act_type="response-to" dialog_act="TASK:--Agree-Accept" end_time="10:42:51 AM" link_to="ariel:131" mode="chat" polarity="positive" pos="" pos_count="" pos_origin="" speaker="ted" topic="Larry Page and Sergey Brin" turn_no="133">i am fine with that</turn>
<turn comm_act_type="addressed-to" dialog_act="PRCS-MGMT:Offer-Commit" end_time="10:43:19 AM" link_to="cintihia" mode="chat" polarity="" pos="" pos_count="" pos_origin="" speaker="ariel" topic="" turn_no="134">cintihia?</turn>
<turn comm_act_type="response-to" dialog_act="TASK:--Response-Non-Answer" end_time="10:43:31 AM" link_to="ariel:134" mode="chat" polarity="neutral" pos=";google guys(49.1)-repetition-google guys(49.1)" pos_count="" pos_origin="" speaker="cintihia" topic="Larry Page and Sergey Brin" turn_no="135">idk about the google guys</turn>
<turn comm_act_type="addressed-to" dialog_act="TASK:Information-Request" end_time="10:43:58 AM" link_to="cintihia" mode="chat" polarity="" pos="" pos_count="1" pos_origin=";second choice(136.1)" speaker="ariel" topic="" turn_no="136">so whos your second choice?</turn>
<turn comm_act_type="continuation-of" dialog_act="TASK:Assertion-Opinion" end_time="10:44:04 AM" link_to="cintihia:135" mode="chat" polarity="neutral" pos=";fb(22.6)-repetition-facebook(22.6);google(51.1)-repetition-google(51.1)" pos_count="1" pos_origin=";exageratino(137.1)" speaker="cintihia" topic="Larry Page and Sergey Brin" turn_no="137">i go on fb 60x more than i do google.and thas no exageratino</turn>
<turn comm_act_type="response-to" dialog_act="TASK:--Response-Non-Answer" end_time="10:44:10 AM" link_to="ariel:136" mode="chat" polarity="" pos="" pos_count="" pos_origin="" speaker="cintihia" topic="" turn_no="138">im really not sure</turn>
<turn comm_act_type="addressed-to" dialog_act="TASK:--Response-Answer" end_time="10:45:23 AM" link_to="all-users" mode="chat" polarity="positive" pos=";people(3.1)-repetition-people(3.1);second(136.1)-pronoun-reference-second choice(136.1)" pos_count="" pos_origin="" speaker="cintihia" topic="Osama Bin Laden" turn_no="139">i am set on bin laden... but i think there could be a number of people who would fall second</turn>
<turn comm_act_type="continuation-of" dialog_act="TASK:--Response-Answer" end_time="10:45:47 AM" link_to="cintihia:139" mode="chat" polarity="neutral" pos=";google(51.1)-repetition-google(51.1);mark zuckerburg(22.5)-repetition-Mark Zuckerberg(22.5)" pos_count="1" pos_origin=";number two(140.1)" speaker="cintihia" topic="Larry Page and Sergey Brin" turn_no="140">cuz if were gonna think google is number two i think mark zuckerburg is also</turn>
<turn comm_act_type="response-to" dialog_act="TASK:Assertion-Opinion" end_time="10:47:34 AM" link_to="cintihia:140" mode="chat" polarity="" pos=";Mark(22.5)-repetition-Mark Zuckerberg(22.5)" pos_count="" pos_origin="" speaker="ted" topic="" turn_no="141">Mark is becoming more and more inflential for sure</turn>
<turn comm_act_type="continuation-of" dialog_act="TASK:Assertion-Opinion" end_time="10:47:42 AM" link_to="ted:141" mode="chat" polarity="" pos=";last 10 years(94.2)-repetition-last 10 years(94.2)" pos_count="" pos_origin="" speaker="ted" topic="" turn_no="142">but in the last 10 years</turn>
<turn comm_act_type="continuation-of" dialog_act="TASK:Assertion-Opinion" end_time="10:47:49 AM" link_to="ted:142" mode="chat" polarity="positive" pos=";google guys(49.1)-repetition-google guys(49.1);him(22.5)-pronoun-reference-Mark Zuckerberg(22.5)" pos_count="" pos_origin="" speaker="ted" topic="Larry Page and Sergey Brin" turn_no="143">the google guys top him</turn>
<turn comm_act_type="addressed-to" dialog_act="TASK:Assertion-Opinion" end_time="10:48:35 AM" link_to="all-users" mode="chat" polarity="" pos=";facebook(22.6)-repetition-facebook(22.6);decade(55.1)-pronoun-reference-10 years(55.1)" pos_count="" pos_origin="" speaker="ariel" topic="" turn_no="144">facebook hasent been around for a decade...</turn>
<turn comm_act_type="addressed-to" dialog_act="TASK:Assertion-Opinion" end_time="10:48:38 AM" link_to="all-users" mode="chat" polarity="neutral" pos=";google(51.1)-repetition-google(51.1);fb(22.6)-repetition-facebook(22.6);they(51.1)-pronoun-reference-google(51.1);someonthing(61.1)-repetition-something(61.1);fb(22.6)-repetition-facebook(22.6)" pos_count="1" pos_origin=";times(145.1)" speaker="cintihia" topic="Larry Page and Sergey Brin" turn_no="145">idk... google has offered to buy fb a number of times.. it seems like they want someonthing fb has</turn>
<turn comm_act_type="continuation-of" dialog_act="TASK:Assertion-Opinion" end_time="10:48:46 AM" link_to="cintihia:145" mode="chat" polarity="" pos=";its(22.6)-pronoun-reference-facebook(22.6);that(55.1)-pronoun-reference-10 years(55.1)" pos_count="" pos_origin="" speaker="cintihia" topic="" turn_no="146">its been around for about half of that</turn>
<turn comm_act_type="addressed-to" dialog_act="TASK:Assertion-Opinion" end_time="10:48:59 AM" link_to="all-users" mode="chat" polarity="positive" pos=";way(67.2)-repetition-ways(67.2);google(51.1)-repetition-google(51.1);google(51.1)-repetition-google(51.1);that(51.1)-pronoun-reference-google(51.1)" pos_count="1" pos_origin=";lives(147.1)" speaker="josh" topic="Osama Bin Laden" turn_no="147">yea im def goin wit bin laden. hes affected our lives in every which way..n with google you dont neccessarily have to us google or anything like that</turn>
<turn comm_act_type="continuation-of" dialog_act="TASK:Assertion-Opinion" end_time="10:49:08 AM" link_to="cintihia:146" mode="chat" polarity="" pos=";its(22.6)-pronoun-reference-facebook(22.6);social media(26.1)-repetition-social media(26.1);explosion(26.2)-repetition-explosion(26.2);it(22.6)-pronoun-reference-facebook(22.6);it(22.6)-pronoun-reference-facebook(22.6)" pos_count="1" pos_origin=";where(148.1)" speaker="cintihia" topic="" turn_no="148">like i said tho. its started off the social media explosion. without it idk where we would be</turn>
<turn comm_act_type="continuation-of" dialog_act="TASK:Assertion-Opinion" end_time="10:49:43 AM" link_to="cintihia:148" mode="chat" polarity="" pos=";everyone(27.1)-repetition-everyone(27.1);it(26.1)-pronoun-reference-social media(26.1)" pos_count="1" pos_origin=";older generations(149.1)" speaker="cintihia" topic="" turn_no="149">everyone is meeting online and even older generations are going into it</turn>
<turn comm_act_type="continuation-of" dialog_act="TASK:Assertion-Opinion" end_time="10:49:54 AM" link_to="cintihia:149" mode="chat" polarity="" pos=";mom(20.1)-repetition-mom(20.1)" pos_count="3" pos_origin=";dad(150.1);aunt(150.2);uncle(150.3)" speaker="cintihia" topic="" turn_no="150">my mom and dad have one, my aunt and uncle</turn>
<turn comm_act_type="continuation-of" dialog_act="TASK:Assertion-Opinion" end_time="10:49:59 AM" link_to="cintihia:150" mode="chat" polarity="" pos=";who(150.3)-pronoun-reference-uncle(150.3)" pos_count="1" pos_origin=";70 years old(151.1)" speaker="cintihia" topic="" turn_no="151">who are 70 years old</turn>
<turn comm_act_type="addressed-to" dialog_act="TASK:Assertion-Opinion" end_time="10:50:58 AM" link_to="all-users" mode="chat" polarity="" pos="" pos_count="1" pos_origin=";l ast week(152.1)" speaker="ariel" topic="" turn_no="152">my mom friended me last week...</turn>
<turn comm_act_type="continuation-of" dialog_act="TASK:Assertion-Opinion" end_time="10:51:03 AM" link_to="ariel:152" mode="chat" polarity="" pos="" pos_count="" pos_origin="" speaker="ariel" topic="" turn_no="153">i ignored it...</turn>
<turn comm_act_type="response-to" dialog_act="TASK:Assertion-Opinion" end_time="10:51:20 AM" link_to="ariel:153" mode="chat" polarity="" pos="" pos_count="" pos_origin="" speaker="cintihia" topic="" turn_no="154">i ignored them too</turn>
<turn comm_act_type="continuation-of" dialog_act="TASK:Assertion-Opinion" end_time="10:51:32 AM" link_to="cintihia:154" mode="chat" polarity="" pos=";everyone(27.1)-repetition-everyone(27.1);facebook(22.6)-repetition-facebook(22.6)" pos_count="1" pos_origin=";piece(155.1)" speaker="cintihia" topic="" turn_no="155">everyone wants a piece of facebook</turn>
<turn comm_act_type="addressed-to" dialog_act="COMM-MGMT:Other-Conventional-Phrase" end_time="10:51:34 AM" link_to="all-users" mode="chat" polarity="" pos="" pos_count="" pos_origin="" speaker="ariel" topic="" turn_no="156">lol</turn>
<turn comm_act_type="continuation-of" dialog_act="TASK:--Disagree-Reject" end_time="10:51:53 AM" link_to="ariel:156" mode="chat" polarity="" pos="" pos_count="" pos_origin="" speaker="ariel" topic="" turn_no="157">i dun know i can argue that</turn>
<turn comm_act_type="continuation-of" dialog_act="TASK:--Disagree-Reject" end_time="10:52:01 AM" link_to="ariel:157" mode="chat" polarity="" pos=";times(145.1)-repetition-times(145.1)" pos_count="1" pos_origin=";past 6 months(158.1)" speaker="ariel" topic="" turn_no="158">ive logged in like 2 times in the past 6 months</turn>
<turn comm_act_type="continuation-of" dialog_act="TASK:--Disagree-Reject" end_time="10:52:11 AM" link_to="ariel:158" mode="chat" polarity="" pos=";something(61.1)-repetition-something(61.1)" pos_count="1" pos_origin=";email(159.1)" speaker="ariel" topic="" turn_no="159">and thats only because something came up in my email lol</turn>
<turn comm_act_type="addressed-to" dialog_act="TASK:--Agree-Accept" end_time="10:52:14 AM" link_to="all-users" mode="chat" polarity="" pos=";everyone(27.1)-repetition-everyone(27.1);it(22.6)-pronoun-reference-facebook(22.6)" pos_count="" pos_origin="" speaker="josh" topic="" turn_no="160">yea but not everyone has it</turn>
<turn comm_act_type="continuation-of" dialog_act="TASK:--Agree-Accept" end_time="10:52:23 AM" link_to="josh:160" mode="chat" polarity="" pos=";it(22.6)-pronoun-reference-facebook(22.6)" pos_count="" pos_origin="" speaker="josh" topic="" turn_no="161">or uses it</turn>
<turn comm_act_type="addressed-to" dialog_act="TASK:Assertion-Opinion" end_time="10:52:25 AM" link_to="ariel" mode="chat" polarity="" pos="" pos_count="1" pos_origin=";exception(162.1)" speaker="cintihia" topic="" turn_no="162">well u r the exception</turn>
<turn comm_act_type="continuation-of" dialog_act="COMM-MGMT:Other-Conventional-Phrase" end_time="10:52:29 AM" link_to="cintihia:162" mode="chat" polarity="" pos="" pos_count="" pos_origin="" speaker="cintihia" topic="" turn_no="163">lol</turn>
<turn comm_act_type="continuation-of" dialog_act="TASK:Assertion-Opinion" end_time="10:52:37 AM" link_to="cintihia:163" mode="chat" polarity="" pos=";facebook(22.6)-repetition-facebook(22.6);social media network(26.1)-repetition-social media(26.1);world(66.1)-repetition-world(66.1)" pos_count="" pos_origin="" speaker="cintihia" topic="" turn_no="164">facebook is the biggest social media network in the world</turn>
<turn comm_act_type="continuation-of" dialog_act="TASK:Assertion-Opinion" end_time="10:52:59 AM" link_to="cintihia:164" mode="chat" polarity="" pos=";fb(22.6)-repetition-facebook(22.6)" pos_count="3" pos_origin=";communication(165.1);major(165.2);effects(165.3)" speaker="cintihia" topic="" turn_no="165">im only arguin this because communication is my major and im studying the effects of fb</turn>
<turn comm_act_type="addressed-to" dialog_act="COMM-MGMT:Other-Conventional-Phrase" end_time="10:53:11 AM" link_to="all-users" mode="chat" polarity="" pos="" pos_count="" pos_origin="" speaker="ariel" topic="" turn_no="166">LOL</turn>
<turn comm_act_type="addressed-to" dialog_act="TASK:Assertion-Opinion" end_time="10:53:31 AM" link_to="all-users" mode="chat" polarity="" pos=";facebook(22.6)-repetition-facebook(22.6);comunication(165.1)-repetition-communication(165.1)" pos_count="1" pos_origin=";medium(167.1)" speaker="ted" topic="" turn_no="167">facebook is a new medium of comunication</turn>
<turn comm_act_type="continuation-of" dialog_act="TASK:Assertion-Opinion" end_time="10:53:39 AM" link_to="ted:167" mode="chat" polarity="" pos=";it(22.6)-pronoun-reference-facebook(22.6)" pos_count="" pos_origin="" speaker="ted" topic="" turn_no="168">and it is pervasive</turn>
<turn comm_act_type="response-to" dialog_act="TASK:--Agree-Accept" end_time="10:53:45 AM" link_to="ted:168" mode="chat" polarity="" pos="" pos_count="" pos_origin="" speaker="cintihia" topic="" turn_no="169">yes</turn>
<turn comm_act_type="addressed-to" dialog_act="TASK:Assertion-Opinion" end_time="10:53:48 AM" link_to="all-users" mode="chat" polarity="" pos=";it(22.6)-pronoun-reference-facebook(22.6)" pos_count="" pos_origin="" speaker="ted" topic="" turn_no="170">but for me it is not necesarily influential</turn>
<turn comm_act_type="response-to" dialog_act="TASK:Information-Request" end_time="10:54:04 AM" link_to="ted:170" mode="chat" polarity="neutral" pos=";google(51.1)-repetition-google(51.1);fb(22.6)-repetition-facebook(22.6)" pos_count="" pos_origin="" speaker="cintihia" topic="Larry Page and Sergey Brin" turn_no="171">how is google influential then... that fb isnt</turn>
<turn comm_act_type="continuation-of" dialog_act="TASK:Assertion-Opinion" end_time="10:54:21 AM" link_to="ted:170" mode="chat" polarity="positive" pos=";google(51.1)-repetition-google(51.1)" pos_count="" pos_origin="" speaker="ted" topic="Larry Page and Sergey Brin" turn_no="172">or at least not as influential as google</turn>
<turn comm_act_type="response-to" dialog_act="TASK:--Response-Answer" end_time="10:54:36 AM" link_to="cintihia:171" mode="chat" polarity="neutral" pos=";way(67.2)-repetition-ways(67.2)" pos_count="1" pos_origin=";info(173.1)" speaker="josh" topic="Larry Page and Sergey Brin" turn_no="173">fastest way to find info</turn>
<turn comm_act_type="addressed-to" dialog_act="TASK:Information-Request" end_time="10:54:36 AM" link_to="ted" mode="chat" polarity="" pos="" pos_count="" pos_origin="" speaker="cintihia" topic="" turn_no="174">but how so?</turn>
<turn comm_act_type="addressed-to" dialog_act="COMM-MGMT:Assertion-Opinion" end_time="10:54:40 AM" link_to="all-users" mode="chat" polarity="" pos=";guys(44.1)-repetition-guys(44.1)" pos_count="1" pos_origin=";snack(175.1)" speaker="ariel" topic="" turn_no="175">guys im gonna get a snack im starving</turn>
<turn comm_act_type="continuation-of" dialog_act="COMM-MGMT:Assertion-Opinion" end_time="10:54:42 AM" link_to="ariel:175" mode="chat" polarity="" pos="" pos_count="" pos_origin="" speaker="ariel" topic="" turn_no="176">brb</turn>
<turn comm_act_type="response-to" dialog_act="TASK:--Response-Answer" end_time="10:55:59 AM" link_to="cintihia:174" mode="chat" polarity="" pos=";facebook(22.6)-repetition-facebook(22.6)" pos_count="" pos_origin="" speaker="ted" topic="" turn_no="177">don't get me wrong. i think facebook is really influential</turn>
<turn comm_act_type="continuation-of" dialog_act="TASK:--Response-Answer" end_time="10:56:39 AM" link_to="ted:177" mode="chat" polarity="" pos=";facebook(22.6)-repetition-facebook(22.6)" pos_count="" pos_origin="" speaker="ted" topic="" turn_no="178">personally i am not in facebook everyday</turn>
<turn comm_act_type="continuation-of" dialog_act="TASK:--Response-Answer" end_time="10:56:52 AM" link_to="ted:178" mode="chat" polarity="positive" pos=";google(51.1)-repetition-google(51.1);times(145.1)-repetition-times(145.1);day(129.1)-repetition-day(129.1)" pos_count="" pos_origin="" speaker="ted" topic="Larry Page and Sergey Brin" turn_no="179">but i use google at least 30 times per day</turn>
<turn comm_act_type="continuation-of" dialog_act="TASK:--Response-Answer" end_time="10:56:57 AM" link_to="ted:179" mode="chat" polarity="positive" pos="" pos_count="" pos_origin="" speaker="ted" topic="Larry Page and Sergey Brin" turn_no="180">and more and more</turn>
<turn comm_act_type="continuation-of" dialog_act="TASK:--Response-Answer" end_time="10:57:34 AM" link_to="ted:180" mode="chat" polarity="positive" pos=";it(51.1)-pronoun-reference-google(51.1)" pos_count="5" pos_origin=";searches(181.1);directions(181.2);documents(181.3);google talk(181.4);android os(181.5)" speaker="ted" topic="Larry Page and Sergey Brin" turn_no="181">before it used to be only searches, then directions, then sharing documents, then google talk, now android os.</turn>
<turn comm_act_type="addressed-to" dialog_act="TASK:Information-Request" end_time="10:57:47 AM" link_to="ted" mode="chat" polarity="neutral" pos=";android os(181.5)-repetition-android os(181.5)" pos_count="" pos_origin="" speaker="cintihia" topic="Larry Page and Sergey Brin" turn_no="182">wat is android os?</turn>
<turn comm_act_type="response-to" dialog_act="TASK:--Response-Answer" end_time="10:58:00 AM" link_to="cintihia:182" mode="chat" polarity="neutral" pos=";facebook(22.6)-repetition-facebook(22.6);android os(181.5)-repetition-android os(181.5)" pos_count="1" pos_origin=";phone(183.1)" speaker="ted" topic="Larry Page and Sergey Brin" turn_no="183">to use facebook on my phone i use the android os</turn>
<turn comm_act_type="addressed-to" dialog_act="TASK:Information-Request" end_time="10:58:28 AM" link_to="ted" mode="chat" polarity="" pos="" pos_count="" pos_origin="" speaker="cintihia" topic="" turn_no="184">explain?</turn>
<turn comm_act_type="response-to" dialog_act="TASK:--Response-Answer" end_time="10:58:36 AM" link_to="cintihia:184" mode="chat" polarity="neutral" pos=";google(51.1)-repetition-google(51.1)" pos_count="2" pos_origin=";operating system(185.1);smart phones(185.2)" speaker="ted" topic="Larry Page and Sergey Brin" turn_no="185">the google operating system that some smart phones have</turn>
<turn comm_act_type="response-to" dialog_act="TASK:Assertion-Opinion" end_time="10:59:28 AM" link_to="ted:185" mode="chat" polarity="neutral" pos=";that(181.5)-pronoun-reference-android os(181.5)" pos_count="1" pos_origin=";blackberry(186.1)" speaker="cintihia" topic="Larry Page and Sergey Brin" turn_no="186">i dont believe i have that on my blackberry</turn>
<turn comm_act_type="addressed-to" dialog_act="TASK:Information-Request" end_time="10:59:58 AM" link_to="ted" mode="chat" polarity="neutral" pos=";it(181.5)-pronoun-reference-android os(181.5);phone(183.1)-repetition-phone(183.1);it(183.1)-pronoun-reference-phone(183.1)" pos_count="" pos_origin="" speaker="cintihia" topic="Larry Page and Sergey Brin" turn_no="187">what does it do for ur phone? like is it faster?</turn>
<turn comm_act_type="response-to" dialog_act="TASK:--Response-Answer" end_time="11:00:17 AM" link_to="cintihia:187" mode="chat" polarity="neutral" pos=";blackberry(186.1)-repetition-blackberry(186.1);it(181.5)-pronoun-reference-android os(181.5)" pos_count="" pos_origin="" speaker="ted" topic="Larry Page and Sergey Brin" turn_no="188">your blackberry wouldnt have it</turn>
<turn comm_act_type="continuation-of" dialog_act="TASK:--Response-Answer" end_time="11:01:22 AM" link_to="ted:188" mode="chat" polarity="positive" pos=";facebook(22.6)-repetition-facebook(22.6);phone(183.1)-repetition-phone(183.1);them(189.1)-pronoun-reference-friends(189.1);groups(6.1)-repetition-group(6.1);it(22.6)-pronoun-reference-facebook(22.6);it(22.6)-pronoun-reference-facebook(22.6);it(22.6)-pronoun-reference-facebook(22.6);it(22.6)-pronoun-reference-facebook(22.6);it(22.6)-pronoun-reference-facebook(22.6)" pos_count="5" pos_origin=";friends(189.1);stuff(189.2);web(189.3);myself(189.4);search engines(189.5)" speaker="ted" topic="Larry Page and Sergey Brin" turn_no="189">literally i can live without facebook. i can call my friends by phone, and visit them in person. i can belong to groups, and other stuff without it. but i couldn't search the web by myself. and the other search engines do suck</turn>
<turn comm_act_type="addressed-to" dialog_act="COMM-MGMT:Assertion-Opinion" end_time="11:02:02 AM" link_to="all-users" mode="chat" polarity="" pos="" pos_count="" pos_origin="" speaker="ariel" topic="" turn_no="190">back!</turn>
<turn comm_act_type="continuation-of" dialog_act="COMM-MGMT:Assertion-Opinion" end_time="11:02:14 AM" link_to="ariel:190" mode="chat" polarity="" pos="" pos_count="2" pos_origin=";food(191.1);toilet(191.2)" speaker="ariel" topic="" turn_no="191">got food... and i visitied the toilet!</turn>
<turn comm_act_type="continuation-of" dialog_act="COMM-MGMT:Other-Conventional-Phrase" end_time="11:02:15 AM" link_to="ariel:191" mode="chat" polarity="" pos="" pos_count="" pos_origin="" speaker="ariel" topic="" turn_no="192">lol</turn>
<turn comm_act_type="continuation-of" dialog_act="COMM-MGMT:Assertion-Opinion" end_time="11:02:23 AM" link_to="ariel:192" mode="chat" polarity="" pos=";time(43.2)-repetition-time(43.2)" pos_count="" pos_origin="" speaker="ariel" topic="" turn_no="193">not at the same time though..</turn>
<turn comm_act_type="response-to" dialog_act="TASK:Assertion-Opinion" end_time="11:03:07 AM" link_to="ted:189" mode="chat" polarity="neutral" pos=";search engines(189.5)-repetition-search engines(189.5)" pos_count="" pos_origin="" speaker="josh" topic="Larry Page and Sergey Brin" turn_no="194">yea but u can use other search engines</turn>
<turn comm_act_type="addressed-to" dialog_act="PRCS-MGMT:Confirmation-Request" end_time="11:03:12 AM" link_to="all-users" mode="chat" polarity="positive" pos="" pos_count="" pos_origin="" speaker="ariel" topic="Osama Bin Laden" turn_no="195">so are we all voting for bin?</turn>
<turn comm_act_type="continuation-of" dialog_act="PRCS-MGMT:Confirmation-Request" end_time="11:03:22 AM" link_to="ariel:195" mode="chat" polarity="positive" pos="" pos_count="1" pos_origin=";#1(196.1)" speaker="ariel" topic="Osama Bin Laden" turn_no="196">as #1</turn>
<turn comm_act_type="response-to" dialog_act="PRCS-MGMT:--Response-Answer" end_time="11:03:25 AM" link_to="ariel:196" mode="chat" polarity="positive" pos="" pos_count="" pos_origin="" speaker="cintihia" topic="Osama Bin Laden" turn_no="197">i am</turn>
<turn comm_act_type="response-to" dialog_act="PRCS-MGMT:--Response-Answer" end_time="11:03:49 AM" link_to="ariel:196" mode="chat" polarity="positive" pos="" pos_count="" pos_origin="" speaker="josh" topic="Osama Bin Laden" turn_no="198">as am i</turn>
<turn comm_act_type="response-to" dialog_act="TASK:Assertion-Opinion" end_time="11:04:09 AM" link_to="josh:194" mode="chat" polarity="positive" pos=";search engines(189.5)-repetition-search engines(189.5);googles(51.1)-repetition-google(51.1)" pos_count="2" pos_origin=";capabilities(199.1);funcionality(199.2)" speaker="ted" topic="Larry Page and Sergey Brin" turn_no="199">you can, but all the other search engines were influenced by googles capabilities and funcionality</turn>
<turn comm_act_type="addressed-to" dialog_act="COMM-MGMT:Other-Conventional-Phrase" end_time="11:04:17 AM" link_to="ted" mode="chat" polarity="" pos="" pos_count="" pos_origin="" speaker="ariel" topic="" turn_no="200">*pokes ted*</turn>
<turn comm_act_type="addressed-to" dialog_act="COMM-MGMT:Other-Conventional-Phrase" end_time="11:04:59 AM" link_to="ariel" mode="chat" polarity="" pos="" pos_count="" pos_origin="" speaker="ted" topic="" turn_no="201">*pokes ariel back*</turn>
<turn comm_act_type="response-to" dialog_act="COMM-MGMT:Other-Conventional-Phrase" end_time="11:05:20 AM" link_to="ted:201" mode="chat" polarity="" pos="" pos_count="" pos_origin="" speaker="ariel" topic="" turn_no="202">Ow!</turn>
<turn comm_act_type="continuation-of" dialog_act="TASK:Information-Request" end_time="11:05:36 AM" link_to="ariel:202" mode="chat" polarity="positive" pos=";#1(196.1)-repetition-#1(196.1)" pos_count="" pos_origin="" speaker="ariel" topic="Osama Bin Laden" turn_no="203">just answer is bin your #1?</turn>
<turn comm_act_type="continuation-of" dialog_act="TASK:Information-Request" end_time="11:05:56 AM" link_to="ariel:203" mode="chat" polarity="positive" pos="" pos_count="4" pos_origin=";number 5(204.1);6(204.2);7(204.3);10(204.4)" speaker="ariel" topic="Osama Bin Laden" turn_no="204">i dont care about ur number 5,6 7 or 10</turn>
<turn comm_act_type="continuation-of" dialog_act="TASK:Information-Request" end_time="11:06:02 AM" link_to="ariel:204" mode="chat" polarity="positive" pos=";#1(196.1)-repetition-#1(196.1)" pos_count="" pos_origin="" speaker="ariel" topic="Osama Bin Laden" turn_no="205">just #1 right now</turn>
<turn comm_act_type="addressed-to" dialog_act="COMM-MGMT:Other-Conventional-Phrase" end_time="11:10:26 AM" link_to="all-users" mode="chat" polarity="" pos="" pos_count="" pos_origin="" speaker="cintihia" topic="" turn_no="206">pokes ted</turn>
<turn comm_act_type="response-to" dialog_act="TASK:--Response-Answer" end_time="11:10:56 AM" link_to="cintihia:206" mode="chat" polarity="positive" pos=";google guys(49.1)-repetition-google guys(49.1)" pos_count="" pos_origin="" speaker="ted" topic="Larry Page and Sergey Brin" turn_no="207">i told you google guys then bin laden</turn>
<turn comm_act_type="addressed-to" dialog_act="TASK:Information-Request" end_time="11:11:25 AM" link_to="ted" mode="chat" polarity="" pos=";vote(33.1)-repetition-vote(33.1)" pos_count="" pos_origin="" speaker="cintihia" topic="" turn_no="208">ariel wats ur vote</turn>
<turn comm_act_type="continuation-of" dialog_act="TASK:--Response-Answer" end_time="11:11:26 AM" link_to="ted:207" mode="chat" polarity="positive" pos=";number 1(196.1)-repetition-#1(196.1)" pos_count="" pos_origin="" speaker="ted" topic="Larry Page and Sergey Brin" turn_no="209">or at most the two of them share number 1</turn>
<turn comm_act_type="addressed-to" dialog_act="TASK:Assertion-Opinion" end_time="11:12:24 AM" link_to="all-users" mode="chat" polarity="positive" pos=";#1(196.1)-repetition-#1(196.1)" pos_count="" pos_origin="" speaker="ariel" topic="Larry Page and Sergey Brin" turn_no="210">i vote for bin ladin at #1</turn>
<turn comm_act_type="continuation-of" dialog_act="TASK:--Response-Answer" end_time="11:13:25 AM" link_to="ted:209" mode="chat" polarity="neutral" pos="" pos_count="2" pos_origin=";most influential person(211.1);terrorist(211.2)" speaker="ted" topic="Osama Bin Laden" turn_no="211">it almost makes me upset that the most influential person is a terrorist</turn>
<turn comm_act_type="addressed-to" dialog_act="TASK:Assertion-Opinion" end_time="11:13:39 AM" link_to="all-users" mode="chat" polarity="positive" pos=";life(57.2)-repetition-life(57.2);way(67.2)-repetition-ways(67.2);another(67.2)-pronoun-reference-ways(67.2)" pos_count="" pos_origin="" speaker="josh" topic="Osama Bin Laden" turn_no="212">bin laden has affect everyones life in one way or another tho</turn>
<turn comm_act_type="addressed-to" dialog_act="TASK:Assertion-Opinion" end_time="11:13:41 AM" link_to="all-users" mode="chat" polarity="neutral" pos="" pos_count="" pos_origin="" speaker="ariel" topic="Osama Bin Laden" turn_no="213">yeah but its not like we can help it</turn>
<turn comm_act_type="addressed-to" dialog_act="TASK:Assertion-Opinion" end_time="11:14:43 AM" link_to="all-users" mode="chat" polarity="" pos="" pos_count="" pos_origin="" speaker="cintihia" topic="" turn_no="214">rnt they always tho?</turn>
<turn comm_act_type="continuation-of" dialog_act="TASK:Assertion-Opinion" end_time="11:15:01 AM" link_to="cintihia:214" mode="chat" polarity="" pos="" pos_count="3" pos_origin=";evil(215.1);power(215.2);attention(215.3)" speaker="cintihia" topic="" turn_no="215">evil= power, attention</turn>
<turn comm_act_type="continuation-of" dialog_act="TASK:Assertion-Opinion" end_time="11:15:08 AM" link_to="cintihia:215" mode="chat" polarity="" pos="" pos_count="1" pos_origin=";fear factor(216.1)" speaker="cintihia" topic="" turn_no="216">fear factor</turn>
<turn comm_act_type="response-to" dialog_act="TASK:--Agree-Accept" end_time="11:15:17 AM" link_to="cintihia:216" mode="chat" polarity="" pos="" pos_count="" pos_origin="" speaker="josh" topic="" turn_no="217">yea</turn>
<turn comm_act_type="continuation-of" dialog_act="TASK:--Agree-Accept" end_time="11:16:07 AM" link_to="josh:217" mode="chat" polarity="positive" pos=";anythin(43.1)-repetition-anything(43.1);people(3.1)-repetition-people(3.1)" pos_count="1" pos_origin=";fear(218.1)" speaker="josh" topic="Osama Bin Laden" turn_no="218">if anythin bin laden has affected the whole world by making people have fear</turn>
<turn comm_act_type="addressed-to" dialog_act="TASK:Information-Request" end_time="11:17:55 AM" link_to="all-users" mode="chat" polarity="" pos=";it(218.1)-pronoun-reference-fear(218.1)" pos_count="1" pos_origin=";daily life(219.1)" speaker="ted" topic="" turn_no="219">how does it influence your daily life?</turn>
<turn comm_act_type="response-to" dialog_act="TASK:--Response-Answer" end_time="11:18:11 AM" link_to="ted:219" mode="chat" polarity="neutral" pos=";fear(218.1)-repetition-fear(218.1)" pos_count="" pos_origin="" speaker="josh" topic="Osama Bin Laden" turn_no="220">well fear doesnt</turn>
<turn comm_act_type="response-to" dialog_act="TASK:Assertion-Opinion" end_time="11:18:13 AM" link_to="ted:219" mode="chat" polarity="neutral" pos="" pos_count="1" pos_origin=";money(221.1)" speaker="cintihia" topic="Osama Bin Laden" turn_no="221">i cant spend any money</turn>
<turn comm_act_type="response-to" dialog_act="TASK:--Response-Answer" end_time="11:18:15 AM" link_to="ted:219" mode="chat" polarity="neutral" pos=";war(65.1)-repetition-war(65.1)" pos_count="" pos_origin="" speaker="ariel" topic="Osama Bin Laden" turn_no="222">well the war</turn>
<turn comm_act_type="continuation-of" dialog_act="TASK:--Response-Answer" end_time="11:18:20 AM" link_to="ariel:222" mode="chat" polarity="neutral" pos=";war(65.1)-repetition-war(65.1);wor;d(66.1)-repetition-world(66.1)" pos_count="" pos_origin="" speaker="ariel" topic="Osama Bin Laden" turn_no="223">the war rocked my wor;d</turn>
<turn comm_act_type="continuation-of" dialog_act="TASK:--Response-Answer" end_time="11:18:26 AM" link_to="ariel:223" mode="chat" polarity="neutral" pos="" pos_count="" pos_origin="" speaker="ariel" topic="Osama Bin Laden" turn_no="224">i dont know about where you live</turn>
<turn comm_act_type="addressed-to" dialog_act="TASK:Assertion-Opinion" end_time="11:18:27 AM" link_to="all-users" mode="chat" polarity="neutral" pos="" pos_count="1" pos_origin=";airport(225.1)" speaker="josh" topic="Osama Bin Laden" turn_no="225">but everytime u go to an airport</turn>
<turn comm_act_type="addressed-to" dialog_act="TASK:Assertion-Opinion" end_time="11:18:35 AM" link_to="all-users" mode="chat" polarity="neutral" pos="" pos_count="2" pos_origin=";job(226.1);may(226.2)" speaker="cintihia" topic="Osama Bin Laden" turn_no="226">i wont have a job when i grad in may most likely</turn>
<turn comm_act_type="continuation-of" dialog_act="TASK:Assertion-Opinion" end_time="11:18:43 AM" link_to="josh:225" mode="chat" polarity="neutral" pos="" pos_count="1" pos_origin=";sporting event(227.1)" speaker="josh" topic="Osama Bin Laden" turn_no="227">a sporting event</turn>
<turn comm_act_type="continuation-of" dialog_act="TASK:Assertion-Opinion" end_time="11:18:50 AM" link_to="cintihia:226" mode="chat" polarity="neutral" pos=";friends(189.1)-repetition-friends(189.1)" pos_count="1" pos_origin=";iraq(228.1)" speaker="cintihia" topic="Osama Bin Laden" turn_no="228">ive lost friends in iraq</turn>
<turn comm_act_type="addressed-to" dialog_act="TASK:Assertion-Opinion" end_time="11:19:21 AM" link_to="all-users" mode="chat" polarity="negative" pos=";economy(75.1.1)-repetition-economy(75.1.1);war(65.1)-repetition-war(65.1)" pos_count="1" pos_origin=";bad stituation(229.1)" speaker="ted" topic="Osama Bin Laden" turn_no="229">the economy is in this bad stituation but not only because of the war</turn>
<turn comm_act_type="response-to" dialog_act="TASK:Assertion-Opinion" end_time="11:19:30 AM" link_to="ted:229" mode="chat" polarity="positive" pos="" pos_count="1" pos_origin=";reason(230.1)" speaker="cintihia" topic="Osama Bin Laden" turn_no="230">but its a hugeeee reason</turn>
<turn comm_act_type="addressed-to" dialog_act="TASK:Assertion-Opinion" end_time="11:19:34 AM" link_to="all-users" mode="chat" polarity="neutral" pos=";ppl(3.1)-repetition-people(3.1)" pos_count="1" pos_origin=";fellow emts(231.1)" speaker="ariel" topic="Osama Bin Laden" turn_no="231">ive had fellow emts serve and have to kill ppl</turn>
<turn comm_act_type="continuation-of" dialog_act="TASK:--Response-Answer" end_time="11:19:35 AM" link_to="cintihia:230" mode="chat" polarity="positive" pos=";number one(196.1)-repetition-#1(196.1);reason(230.1)-repetition-reason(230.1)" pos_count="" pos_origin="" speaker="cintihia" topic="Osama Bin Laden" turn_no="232">pry the number one reason</turn>
<turn comm_act_type="continuation-of" dialog_act="TASK:Assertion-Opinion" end_time="11:19:39 AM" link_to="ariel:231" mode="chat" polarity="" pos=";they(231.1)-pronoun-reference-fellow emts(231.1)" pos_count="" pos_origin="" speaker="ariel" topic="" turn_no="233">they have never been the same</turn>
<turn comm_act_type="addressed-to" dialog_act="TASK:Assertion-Opinion" end_time="11:19:54 AM" link_to="all-users" mode="chat" polarity="neutral" pos=";US(65.2)-repetition-us(65.2);war(65.1)-repetition-war(65.1)" pos_count="1" pos_origin=";welfare(234.1)" speaker="ted" topic="Osama Bin Laden" turn_no="234">the US spends more in welfare that in the war</turn>
<turn comm_act_type="response-to" dialog_act="TASK:Assertion-Opinion" end_time="11:20:20 AM" link_to="ted:234" mode="chat" polarity="" pos=";thats(234.1)-pronoun-reference-welfare(234.1);somethinng(61.1)-repetition-something(61.1);money(221.1)-repetition-money(221.1)" pos_count="" pos_origin="" speaker="cintihia" topic="" turn_no="235">ok well thats somethinng we have to spend money on</turn>
<turn comm_act_type="continuation-of" dialog_act="TASK:Assertion-Opinion" end_time="11:20:28 AM" link_to="cintihia:235" mode="chat" polarity="" pos=";millions(236.1)-repetition-millions(236.1);war(65.1)-repetition-war(65.1)" pos_count="1" pos_origin=";millions(236.1)" speaker="cintihia" topic="" turn_no="236">we dont have to spend millions of millions on the war</turn>
<turn comm_act_type="response-to" dialog_act="TASK:--Agree-Accept" end_time="11:20:31 AM" link_to="cintihia:236" mode="chat" polarity="" pos="" pos_count="" pos_origin="" speaker="ted" topic="" turn_no="237">i agree</turn>
<turn comm_act_type="response-to" dialog_act="TASK:--Disagree-Reject" end_time="11:20:36 AM" link_to="ted:234" mode="chat" polarity="" pos=";welfare(234.1)-repetition-welfare(234.1)" pos_count="1" pos_origin=";one person(238.1)" speaker="ariel" topic="" turn_no="238">yeah but welfare is not centered around one person</turn>
<turn comm_act_type="continuation-of" dialog_act="TASK:Assertion-Opinion" end_time="11:20:38 AM" link_to="ted:237" mode="chat" polarity="" pos=";more(221.1)-pronoun-reference-money(221.1)" pos_count="" pos_origin="" speaker="ted" topic="" turn_no="239">but when you spend more than you have</turn>
<turn comm_act_type="addressed-to" dialog_act="TASK:Assertion-Opinion" end_time="11:20:42 AM" link_to="all-users" mode="chat" polarity="neutral" pos=";war(65.1)-repetition-war(65.1)" pos_count="2" pos_origin=";gas prices(240.1);everything(240.2)" speaker="josh" topic="Osama Bin Laden" turn_no="240">but the war also affectt gas prices and everything else</turn>
<turn comm_act_type="continuation-of" dialog_act="TASK:Assertion-Opinion" end_time="11:20:45 AM" link_to="ted:239" mode="chat" polarity="" pos="" pos_count="1" pos_origin=";debt(241.1)" speaker="ted" topic="" turn_no="241">then is when you go in debt</turn>
<turn comm_act_type="response-to" dialog_act="TASK:--Agree-Accept" end_time="11:20:46 AM" link_to="josh:240" mode="chat" polarity="" pos="" pos_count="" pos_origin="" speaker="cintihia" topic="" turn_no="242">exactly</turn>
<turn comm_act_type="addressed-to" dialog_act="TASK:Assertion-Opinion" end_time="11:21:10 AM" link_to="all-users" mode="chat" polarity="" pos=";people(3.1)-repetition-people(3.1)" pos_count="1" pos_origin=";september 11th(243.1)" speaker="ariel" topic="" turn_no="243">how about all the people who died in september 11th</turn>
<turn comm_act_type="continuation-of" dialog_act="TASK:Assertion-Opinion" end_time="11:21:20 AM" link_to="ariel:243" mode="chat" polarity="" pos=";all(3.1)-pronoun-reference-people(3.1);people(3.1)-repetition-people(3.1)" pos_count="1" pos_origin=";past 10 years(244.1)" speaker="ariel" topic="" turn_no="244">all of those people have been effected for the past 10 years</turn>
<turn comm_act_type="addressed-to" dialog_act="TASK:Assertion-Opinion" end_time="11:21:23 AM" link_to="all-users" mode="chat" polarity="neutral" pos=";war(65.1)-repetition-war(65.1)" pos_count="1" pos_origin=";prices(245.1)" speaker="ted" topic="Osama Bin Laden" turn_no="245">it seemed like the war was driving the was prices up</turn>
<turn comm_act_type="continuation-of" dialog_act="TASK:Assertion-Opinion" end_time="11:21:37 AM" link_to="ted:245" mode="chat" polarity="neutral" pos="" pos_count="3" pos_origin=";reality(246.1);speculators(246.2);wall strreet(246.3)" speaker="ted" topic="Osama Bin Laden" turn_no="246">but in reality it was the speculators in wall strreet</turn>
<turn comm_act_type="response-to" dialog_act="TASK:--Disagree-Reject" end_time="11:22:12 AM" link_to="ted:246" mode="chat" polarity="positive" pos=";war(65.1)-repetition-war(65.1)" pos_count="" pos_origin="" speaker="cintihia" topic="Osama Bin Laden" turn_no="247">ok but that was also because of the war</turn>
<turn comm_act_type="continuation-of" dialog_act="TASK:--Disagree-Reject" end_time="11:22:18 AM" link_to="cintihia:247" mode="chat" polarity="positive" pos="" pos_count="1" pos_origin=";domino effect(248.1)" speaker="cintihia" topic="Osama Bin Laden" turn_no="248">its like a domino effect</turn>
<turn comm_act_type="addressed-to" dialog_act="TASK:--Agree-Accept" end_time="11:22:24 AM" link_to="all-users" mode="chat" polarity="" pos=";deat hs(249.1);ones(3.1)-pronoun-reference-people(3.1);9 11(243.1)-repetition-september 11th(243.1)" pos_count="2" pos_origin=";deat hs(249.1)" speaker="ted" topic="" turn_no="249">i agree about the deaths, the ones who died in 9 11 and the soldiers</turn>
<turn comm_act_type="continuation-of" dialog_act="TASK:--Disagree-Reject" end_time="11:22:30 AM" link_to="cintihia:248" mode="chat" polarity="positive" pos=";they(246.2)-pronoun-reference-speculators(246.2);wall street(246.3)-repetition-wall strreet(246.3);war(65.1)-repetition-war(65.1)" pos_count="1" pos_origin=";costs(250.1)" speaker="cintihia" topic="Osama Bin Laden" turn_no="250">they were overestimating costs on wall street because of the war</turn>
<turn comm_act_type="response-to" dialog_act="TASK:--Disagree-Reject" end_time="11:22:51 AM" link_to="cintihia:250" mode="chat" polarity="" pos=";they(246.2)-pronoun-reference-speculators(246.2)" pos_count="" pos_origin="" speaker="ted" topic="" turn_no="251">they were not overstimating</turn>
<turn comm_act_type="continuation-of" dialog_act="TASK:--Disagree-Reject" end_time="11:23:08 AM" link_to="ted:251" mode="chat" polarity="" pos=";they(246.2)-pronoun-reference-speculators(246.2)" pos_count="1" pos_origin=";scheme(252.1)" speaker="ted" topic="" turn_no="252">they knew their scheme</turn>
<turn comm_act_type="continuation-of" dialog_act="TASK:--Disagree-Reject" end_time="11:23:15 AM" link_to="ted:252" mode="chat" polarity="" pos=";war(65.1)-repetition-war(65.1)" pos_count="" pos_origin="" speaker="ted" topic="" turn_no="253">and wanted us to believe it was the war</turn>
<turn comm_act_type="response-to" dialog_act="TASK:Information-Request" end_time="11:23:38 AM" link_to="ted:253" mode="chat" polarity="" pos="" pos_count="" pos_origin="" speaker="cintihia" topic="" turn_no="254">is that proven</turn>
<turn comm_act_type="response-to" dialog_act="TASK:--Response-Answer" end_time="11:23:49 AM" link_to="cintihia:254" mode="chat" polarity="" pos="" pos_count="" pos_origin="" speaker="ted" topic="" turn_no="255">yup</turn>
<turn comm_act_type="continuation-of" dialog_act="TASK:--Response-Answer" end_time="11:24:06 AM" link_to="ted:255" mode="chat" polarity="neutral" pos=";he(256.1)-pronoun-reference-obama(256.1)" pos_count="1" pos_origin=";obama(256.1)" speaker="ted" topic="Barack Obama" turn_no="256">when obama was elected and he said we will invextigate</turn>
<turn comm_act_type="continuation-of" dialog_act="TASK:--Response-Answer" end_time="11:24:14 AM" link_to="ted:256" mode="chat" polarity="" pos=";prices(245.1)-repetition-prices(245.1)" pos_count="" pos_origin="" speaker="ted" topic="" turn_no="257">the prices dropped so quickly</turn>
<turn comm_act_type="response-to" dialog_act="TASK:--Response-Answer" end_time="11:24:20 AM" link_to="cintihia:254" mode="chat" polarity="" pos=";they(246.2)-pronoun-reference-speculators(246.2)" pos_count="" pos_origin="" speaker="ted" topic="" turn_no="258">because they were about to be caught</turn>
<turn comm_act_type="continuation-of" dialog_act="TASK:Assertion-Opinion" end_time="11:24:57 AM" link_to="ted:258" mode="chat" polarity="" pos=";point(116.1)-repetition-point(116.1);sporting events(227.1)-repetition-sporting event(227.1)" pos_count="" pos_origin="" speaker="ted" topic="" turn_no="259">i did like tonys point aobut the sporting events though</turn>
<turn comm_act_type="continuation-of" dialog_act="TASK:Assertion-Opinion" end_time="11:25:16 AM" link_to="ted:259" mode="chat" polarity="" pos="" pos_count="" pos_origin="" speaker="ted" topic="" turn_no="260">that is sadly true</turn>
<turn comm_act_type="addressed-to" dialog_act="PRCS-MGMT:Information-Request" end_time="11:25:53 AM" link_to="all-users" mode="chat" polarity="neutral" pos="" pos_count="" pos_origin="" speaker="ariel" topic="Osama Bin Laden" turn_no="261">so can we now all agree</turn>
<turn comm_act_type="response-to" dialog_act="TASK:--Agree-Accept" end_time="11:25:55 AM" link_to="ted:260" mode="chat" polarity="" pos=";that(227.1)-pronoun-reference-sporting event(227.1)" pos_count="2" pos_origin=";tons(262.1);things(262.2)" speaker="josh" topic="" turn_no="262">yea there are tons of small things like that that has been a cause of bin laden</turn>
<turn comm_act_type="continuation-of" dialog_act="PRCS-MGMT:Information-Request" end_time="11:25:58 AM" link_to="ariel:261" mode="chat" polarity="neutral" pos="" pos_count="" pos_origin="" speaker="ariel" topic="Osama Bin Laden" turn_no="263">on bin laden?</turn>
<turn comm_act_type="response-to" dialog_act="TASK:--Response-Answer" end_time="11:26:48 AM" link_to="ariel:263" mode="chat" polarity="positive" pos="" pos_count="" pos_origin="" speaker="josh" topic="Osama Bin Laden" turn_no="264">im all in for bin laden</turn>
<turn comm_act_type="response-to" dialog_act="TASK:--Response-Answer" end_time="11:26:52 AM" link_to="ariel:263" mode="chat" polarity="positive" pos="" pos_count="" pos_origin="" speaker="cintihia" topic="Osama Bin Laden" turn_no="265">im voting for bin</turn>
<turn comm_act_type="response-to" dialog_act="TASK:--Response-Answer" end_time="11:27:30 AM" link_to="ariel:263" mode="chat" polarity="positive" pos=";second(136.1)-pronoun-reference-second choice(136.1);#1(196.1)-repetition-#1(196.1);google guys(49.1)-repetition-google guys(49.1)" pos_count="" pos_origin="" speaker="ted" topic="Larry Page and Sergey Brin" turn_no="266">he is still my second, sorry or at least shares #1 with google guys</turn>
<turn comm_act_type="addressed-to" dialog_act="PRCS-MGMT:Information-Request" end_time="11:29:48 AM" link_to="ariel" mode="chat" polarity="" pos="" pos_count="" pos_origin="" speaker="cintihia" topic="" turn_no="267">ok ariel and u?</turn>
<turn comm_act_type="response-to" dialog_act="TASK:--Response-Answer" end_time="11:30:04 AM" link_to="cintihia:267" mode="chat" polarity="positive" pos="" pos_count="" pos_origin="" speaker="ariel" topic="Osama Bin Laden" turn_no="268">im votingfor bin laden</turn>
<turn comm_act_type="response-to" dialog_act="TASK:--Response-Answer" end_time="11:30:19 AM" link_to="cintihia:267" mode="chat" polarity="positive" pos="" pos_count="" pos_origin="" speaker="josh" topic="Osama Bin Laden" turn_no="269">me to</turn>
<turn comm_act_type="addressed-to" dialog_act="PRCS-MGMT:Assertion-Opinion" end_time="11:30:33 AM" link_to="all-users" mode="chat" polarity="" pos=";time(43.2)-repetition-time(43.2)" pos_count="" pos_origin="" speaker="ariel" topic="" turn_no="270">ok well time is up</turn>
<turn comm_act_type="addressed-to" dialog_act="TASK:Assertion-Opinion" end_time="11:30:33 AM" link_to="all-users" mode="chat" polarity="positive" pos="" pos_count="" pos_origin="" speaker="cintihia" topic="Osama Bin Laden" turn_no="271">looks like laden wins 3:1</turn>
<turn comm_act_type="response-to" dialog_act="PRCS-MGMT:Confirmation-Request" end_time="11:30:47 AM" link_to="cintihia:271" mode="chat" polarity="" pos=";consensus(11.3)-repetition-consensus(11.3)" pos_count="" pos_origin="" speaker="ariel" topic="" turn_no="272">yeah but doesnt it have to be a consensus?</turn>
<turn comm_act_type="response-to" dialog_act="PRCS-MGMT:Assertion-Opinion" end_time="11:31:24 AM" link_to="ariel:272" mode="chat" polarity="" pos="" pos_count="" pos_origin="" speaker="ted" topic="" turn_no="273">we tried but did not achieve. it is ok though</turn>
<turn comm_act_type="addressed-to" dialog_act="PRCS-MGMT:Assertion-Opinion" end_time="11:32:32 AM" link_to="all-users" mode="chat" polarity="" pos="" pos_count="1" pos_origin=";majority(274.1)" speaker="moderator" topic="" turn_no="274">Hi guys, it is ok. I will allow majority rules this one time. :-)</turn>
<turn comm_act_type="continuation-of" dialog_act="PRCS-MGMT:Assertion-Opinion" end_time="11:32:45 AM" link_to="moderator:274" mode="chat" polarity="" pos="" pos_count="" pos_origin="" speaker="moderator" topic="" turn_no="275">Just want to remind you to fill out the survey when you leave.</turn>
<turn comm_act_type="response-to" dialog_act="COMM-MGMT:Acknowledge" end_time="11:32:49 AM" link_to="moderator:275" mode="chat" polarity="" pos="" pos_count="" pos_origin="" speaker="ariel" topic="" turn_no="276">ok</turn>
<turn comm_act_type="addressed-to" dialog_act="COMM-MGMT:Other-Conventional-Phrase" end_time="11:32:53 AM" link_to="all-users" mode="chat" polarity="" pos="" pos_count="" pos_origin="" speaker="moderator" topic="" turn_no="277">link</turn>
<turn comm_act_type="addressed-to" dialog_act="COMM-MGMT:Information-Request" end_time="11:33:01 AM" link_to="all-users" mode="chat" polarity="" pos="" pos_count="" pos_origin="" speaker="cintihia" topic="" turn_no="278">when will we be receiving checks?</turn>
<turn comm_act_type="addressed-to" dialog_act="COMM-MGMT:--Response-Answer" end_time="11:33:09 AM" link_to="all-users" mode="chat" polarity="" pos="" pos_count="" pos_origin="" speaker="moderator" topic="" turn_no="279">Thanks all, I will send out a closing email tomorrow.</turn>
<turn comm_act_type="response-to" dialog_act="COMM-MGMT:Acknowledge" end_time="11:33:20 AM" link_to="moderator:279" mode="chat" polarity="" pos="" pos_count="" pos_origin="" speaker="cintihia" topic="" turn_no="280">perfect</turn>
<turn comm_act_type="addressed-to" dialog_act="COMM-MGMT:Conventional-Closing" end_time="11:33:45 AM" link_to="all-users" mode="chat" polarity="" pos="" pos_count="" pos_origin="" speaker="moderator" topic="" turn_no="281">Enjoy the rest of your weekend!</turn>
<turn comm_act_type="addressed-to" dialog_act="COMM-MGMT:Conventional-Closing" end_time="11:35:12 AM" link_to="all-users" mode="chat" polarity="" pos="" pos_count="" pos_origin="" speaker="cintihia" topic="" turn_no="282">bye guys</turn>
<turn comm_act_type="addressed-to" dialog_act="COMM-MGMT:Conventional-Closing" end_time="11:35:19 AM" link_to="all-users" mode="chat" polarity="" pos="" pos_count="" pos_origin="" speaker="ariel" topic="" turn_no="283">bye</turn>
</Dialogue>
